Taxa,snp001,snp002,snp003,snp004,snp005,snp006,snp007,snp008,snp009,snp010,snp011,snp012,snp013,snp014,snp015,snp016,snp017,snp018,snp019,snp020,snp021,snp022,snp023,snp024,snp025,snp026,snp027,snp028,snp029,snp030,snp031,snp032,snp033,snp034,snp035,snp036,snp037,snp038,snp039,snp040,snp041,snp042,snp043,snp044,snp045,snp046,snp047,snp048,snp049,snp050,snp051,snp052,snp053,snp054,snp055,snp056,snp057,snp058,snp059,snp060,snp061,snp062,snp063,snp064,snp065,snp066,snp067,snp068,snp069,snp070,snp071,snp072,snp073,snp074,snp075,snp076,snp077,snp078,snp079,snp080,snp081,snp082,snp083,snp084,snp085,snp086,snp087,snp088,snp089,snp090,snp091,snp092,snp093,snp094,snp095,snp096,snp097,snp098,snp099,snp100,snp101,snp102,snp103,snp104,snp105,snp106,snp107,snp108,snp109,snp110,snp111,snp112,snp113,snp114,snp115,snp116,snp117,snp118,snp119,snp120,snp121,snp122,snp123,snp124,snp125,snp126,snp127,snp128,snp129,snp130,snp131,snp132,snp133,snp134,snp135,snp136,snp137,snp138,snp139,snp140,snp141,snp142,snp143,snp144,snp145,snp146,snp147,snp148,snp149,snp150,snp151,snp152,snp153,snp154,snp155,snp156,snp157,snp158,snp159,snp160,snp161,snp162,snp163,snp164,snp165,snp166,snp167,snp168,snp169,snp170,snp171,snp172,snp173,snp174,snp175,snp176,snp177,snp178,snp179,snp180,snp181,snp182,snp183,snp184,snp185,snp186,snp187,snp188,snp189,snp190,snp191,snp192,snp193,snp194,snp195,snp196,snp197,snp198,snp199,snp200,snp201,snp202,snp203,snp204,snp205,snp206,snp207,snp208,snp209,snp210,snp211,snp212,snp213,snp214,snp215,snp216,snp217,snp218,snp219,snp220,snp221,snp222,snp223,snp224,snp225,snp226,snp227,snp228,snp229,snp230,snp231,snp232,snp233,snp234,snp235,snp236,snp237,snp238,snp239,snp240,snp241,snp242,snp243,snp244,snp245,snp246,snp247,snp248,snp249,snp250,snp251,snp252,snp253,snp254,snp255,snp256,snp257,snp258,snp259,snp260,snp261,snp262,snp263,snp264,snp265,snp266,snp267,snp268,snp269,snp270,snp271,snp272,snp273,snp274,snp275,snp276,snp277,snp278,snp279,snp280,snp281,snp282,snp283,snp284,snp285,snp286,snp287,snp288,snp289,snp290,snp291,snp292,snp293,snp294,snp295,snp296,snp297,snp298,snp299,snp300,snp301,snp302,snp303,snp304,snp305,snp306,snp307,snp308,snp309,snp310,snp311,snp312,snp313,snp314,snp315,snp316,snp317,snp318,snp319,snp320,snp321,snp322,snp323,snp324,snp325,snp326,snp327,snp328,snp329,snp330,snp331,snp332,snp333,snp334,snp335,snp336,snp337,snp338,snp339,snp340,snp341,snp342,snp343,snp344,snp345,snp346,snp347,snp348,snp349,snp350,snp351,snp352,snp353,snp354,snp355,snp356,snp357,snp358,snp359,snp360,snp361,snp362,snp363,snp364,snp365,snp366,snp367,snp368,snp369,snp370,snp371,snp372,snp373,snp374,snp375,snp376,snp377,snp378,snp379,snp380,snp381,snp382,snp383,snp384,snp385,snp386,snp387,snp388,snp389,snp390,snp391,snp392,snp393,snp394,snp395,snp396,snp397,snp398,snp399,snp400,snp401,snp402,snp403,snp404,snp405,snp406,snp407,snp408,snp409,snp410,snp411,snp412,snp413,snp414,snp415,snp416,snp417,snp418,snp419,snp420,snp421,snp422,snp423,snp424,snp425,snp426,snp427,snp428,snp429,snp430,snp431,snp432,snp433,snp434,snp435,snp436,snp437,snp438,snp439,snp440,snp441,snp442,snp443,snp444,snp445,snp446,snp447,snp448,snp449,snp450,snp451,snp452,snp453,snp454,snp455,snp456,snp457,snp458,snp459,snp460,snp461,snp462,snp463,snp464,snp465,snp466,snp467,snp468,snp469,snp470,snp471,snp472,snp473,snp474,snp475,snp476,snp477,snp478,snp479,snp480,snp481,snp482,snp483,snp484,snp485,snp486,snp487,snp488,snp489,snp490,snp491,snp492,snp493,snp494,snp495,snp496,snp497,snp498,snp499,snp500
L001,1,2,1,1,0,1,2,0,0,1,0,1,1,0,1,2,1,2,0,2,0,2,0,1,0,0,0,1,1,1,2,0,2,2,1,1,2,0,0,0,2,0,0,0,0,1,0,1,2,1,0,1,1,2,0,0,0,0,0,1,1,1,0,1,0,0,1,0,0,0,0,2,1,2,1,0,0,1,0,0,2,1,1,2,0,1,2,0,1,0,0,0,0,0,0,2,1,1,1,0,1,1,0,0,2,0,1,0,0,2,1,1,1,0,0,0,0,0,0,1,0,1,0,1,0,0,0,0,0,0,2,2,0,0,0,0,0,2,1,0,0,1,2,2,0,0,2,1,0,0,0,1,1,0,1,0,1,1,1,0,0,0,1,0,1,0,2,1,0,1,0,2,0,1,0,0,0,2,0,2,0,0,1,0,0,1,2,0,1,1,2,0,0,1,1,0,2,0,1,2,0,1,0,1,2,1,0,2,2,0,0,0,2,0,1,0,2,1,1,0,0,0,1,1,2,1,1,1,1,0,0,1,0,0,0,2,0,1,0,0,0,1,2,2,0,0,0,0,0,0,1,1,0,0,0,0,1,1,0,0,2,0,0,2,1,1,0,0,0,0,1,0,0,2,0,0,0,1,0,2,0,1,0,1,2,1,0,0,0,2,0,1,0,1,1,1,0,0,1,0,0,0,0,0,0,2,1,1,0,0,1,0,0,0,0,1,2,0,0,1,0,1,1,0,1,1,0,0,1,2,1,1,0,0,1,0,0,1,0,0,1,0,0,0,1,1,2,0,0,0,0,0,0,0,1,2,0,0,1,2,1,0,0,1,0,0,1,1,0,0,0,0,1,0,1,1,0,0,0,1,0,0,0,0,0,0,0,0,1,1,0,0,1,0,0,2,0,2,0,0,0,2,0,0,0,0,0,0,1,2,0,1,0,0,0,0,1,1,0,2,0,1,0,0,0,0,1,0,1,0,1,0,2,1,1,0,0,0,0,1,1,1,1,1,0,0,0,0,2,0,1,1,0,2,0,0,0,2,0,0,0,0,0,1,0,0,1,0,0,1,0,2,0,0,0,0,0,1,0,1,1,1,1,1,0,1,0,1,0,1,1,2,0,0,0,0,1,0,0,0
L002,1,0,1,0,0,1,0,2,1,1,0,0,1,2,0,1,1,2,0,0,0,1,0,0,0,0,1,0,0,0,2,0,1,1,1,1,1,1,0,0,0,0,1,0,2,0,0,1,0,0,1,2,1,0,0,0,0,0,0,2,2,0,0,0,1,0,1,1,1,1,0,0,0,1,0,1,0,1,1,1,0,1,1,1,0,0,1,0,0,0,1,0,1,0,0,1,0,0,1,0,0,0,0,0,0,0,0,0,0,1,2,0,0,1,0,0,0,0,1,0,0,2,1,0,2,0,0,0,1,1,0,0,0,0,1,1,2,0,1,1,0,2,0,0,0,0,1,1,0,1,1,0,1,1,0,0,0,1,1,1,0,1,1,2,1,0,2,1,1,1,1,0,0,2,0,1,1,1,0,1,0,1,1,0,0,1,0,1,2,0,1,1,1,0,0,0,0,0,2,0,1,0,1,0,0,2,0,0,0,1,0,0,0,1,2,0,1,0,1,0,1,0,0,1,0,0,2,1,0,1,0,1,0,0,0,0,0,1,0,1,1,1,1,1,2,0,0,0,1,0,0,1,0,0,1,1,1,1,1,1,0,1,2,1,1,2,0,1,0,0,1,0,0,0,0,0,0,0,0,0,0,0,0,1,1,1,0,0,1,0,2,0,0,2,0,2,1,0,0,1,0,0,1,2,0,1,0,0,1,0,0,0,1,0,2,0,1,1,0,0,0,0,0,0,0,1,0,1,1,1,0,2,0,2,0,1,0,2,1,1,0,1,0,1,0,0,1,0,2,2,2,1,0,0,0,1,0,0,1,0,1,0,1,2,1,0,0,1,0,2,0,0,0,1,0,0,2,0,0,0,1,0,0,0,0,0,0,1,1,1,0,0,1,1,0,0,0,0,1,0,1,1,0,0,0,2,1,0,1,1,1,2,0,0,0,0,0,0,0,1,0,0,0,0,0,0,0,1,0,0,0,0,1,0,0,0,0,0,0,0,0,0,0,0,0,1,2,0,0,0,1,0,1,0,0,1,1,0,0,1,1,0,0,1,1,0,2,1,0,1,0,1,0,0,0,1,0,1,0,1,1,0,1,1,0,0,1,0,1,1,0,0,0,1,0,2,1,2,0,1
L003,1,0,0,1,0,0,1,1,0,0,1,0,0,0,0,1,2,1,0,0,0,0,0,1,0,0,1,1,1,2,0,0,1,2,0,0,1,1,1,1,1,0,1,0,0,1,0,1,2,1,0,1,1,0,0,1,0,1,0,0,0,0,0,0,0,1,0,0,2,1,0,1,0,0,0,1,0,2,1,0,2,1,0,0,0,0,2,0,0,0,0,0,2,2,0,1,1,1,0,0,0,0,0,2,2,1,0,1,0,0,1,1,2,0,1,0,0,1,0,1,0,1,0,0,1,0,1,0,2,2,0,1,0,0,1,2,1,2,1,1,0,0,1,2,0,0,1,1,0,0,0,1,1,1,0,0,2,0,2,1,0,1,1,1,0,0,1,0,0,1,0,0,1,1,2,1,0,2,2,0,1,2,2,0,0,1,0,0,0,1,2,1,0,1,0,0,1,1,2,0,1,1,0,1,2,1,0,1,0,0,1,0,2,1,0,1,0,2,1,0,0,1,0,0,0,1,2,1,1,1,0,0,0,0,2,2,0,0,0,0,1,0,1,1,0,0,2,0,0,1,0,1,1,1,1,1,1,1,1,1,1,0,2,1,1,0,1,0,0,0,1,0,0,1,0,1,0,0,0,1,0,1,0,1,2,1,2,0,1,2,1,1,0,1,1,0,0,1,0,0,0,0,1,0,0,1,1,1,1,1,1,0,0,0,0,1,1,0,1,1,0,0,1,1,0,1,1,1,1,2,0,2,1,1,0,2,1,1,0,2,0,2,0,0,0,1,1,2,0,2,0,1,0,0,1,0,0,1,0,2,1,0,0,0,0,0,2,0,0,0,0,0,1,0,0,2,1,0,0,0,0,1,0,0,1,0,1,0,2,1,1,0,1,0,0,1,0,2,0,1,1,1,1,0,0,2,0,1,1,0,0,1,0,0,2,1,1,2,0,1,0,1,0,1,0,0,1,0,2,0,2,1,1,1,0,0,1,0,1,0,1,1,0,1,0,0,1,0,1,2,2,0,1,1,0,1,1,1,0,2,1,0,0,1,1,0,0,0,0,0,1,2,0,1,0,0,0,0,1,1,2,0,0,1,0,1,0,1,0,0,1,0,0,1,0,0,2,1,0,0
L004,0,0,1,0,1,0,1,0,1,0,1,0,0,2,1,1,2,2,0,1,0,0,0,0,1,0,0,0,0,1,1,2,2,1,1,2,0,1,1,0,2,0,0,0,1,0,1,2,2,0,0,0,0,0,0,0,0,1,1,1,1,0,0,0,0,0,2,0,0,0,0,2,0,1,0,1,0,0,0,0,2,0,0,1,0,1,2,0,0,1,2,2,1,0,0,0,1,1,1,1,0,1,0,1,0,0,2,1,0,2,1,1,0,0,2,0,2,0,1,1,1,1,0,0,1,0,0,0,1,0,0,0,1,2,0,0,1,1,0,1,0,0,1,0,0,0,0,1,0,0,2,1,0,0,2,0,0,0,1,0,0,1,0,0,0,0,1,1,0,0,0,1,0,2,0,0,1,1,0,1,0,0,1,0,0,1,1,0,0,1,0,2,1,0,0,0,1,1,0,2,0,1,2,1,1,0,0,2,0,2,2,1,1,1,2,1,1,0,2,0,0,1,0,1,0,0,1,2,0,0,0,1,1,0,0,1,0,2,1,0,1,1,0,0,1,0,0,1,0,1,1,1,2,0,0,0,0,0,0,1,2,0,1,1,0,2,0,0,0,0,0,0,0,1,0,1,0,1,0,2,0,0,0,1,1,2,1,0,1,0,0,0,0,0,1,0,1,1,1,0,1,0,0,0,2,2,1,2,2,1,1,1,1,0,0,0,0,0,2,0,0,1,0,0,2,2,0,0,0,1,0,1,0,0,0,1,1,1,0,2,1,1,0,0,0,2,1,1,2,0,1,0,1,0,1,1,1,0,1,1,2,0,1,1,0,0,1,0,0,2,1,0,1,0,1,2,2,0,1,0,0,0,1,0,0,0,1,1,1,0,0,0,0,1,0,0,1,1,0,1,2,1,0,0,0,0,0,1,1,1,1,2,0,0,2,0,0,0,0,0,0,1,0,1,0,0,0,0,1,1,0,0,1,0,0,1,0,1,1,0,0,0,1,0,1,0,1,0,1,1,0,0,0,1,0,0,0,1,0,1,1,0,1,1,1,0,2,1,0,0,0,1,1,0,0,1,1,0,0,2,0,1,0,2,0,0,0,1,0,0,0,1,0,1,0,0,0,1,0,1
L005,1,1,1,1,1,0,1,1,1,0,2,1,0,0,0,0,2,0,0,0,0,1,0,0,2,0,2,0,1,1,1,0,0,1,1,1,0,1,0,1,1,1,0,1,1,1,0,1,2,1,0,0,1,0,0,2,1,1,0,0,0,0,0,0,0,0,2,0,0,2,0,0,1,1,2,1,0,1,1,2,2,0,0,1,0,0,1,0,0,0,0,0,0,1,0,0,1,1,1,1,1,0,0,0,2,1,0,1,0,1,0,1,0,0,0,0,1,0,0,1,1,1,0,0,1,0,0,0,0,1,2,0,0,1,0,0,1,1,0,1,0,1,0,0,1,1,2,2,0,1,0,1,0,0,1,0,0,0,1,2,0,1,0,0,0,0,1,0,1,0,0,1,0,0,0,1,1,1,2,0,0,0,1,0,0,0,1,1,1,1,0,2,0,0,1,0,2,1,2,0,2,0,0,0,0,1,0,0,1,0,2,0,0,0,1,1,1,1,0,0,0,0,0,2,0,1,1,0,0,1,0,0,0,0,1,2,1,0,0,1,2,0,1,1,0,0,1,0,0,0,0,0,1,0,0,1,1,2,1,1,0,0,2,1,0,1,0,1,0,1,1,0,0,2,0,0,0,1,0,0,0,0,0,0,0,0,0,0,0,2,0,1,1,1,1,0,0,1,1,0,1,0,2,0,0,2,1,1,0,0,0,0,0,0,0,0,0,0,1,0,0,0,0,0,1,0,1,1,0,2,0,0,0,1,1,0,0,0,0,0,1,1,0,0,0,1,2,1,1,1,0,1,0,0,1,0,0,0,0,1,1,0,0,0,1,0,0,1,0,0,0,0,2,0,0,2,1,0,0,0,0,1,0,0,1,1,2,1,1,2,0,0,0,0,0,0,1,2,0,1,1,0,1,0,1,0,0,0,1,0,1,1,0,1,0,1,0,1,0,0,0,2,1,0,0,0,0,2,1,0,1,0,0,1,0,0,0,2,1,0,1,0,0,0,0,0,1,0,1,1,1,1,1,0,0,0,1,0,1,1,2,0,1,1,1,0,1,0,1,1,0,1,1,1,0,1,1,2,2,1,1,1,0,2,0,1,0,1,0,0,0,1,0,1,0,1,0,0,0,0
L006,2,1,1,0,0,0,1,1,1,0,1,0,1,0,0,2,0,0,0,0,0,1,0,1,1,0,2,0,1,0,1,1,2,1,2,1,1,0,1,0,1,0,0,0,0,0,0,0,1,1,0,0,0,1,0,1,0,1,1,1,1,0,0,0,0,1,1,0,0,2,1,0,1,0,1,2,0,1,0,1,0,1,1,1,0,0,1,0,1,0,1,0,0,0,0,0,0,0,0,0,0,1,0,0,0,1,2,1,0,0,1,1,0,0,2,0,1,0,1,0,0,1,0,0,2,0,0,0,1,1,1,2,1,0,0,1,0,1,0,0,0,1,1,0,0,0,0,0,1,0,1,0,0,1,1,0,0,2,0,1,0,1,2,0,1,0,1,2,0,0,0,1,0,0,0,1,0,0,1,0,0,0,2,0,0,1,1,0,0,1,0,1,0,1,0,0,1,0,2,0,1,0,0,0,2,1,1,1,0,1,1,0,0,0,0,1,0,0,0,0,0,0,0,2,1,1,2,0,0,0,0,0,0,1,1,1,0,1,0,0,1,0,1,2,2,0,0,0,0,0,1,1,2,0,0,1,0,1,0,0,0,0,0,0,1,1,0,0,2,0,1,0,1,1,0,0,0,1,1,1,0,0,0,0,1,0,1,0,0,0,0,1,0,1,1,2,0,0,1,1,1,0,1,1,0,0,1,1,0,1,1,0,1,1,1,2,1,0,0,0,0,2,1,1,1,0,0,0,1,0,2,1,0,2,1,0,0,0,0,2,0,1,0,1,1,1,1,0,1,0,0,1,1,0,0,2,0,0,0,1,0,0,0,0,0,0,0,1,0,0,0,0,0,1,0,0,1,0,1,0,0,0,0,0,1,1,1,0,0,2,0,0,1,0,0,0,1,2,0,1,2,0,1,1,0,1,1,2,0,1,1,2,0,0,1,0,0,0,0,2,0,0,1,0,0,0,1,0,0,0,0,2,2,0,0,1,0,0,0,0,0,1,1,1,0,0,1,0,0,0,0,1,1,0,2,0,0,0,0,1,1,0,1,1,1,0,0,2,0,0,1,2,0,0,0,0,0,1,0,0,1,0,1,2,0,0,0,2,0,0,1,0,0,0,1,0,1,0,0,0
L007,0,0,2,0,0,0,1,0,2,1,0,0,1,0,0,1,2,2,1,0,0,2,0,0,0,0,1,0,0,2,1,1,0,1,0,1,1,0,0,2,1,1,1,0,1,1,0,2,2,0,0,0,0,0,0,0,1,1,1,0,0,1,0,0,0,0,0,2,1,2,1,1,2,1,1,1,0,1,0,0,0,0,2,1,0,1,1,0,0,1,1,0,0,0,0,1,2,0,1,0,0,0,0,0,1,1,2,2,0,2,2,1,1,0,0,1,1,1,0,2,0,2,1,0,1,0,0,0,2,1,0,0,0,0,2,2,0,1,0,2,0,1,1,1,0,1,0,0,0,0,1,1,1,0,0,0,0,1,0,2,1,1,1,1,1,0,1,1,0,2,0,1,0,1,0,1,1,2,0,1,1,0,1,0,0,0,2,0,1,0,0,1,0,1,1,0,1,0,0,2,2,0,1,1,1,2,0,1,1,0,1,0,2,0,0,2,0,0,1,1,0,0,0,1,0,0,1,1,0,1,0,0,0,0,1,0,1,0,1,0,0,0,2,2,0,0,1,0,1,1,0,1,2,0,0,0,1,0,1,0,1,0,1,1,1,2,0,1,0,1,1,0,0,2,0,0,0,1,1,0,0,1,0,1,1,0,1,0,1,2,0,0,1,2,2,2,0,0,1,1,0,0,1,0,0,1,0,0,1,0,2,0,1,0,1,1,0,1,1,1,0,1,1,1,0,2,0,1,1,1,1,0,0,1,1,0,1,0,0,0,0,1,0,0,0,2,1,0,0,1,1,0,0,0,0,1,0,1,1,1,1,1,0,1,1,1,0,2,0,0,0,0,1,0,0,0,0,0,0,0,1,2,0,0,0,0,1,0,1,0,0,0,0,0,0,2,1,1,1,1,2,1,0,2,0,0,1,1,1,0,1,1,0,0,0,1,1,1,0,0,0,0,0,0,0,0,0,0,1,0,1,0,1,0,0,0,1,1,2,0,0,1,1,1,0,0,1,0,0,2,0,1,1,0,1,0,1,0,0,1,1,1,1,1,0,1,1,0,0,1,0,0,0,0,0,1,0,1,0,1,1,1,0,0,0,0,2,1,0,0,2,0,0,0,2,0,0,2,0,1
L008,0,1,1,0,0,0,0,0,0,0,0,1,0,1,0,1,0,1,0,1,1,2,0,1,0,0,2,0,1,0,1,0,0,1,0,1,1,0,0,1,2,1,1,0,1,0,0,0,1,0,1,0,1,1,0,0,1,0,0,0,0,0,0,1,0,0,1,0,2,1,0,1,0,0,1,1,0,2,2,2,0,1,0,0,0,0,1,0,0,1,1,0,1,0,0,1,0,0,1,0,0,0,1,1,1,0,1,1,1,1,0,0,2,0,0,0,1,0,0,0,0,1,1,0,2,0,2,0,1,1,1,1,0,1,1,1,0,1,1,1,1,1,1,0,0,0,1,1,0,0,1,0,0,0,0,0,1,0,0,1,0,0,1,1,0,0,0,0,0,0,1,2,0,1,0,2,2,2,0,1,0,0,1,0,1,1,0,1,1,2,1,0,0,1,1,0,0,1,2,1,0,2,0,1,1,1,2,0,1,0,1,0,2,0,1,1,0,1,2,0,1,1,0,1,0,0,0,2,0,0,0,0,0,0,0,1,0,1,0,0,0,1,2,2,2,0,0,0,0,1,1,0,2,0,1,1,0,1,2,1,1,0,1,1,1,0,1,0,0,0,0,0,0,0,0,0,0,2,0,1,1,2,0,2,1,1,2,1,0,1,0,2,0,0,0,1,1,1,1,1,1,1,0,0,1,1,2,1,0,1,0,0,0,0,0,0,0,0,0,0,0,1,0,1,0,1,1,1,2,1,1,1,0,0,0,1,1,0,2,0,2,1,1,0,0,1,2,2,1,1,0,1,1,0,0,0,0,0,2,2,1,0,0,1,1,2,1,1,0,1,0,0,2,2,1,1,1,0,0,0,2,1,0,0,0,0,1,1,1,2,0,0,0,0,1,0,0,0,0,1,0,1,1,1,0,0,1,1,1,0,0,1,0,0,1,0,1,2,0,0,0,1,0,0,0,1,0,0,1,0,1,0,1,1,0,1,0,0,1,0,0,0,1,0,0,0,2,1,0,1,0,0,1,0,0,1,0,0,0,2,2,0,0,1,1,1,1,0,1,0,0,0,1,0,1,0,1,1,0,0,1,0,2,2,0,0,0,1,1,0,1,1,0,0,0,1,2,1,0,0
L009,2,0,2,1,1,0,0,0,0,1,1,0,2,0,0,1,1,1,1,1,0,1,0,0,2,1,2,1,1,1,1,0,1,1,1,0,0,1,0,0,0,0,0,0,0,0,1,0,1,0,0,1,1,1,2,0,1,0,0,0,0,1,0,1,1,0,1,0,1,1,0,1,0,2,1,2,0,0,0,2,1,0,1,0,1,0,2,0,1,2,1,0,0,0,1,1,1,0,1,0,0,0,0,2,0,1,1,0,0,0,1,1,1,1,0,0,1,0,0,1,0,1,0,0,1,0,1,0,1,1,1,0,0,0,1,0,1,1,0,1,1,0,0,0,0,0,0,1,0,0,0,1,1,1,1,0,0,0,2,2,1,1,0,1,0,0,0,0,0,0,0,0,0,0,1,0,2,1,2,0,0,0,0,0,0,2,0,1,0,1,0,0,0,1,1,0,0,0,1,1,0,1,1,1,2,1,0,0,2,0,1,0,1,0,2,1,1,1,0,0,0,0,0,0,0,1,0,0,1,0,1,1,0,0,1,1,0,2,1,0,1,1,1,0,0,0,1,0,0,1,0,1,0,0,0,1,0,1,1,2,1,0,0,1,0,1,0,0,2,0,0,0,0,1,0,2,0,2,0,0,0,1,1,1,0,1,2,0,1,0,0,1,1,1,1,0,0,1,1,1,0,0,0,0,0,0,1,2,0,0,2,0,0,1,1,0,0,0,0,0,0,0,0,0,0,2,0,1,0,1,0,1,0,1,0,0,0,0,1,1,1,0,1,0,0,1,1,1,0,1,2,1,0,0,2,1,1,1,1,1,0,0,1,0,0,0,0,2,0,0,0,0,1,0,1,1,2,0,0,0,0,1,0,0,0,0,0,0,1,1,0,0,0,2,0,0,1,1,0,1,2,1,1,0,1,1,0,0,1,0,0,1,0,0,0,0,0,0,0,1,1,1,0,0,1,0,0,0,0,1,1,0,1,0,1,0,0,0,0,1,0,0,1,2,0,0,1,1,2,2,2,1,0,0,0,0,1,0,1,2,1,1,0,1,0,0,1,0,0,0,0,1,1,0,0,0,1,2,1,2,0,0,0,0,0,1,0,1,0,0,0,0,0,1,2,1,2,1,0,0
L010,1,0,1,1,0,0,1,1,0,1,0,1,1,0,0,1,1,2,0,1,0,0,1,0,0,0,1,1,0,1,1,0,0,0,0,0,0,0,0,1,1,0,2,1,2,1,0,2,2,1,0,1,1,0,0,1,0,1,1,0,0,1,0,0,0,0,1,0,0,0,0,1,0,1,1,1,1,0,1,2,1,0,0,2,0,1,1,0,0,1,1,0,1,0,1,1,1,0,0,1,0,0,0,1,0,0,1,1,0,0,0,2,0,0,1,1,0,0,0,0,0,2,0,1,1,0,0,0,0,1,1,2,0,1,0,0,0,1,0,1,2,0,0,0,0,0,0,2,0,0,1,0,1,1,0,1,0,1,2,0,1,2,1,0,1,0,0,1,0,1,0,1,1,1,0,1,0,1,1,1,1,1,1,0,0,1,0,0,0,2,0,1,0,0,0,0,0,0,1,0,0,1,0,0,1,1,0,0,0,0,1,0,1,0,0,1,2,1,0,0,0,2,0,1,1,1,0,0,1,0,0,0,0,0,1,2,0,1,1,1,0,0,1,1,1,0,1,0,0,0,1,1,1,2,1,1,2,1,2,0,0,0,1,1,0,2,1,0,1,0,0,0,1,2,0,1,0,0,0,1,0,1,0,1,2,0,1,0,2,1,1,1,2,0,2,0,0,0,0,1,2,0,1,0,0,1,2,2,0,0,1,0,0,0,1,0,1,0,1,1,1,0,0,0,0,1,0,2,0,0,0,0,0,0,0,0,0,0,0,0,1,0,0,1,1,1,2,0,2,1,2,0,1,2,1,1,1,2,0,1,0,0,0,1,0,0,1,1,0,0,0,0,0,1,2,0,2,0,0,1,0,0,0,0,0,0,0,0,0,0,1,0,1,0,0,0,1,2,0,1,2,1,1,0,1,0,1,0,1,0,1,1,0,0,1,0,0,0,0,1,0,1,0,0,0,0,1,0,1,1,1,1,0,1,0,0,0,0,1,1,0,0,0,0,0,1,1,0,0,1,0,2,1,0,0,2,0,1,0,1,1,0,0,1,0,0,1,2,0,0,2,0,0,0,0,0,0,1,0,1,2,1,0,0,0,1,0,1,1,0,1,0,0,1,1,1,1,1,1,1
L011,2,1,0,0,0,0,0,1,2,1,1,2,1,2,1,2,0,2,0,0,0,2,0,2,0,0,2,0,0,0,1,0,1,2,0,1,1,1,1,1,1,1,2,0,1,0,0,0,1,0,1,0,0,0,0,2,2,0,0,1,0,0,0,0,1,0,2,1,1,0,0,1,0,1,1,0,1,0,1,1,1,0,1,1,0,0,0,1,2,0,1,1,1,1,1,0,1,0,1,1,2,0,0,0,0,1,1,1,0,0,2,2,0,0,0,1,1,0,0,1,0,1,0,0,2,1,0,0,1,1,1,1,0,1,2,1,1,2,1,1,1,1,0,0,0,0,1,0,0,0,2,1,0,2,1,0,0,1,0,1,1,1,0,1,0,0,1,2,1,1,0,1,0,1,0,0,1,2,1,1,1,1,1,0,1,1,0,2,1,1,1,1,0,1,0,0,0,1,0,2,0,1,0,1,2,1,1,1,2,1,2,0,1,1,2,1,2,1,2,0,0,1,1,2,1,1,0,0,0,0,0,0,0,0,1,1,1,0,1,0,0,1,0,0,0,0,2,0,0,0,0,1,1,0,1,0,2,0,0,2,1,0,1,1,1,1,0,0,0,0,1,0,0,0,0,0,0,2,0,0,0,0,0,0,0,0,0,1,2,0,0,0,1,1,1,1,0,0,0,0,0,0,1,0,0,0,2,1,0,0,1,1,0,1,0,1,0,1,0,0,0,0,0,0,1,0,0,0,0,0,1,0,0,1,1,0,1,2,1,0,0,1,1,0,0,2,2,1,1,0,2,2,1,0,1,1,1,0,0,1,1,0,0,0,0,0,0,1,1,0,0,1,2,1,1,1,1,1,0,0,0,1,0,0,1,0,1,0,2,1,1,0,0,0,0,1,0,1,0,1,1,0,0,0,0,1,0,1,1,0,1,2,0,0,1,1,0,0,0,2,0,0,0,0,0,0,0,0,0,0,2,0,0,1,1,0,0,0,0,1,1,0,0,2,1,0,1,0,0,2,1,1,1,0,0,0,1,0,0,1,1,0,0,0,0,0,2,0,0,0,0,1,0,0,0,1,0,1,1,1,1,0,1,1,0,2,1,1,1,2,0,1,0,0,0,2,0,1,0,0
L012,0,0,1,1,0,1,1,1,0,0,1,2,2,0,1,0,1,1,0,0,0,1,0,1,0,0,0,0,0,2,1,0,0,0,0,2,0,0,0,1,1,0,0,0,1,1,0,1,1,0,0,1,0,0,0,1,1,0,1,1,0,0,1,1,0,1,0,0,1,0,1,0,0,0,2,0,0,1,1,2,1,0,2,2,0,1,2,0,0,1,1,0,1,1,2,1,1,1,0,1,0,0,1,1,1,1,1,0,2,1,1,1,0,0,1,1,2,1,0,2,0,2,0,0,1,2,0,1,2,1,1,0,0,1,2,0,1,1,1,1,0,1,0,0,0,0,2,2,0,0,1,0,0,1,0,0,0,0,1,1,0,0,0,0,0,0,1,2,0,0,1,2,0,0,1,2,0,0,1,1,0,0,2,0,0,1,0,1,2,1,0,1,1,0,0,0,2,1,1,2,0,1,0,0,1,1,2,1,1,0,2,1,1,1,1,0,1,0,0,0,0,1,0,1,1,0,0,0,1,0,1,1,1,0,0,0,0,1,1,0,0,1,0,0,0,0,2,2,0,1,1,1,0,1,1,0,1,1,1,1,0,0,1,0,0,0,2,1,1,0,1,0,1,1,0,1,0,0,2,0,1,1,1,0,1,1,1,0,0,1,0,1,0,0,2,1,0,0,0,0,0,0,0,1,0,1,1,0,1,1,1,0,0,0,1,1,0,0,0,1,0,1,0,0,1,1,0,0,0,0,0,0,0,1,0,0,1,2,1,0,1,2,0,0,0,1,0,1,0,0,1,0,0,0,2,1,0,1,1,1,1,0,1,1,0,0,0,0,0,0,0,0,2,0,1,0,2,1,1,0,0,1,0,0,0,0,1,1,0,1,1,0,0,0,0,0,0,1,0,0,1,0,1,0,2,1,0,0,0,0,0,1,0,0,0,0,0,2,0,1,1,0,0,0,0,0,0,0,1,0,0,0,0,0,1,0,1,1,0,0,0,0,1,2,0,0,2,0,0,2,1,0,1,0,0,0,1,0,0,1,0,0,0,1,0,0,1,1,0,1,2,1,0,0,0,0,0,0,1,1,1,0,1,2,0,0,0,0,1,0,1,0,0,1,0,1,0,2,0,0
L013,0,1,0,1,0,0,0,0,1,2,2,0,1,0,1,1,0,2,0,0,0,0,0,1,1,1,1,1,1,1,1,0,0,1,0,0,1,1,1,1,1,0,2,0,0,0,0,0,1,1,0,1,1,2,0,0,0,2,0,1,0,1,0,0,1,0,0,0,0,0,0,1,1,1,1,0,0,0,1,1,0,0,0,1,1,0,2,0,1,0,0,0,1,2,0,0,0,0,1,1,0,1,0,1,2,0,0,0,0,1,0,1,0,0,0,0,0,0,1,2,0,2,1,0,0,0,0,2,1,2,1,1,1,1,0,0,1,2,1,2,0,0,0,0,0,1,1,2,0,0,1,0,0,2,1,0,0,1,1,1,0,0,0,1,0,0,2,0,1,1,1,0,0,0,0,1,2,2,0,1,0,0,2,1,2,1,0,1,0,2,0,1,0,1,0,0,1,0,0,1,0,1,1,2,1,1,1,0,0,1,0,1,0,0,1,1,0,0,0,1,0,1,0,1,0,2,0,1,1,2,0,0,1,0,1,2,0,1,1,0,0,0,0,0,0,0,2,0,0,0,0,1,1,0,1,0,1,2,0,1,0,0,1,1,0,2,1,1,1,1,2,0,1,2,0,0,0,1,1,0,0,0,1,1,2,0,1,1,0,1,0,2,1,1,2,0,0,2,0,0,2,0,1,0,0,0,1,1,1,0,0,1,0,0,0,0,0,0,1,1,1,1,0,1,0,0,0,0,0,2,0,1,0,0,0,0,0,0,0,1,2,1,0,1,1,0,0,1,0,2,0,1,2,0,0,1,1,0,1,1,1,1,0,1,0,0,0,0,0,1,0,0,1,1,1,2,2,1,0,0,2,0,0,0,0,1,0,0,2,1,1,1,1,0,0,1,0,1,0,0,1,2,0,0,1,2,0,0,0,0,0,2,0,0,2,1,0,1,0,1,0,0,0,1,0,1,2,0,0,0,1,2,0,0,0,0,0,1,1,0,0,2,1,0,0,0,1,1,0,1,1,2,1,0,0,0,0,2,0,0,1,0,1,1,0,1,2,1,0,0,0,0,1,0,0,0,0,0,0,1,0,0,0,0,0,0,1,1,1,1,1,0,0,0,2,2,0,2,0,0
L014,2,2,1,1,1,0,1,0,1,1,1,0,1,2,1,1,0,2,0,0,0,1,0,0,2,0,1,1,2,0,0,1,1,2,1,2,1,0,1,0,1,0,1,0,2,1,0,1,0,0,1,0,0,1,0,0,1,0,1,0,0,1,1,1,0,1,0,0,0,0,0,0,0,1,1,1,0,0,1,1,1,0,0,0,0,0,0,0,0,0,0,1,0,2,1,1,1,1,0,0,0,1,0,1,1,0,2,1,1,1,1,1,0,0,0,1,0,0,0,1,0,0,0,1,1,0,0,1,1,0,1,1,1,1,0,1,0,0,0,2,0,0,1,0,0,0,1,2,1,0,0,0,1,0,1,0,0,2,1,1,0,0,0,1,0,0,1,1,0,0,0,0,0,0,0,1,1,0,0,1,0,0,0,0,1,1,0,1,2,0,0,2,0,0,0,0,0,0,1,1,0,1,1,2,2,1,0,0,0,0,1,0,1,0,1,0,1,0,0,0,1,0,0,2,0,1,1,1,2,0,0,1,0,0,1,1,1,1,0,1,2,0,1,0,2,0,1,0,1,1,0,0,0,1,0,0,2,1,0,0,1,0,0,0,0,0,1,2,2,0,1,0,0,1,0,0,0,1,1,1,0,0,1,0,2,0,1,0,2,2,0,1,0,0,1,0,0,1,0,0,0,1,2,0,0,2,1,1,0,0,1,0,0,0,1,0,0,0,1,0,0,1,1,0,1,1,0,0,1,2,0,1,0,0,0,0,0,0,1,1,1,1,0,0,0,0,2,0,0,1,0,1,0,0,0,2,0,0,0,0,0,1,1,1,0,0,0,0,1,0,0,0,1,0,2,0,1,1,1,0,0,0,0,0,1,1,0,2,1,1,0,0,0,0,0,1,1,2,0,0,2,0,0,0,1,1,0,2,1,0,1,1,0,0,0,1,0,1,0,0,0,1,1,0,0,1,0,0,1,0,2,0,1,1,1,1,0,0,1,0,2,2,0,0,0,0,0,0,0,2,1,0,0,0,0,1,0,0,1,2,2,0,0,0,0,1,1,1,0,0,1,1,0,0,0,0,0,1,0,0,1,1,1,2,0,0,0,2,0,1,0,1,0,0,1,0,1,1,0,2
L015,2,2,0,1,1,0,1,0,1,1,0,0,1,1,1,1,2,0,1,0,0,0,0,0,0,1,1,0,0,1,0,1,0,0,1,1,0,1,0,2,1,0,0,0,0,0,0,0,1,1,0,2,0,0,0,0,1,0,0,0,0,1,0,0,1,1,1,0,1,1,0,1,0,1,1,2,1,0,1,1,0,1,1,0,0,0,0,1,0,1,0,0,2,0,1,1,1,0,1,0,0,0,0,0,1,2,1,1,1,2,1,0,1,0,0,0,1,0,1,1,0,1,0,0,2,1,1,1,0,0,1,1,0,1,1,1,0,2,0,2,1,0,1,0,0,0,1,0,0,0,1,0,0,1,1,0,1,0,0,2,1,2,0,2,1,0,1,0,1,0,1,0,1,1,0,1,1,0,0,2,1,0,1,0,1,1,1,0,1,0,0,0,0,0,0,0,2,1,1,0,1,1,0,0,1,0,1,0,1,1,2,0,2,0,1,0,1,1,1,0,0,1,0,2,1,1,0,2,1,0,0,0,0,1,0,0,1,0,0,1,2,0,2,0,2,0,2,0,0,2,0,1,1,0,1,0,0,1,0,0,2,0,0,2,2,0,0,0,1,1,0,1,0,0,0,1,0,2,0,1,1,1,1,1,0,1,0,0,0,0,1,0,1,0,2,1,1,0,1,1,0,0,0,0,0,0,1,0,1,0,2,0,0,0,1,1,2,0,1,0,0,1,1,1,1,2,1,1,1,1,0,2,1,2,1,2,0,0,0,1,2,2,0,1,1,1,0,1,0,0,0,1,1,0,2,1,0,0,1,2,1,0,1,1,1,0,2,2,2,0,0,0,1,0,0,1,1,0,1,0,0,0,0,0,0,0,0,2,1,1,0,0,0,0,0,1,0,1,0,2,2,0,1,0,1,0,0,1,1,1,0,0,0,0,0,0,0,1,1,1,1,1,0,1,0,0,1,0,2,2,2,1,0,1,0,0,0,0,1,0,1,1,0,0,0,0,1,0,1,2,0,0,0,1,0,0,2,0,0,2,1,0,0,1,0,0,1,0,0,0,0,1,0,0,0,1,0,0,0,2,0,0,1,1,0,0,0,0,1,0,2,1,1,0,2,0,2,1,1,1
L016,1,0,0,1,2,0,0,0,1,0,1,2,0,1,0,1,1,0,0,1,0,1,1,0,0,0,2,0,1,1,1,0,0,1,0,1,2,1,0,1,2,1,0,0,1,0,0,1,0,1,0,0,0,1,0,2,1,1,1,0,1,0,0,0,0,0,0,0,1,0,0,1,0,0,1,1,0,1,2,0,2,0,0,0,0,1,0,0,0,0,0,0,0,0,2,1,2,0,1,0,1,0,0,1,0,1,1,2,0,0,0,1,1,0,0,0,1,0,0,2,0,1,1,0,2,0,0,0,0,0,0,0,0,0,1,1,0,2,2,2,1,2,0,0,0,0,0,1,1,0,1,0,0,1,0,0,0,1,1,1,1,1,1,0,0,0,0,1,0,0,0,1,0,0,0,0,1,2,1,0,0,0,1,0,0,0,1,0,1,1,1,1,0,0,0,0,1,0,1,0,1,1,0,1,1,1,1,1,0,2,2,0,1,0,0,1,2,0,0,1,1,0,0,0,0,0,1,0,2,0,0,1,0,1,0,0,0,0,0,0,1,0,2,2,1,0,1,0,0,0,0,1,0,0,1,0,1,1,1,0,2,1,1,0,2,1,0,2,1,1,1,0,1,1,0,1,0,2,0,0,0,1,0,0,2,0,0,0,1,1,1,1,1,2,1,0,0,0,1,1,0,1,0,0,0,1,0,2,0,0,0,0,2,0,1,1,0,0,1,1,1,0,0,0,2,1,0,0,0,1,1,0,0,2,0,0,0,0,1,0,1,0,0,0,0,2,1,0,1,0,0,2,1,0,1,0,0,1,2,1,1,0,0,1,2,0,1,1,1,0,0,0,1,1,2,1,2,1,0,0,0,1,0,0,0,0,0,0,1,1,0,0,0,0,0,0,1,0,0,0,1,1,1,0,1,0,1,0,0,0,0,0,0,0,1,0,0,0,0,0,0,1,0,0,1,0,0,0,0,0,1,0,1,0,0,0,0,0,1,0,1,0,0,0,0,1,0,1,1,1,1,1,0,1,1,2,0,1,0,2,1,0,0,0,0,1,1,1,0,0,1,1,0,0,0,0,0,1,0,2,1,0,0,1,0,0,0,1,1,1,0,1,0,0,1,1,1,1,0,1
L017,0,2,1,0,1,1,1,1,1,1,1,1,1,0,1,1,1,0,0,0,0,1,0,1,1,0,1,0,0,0,1,0,1,0,1,1,2,1,0,0,2,0,2,0,0,1,1,0,2,1,1,0,0,0,0,0,1,0,1,0,0,1,0,1,0,1,0,0,0,2,0,2,0,0,1,1,0,1,2,0,1,1,2,0,0,0,1,0,0,0,1,0,0,0,0,2,1,0,0,0,0,0,0,0,1,1,1,1,0,0,0,1,1,0,0,0,1,0,0,0,0,0,1,1,1,1,0,1,0,1,2,0,0,0,0,1,0,1,0,1,1,0,1,0,0,0,2,1,0,0,1,0,2,2,2,0,0,0,2,2,0,1,0,2,1,0,1,1,2,1,0,1,0,1,0,0,0,1,1,0,0,0,0,0,0,0,2,0,0,1,0,0,0,1,1,0,0,0,0,0,1,0,1,0,2,1,1,1,0,0,1,0,2,0,2,1,2,1,1,0,0,1,0,0,0,1,0,1,0,1,0,0,0,1,1,0,1,0,0,0,2,0,0,1,1,1,2,1,0,0,1,1,1,1,1,0,1,2,1,1,1,1,1,1,0,2,0,1,0,1,1,1,0,1,0,1,0,1,1,2,0,1,1,1,1,0,1,0,1,0,1,1,1,1,0,0,0,1,1,1,1,0,0,0,1,1,0,1,1,0,1,0,0,0,1,0,1,0,0,1,0,0,0,0,0,1,1,0,0,1,0,2,0,1,1,0,0,2,0,1,1,0,0,1,0,1,1,0,1,1,0,1,0,1,2,0,0,0,2,1,0,0,1,1,1,1,1,0,0,0,1,1,2,0,1,0,1,0,0,0,0,1,0,0,0,1,0,0,0,2,0,0,0,0,0,0,0,2,0,1,0,2,1,0,1,0,0,1,2,1,1,1,0,0,1,0,0,0,0,1,0,0,0,0,2,1,0,0,0,0,1,0,0,0,2,0,0,0,2,0,1,0,0,1,1,1,0,0,0,1,1,2,0,0,1,0,0,0,1,1,1,0,0,0,1,0,1,0,0,1,1,2,0,0,0,0,0,1,1,0,1,0,1,1,1,1,0,1,0,0,1,0,0,1,1,1,1,0,0,0
L018,0,1,1,1,0,0,0,1,1,1,2,1,2,0,2,1,1,0,0,0,1,0,0,1,0,0,1,0,0,2,0,0,2,1,1,2,0,2,1,0,2,0,0,1,2,0,1,0,1,0,0,1,0,1,0,1,1,0,0,1,1,0,0,0,0,1,1,0,0,0,0,1,0,1,0,1,0,1,1,1,0,0,0,2,0,0,0,1,0,0,1,0,0,1,1,1,1,1,0,0,0,0,0,1,2,0,1,2,0,1,0,2,2,0,1,1,0,0,0,1,1,1,0,0,1,0,0,1,0,1,2,0,0,0,1,1,0,2,1,0,2,2,2,1,1,0,0,1,0,0,0,0,0,1,0,0,0,1,1,0,0,2,0,0,1,1,0,1,0,0,1,1,1,1,0,1,1,1,0,2,0,0,0,0,0,1,0,1,0,1,0,1,0,1,1,1,1,2,0,1,1,2,1,1,0,1,0,2,2,1,0,1,1,0,1,0,1,0,1,0,0,0,0,1,0,0,0,1,0,0,0,0,0,0,2,1,0,0,0,1,1,0,2,1,2,0,1,0,1,0,0,2,0,0,1,0,1,2,1,1,2,0,0,1,1,0,2,1,1,2,1,1,1,1,0,1,0,1,0,0,0,1,0,1,1,1,0,0,0,0,0,1,1,0,0,0,0,0,0,0,0,0,0,0,2,0,1,1,1,0,1,0,0,0,0,0,0,0,2,2,0,1,0,0,1,0,0,2,2,0,0,1,0,2,0,1,1,0,1,2,1,2,0,0,0,1,1,1,1,1,0,0,0,0,1,0,0,1,1,0,2,1,0,1,1,0,1,0,1,0,2,0,1,1,1,0,1,0,1,1,1,1,0,0,0,0,0,1,0,1,1,0,0,0,0,0,0,2,0,1,0,1,1,0,0,0,1,0,0,0,1,1,1,0,0,1,0,1,0,1,0,0,0,0,0,0,0,0,1,0,1,0,0,0,0,1,0,2,1,0,0,1,0,0,0,0,0,0,0,1,0,0,0,1,0,0,0,1,0,0,1,0,0,2,0,0,1,0,0,0,0,1,1,0,1,0,0,2,2,1,0,0,2,1,1,0,1,0,0,0,2,0,0,0,1,0,0,2,0,0
L019,0,0,2,1,0,0,1,0,1,0,2,0,0,0,0,1,0,1,0,2,1,0,1,0,0,0,2,0,2,0,1,0,2,1,0,1,0,0,1,1,2,0,0,1,1,0,0,1,0,0,0,0,1,0,0,0,0,1,2,1,1,1,0,0,0,0,0,0,2,1,0,2,0,0,0,0,0,0,2,0,1,1,0,1,0,1,0,1,0,0,0,1,1,0,0,1,1,0,0,0,1,1,0,1,1,0,1,0,0,1,1,0,1,0,0,0,0,1,1,1,0,0,1,0,1,0,1,0,0,1,1,0,1,0,1,2,2,1,1,1,2,1,1,0,0,0,2,1,1,1,2,0,0,0,0,0,0,2,0,1,1,0,0,2,0,0,0,0,0,1,0,0,1,2,0,0,1,2,1,1,0,0,0,0,1,1,1,0,0,0,1,1,0,0,1,0,0,0,0,1,0,1,0,1,1,1,1,2,1,0,1,0,0,1,0,0,1,0,0,0,1,0,1,0,0,0,0,0,1,1,0,0,0,0,1,2,0,1,0,0,1,1,2,0,1,0,1,1,0,0,1,2,0,0,2,0,1,0,0,0,1,0,0,0,0,2,0,1,0,0,0,0,0,0,0,0,1,2,1,0,0,1,0,0,1,0,0,0,1,1,0,2,1,0,1,0,0,0,1,1,0,1,0,0,0,1,0,1,0,1,0,0,1,0,0,0,1,0,0,0,0,1,1,0,0,1,0,1,0,1,0,0,1,0,0,1,2,0,1,2,1,1,0,1,0,1,1,1,1,1,2,1,0,0,1,2,1,0,0,0,1,1,1,1,0,1,1,1,1,0,0,0,1,1,1,0,0,1,0,0,0,1,0,0,0,0,1,1,1,0,0,0,1,0,0,0,1,0,0,0,1,1,1,0,2,1,0,1,0,1,0,1,0,0,2,0,0,1,0,1,0,1,0,0,0,0,0,1,1,1,2,0,1,1,0,0,0,0,1,0,1,0,1,0,0,1,0,0,0,1,0,0,0,0,0,0,1,1,0,1,0,0,0,1,0,1,2,0,0,0,2,0,1,0,0,1,0,0,1,1,1,0,1,1,0,0,0,2,1,0,1,0,0,0,0,0,1,1,0,1
L020,2,2,1,0,0,0,0,0,0,2,2,0,1,0,0,1,1,0,0,1,0,0,1,2,2,0,1,0,0,1,0,0,1,0,0,1,1,0,0,0,1,2,2,0,2,0,0,0,0,1,0,0,0,0,0,0,2,0,2,2,0,0,1,0,0,2,0,0,0,0,0,0,0,0,0,0,0,2,0,2,1,0,0,0,0,0,2,0,1,1,1,0,1,1,2,1,1,0,0,0,0,0,1,1,0,1,1,0,1,2,1,0,2,1,2,0,1,0,0,0,0,0,0,0,1,0,0,0,2,1,1,1,1,2,0,1,0,2,1,1,1,0,1,1,0,0,1,0,0,0,1,1,1,1,0,0,0,0,0,2,0,1,1,1,0,1,0,0,0,1,0,0,0,0,0,1,1,1,2,1,2,0,0,1,0,1,1,0,2,2,1,1,1,0,0,0,0,0,2,0,1,2,2,2,1,1,0,1,1,1,2,0,2,0,0,0,0,0,1,1,1,0,1,2,2,0,2,1,0,0,0,1,1,0,1,2,0,1,0,2,0,0,1,0,1,0,2,0,1,0,0,2,1,1,2,1,1,2,2,0,1,0,0,1,2,1,2,2,0,1,1,0,0,1,1,0,0,2,1,1,0,1,1,2,1,1,1,1,1,1,1,1,1,0,1,0,0,1,0,0,0,0,1,1,0,1,2,1,0,1,2,0,0,1,0,1,0,0,0,1,0,1,0,0,0,1,0,0,0,1,1,2,0,2,0,0,1,0,1,1,1,2,0,1,0,2,1,1,0,1,0,0,1,0,1,1,0,1,1,1,1,0,0,1,1,0,2,2,0,0,0,0,0,0,2,0,0,0,0,0,0,1,0,0,0,1,1,1,1,0,0,0,0,0,0,1,0,0,0,1,1,1,1,0,2,2,0,1,1,0,0,1,0,0,0,0,0,0,1,2,0,0,0,0,0,0,0,0,0,0,1,0,1,0,1,0,0,1,1,0,1,0,0,1,1,0,0,0,0,1,1,0,0,0,0,0,0,1,0,1,1,0,0,1,0,0,1,0,0,1,0,1,0,0,0,0,0,1,0,1,0,1,2,0,0,1,0,1,0,1,1,1,1,1,1,0,1,1,0,0
L021,0,1,2,0,1,0,0,0,1,0,1,0,0,0,0,2,2,0,0,0,0,1,0,0,1,0,0,0,0,2,0,1,1,2,0,1,1,1,1,0,1,1,2,0,1,1,0,0,1,0,0,2,0,0,0,0,0,1,0,2,0,1,0,0,1,1,1,0,1,2,1,1,1,0,0,1,0,2,0,0,2,0,0,0,1,1,0,1,0,1,1,1,0,0,0,2,0,0,2,0,1,2,0,0,0,1,2,1,2,2,2,2,1,0,0,0,2,0,1,1,0,2,0,0,2,1,1,2,1,2,0,2,0,1,0,1,0,1,0,1,0,0,0,0,0,0,0,0,0,0,1,0,0,1,2,0,1,1,2,0,0,0,2,1,0,0,0,1,1,0,1,0,1,1,1,1,0,2,0,0,0,0,0,0,1,1,1,1,0,1,1,2,1,0,0,0,1,1,1,2,2,2,1,1,1,0,1,2,2,0,1,0,0,0,1,0,0,0,1,1,0,0,1,1,0,1,2,1,0,1,1,0,1,0,0,1,0,1,0,0,0,1,0,1,1,0,1,2,0,0,1,1,0,0,1,1,0,1,2,1,2,0,1,0,0,1,1,0,1,1,0,0,1,2,0,1,0,1,0,0,0,0,1,1,1,1,1,0,1,1,0,1,0,2,0,1,1,0,0,0,2,0,0,0,0,1,2,1,1,0,1,0,0,0,1,1,2,2,1,0,1,0,1,0,1,2,0,0,0,0,0,1,0,1,0,0,0,1,0,0,2,1,0,0,0,0,1,0,2,0,2,0,1,0,2,1,1,0,1,0,0,1,1,1,1,0,1,2,0,0,2,1,1,2,1,0,1,1,0,0,0,2,0,0,1,1,0,1,0,0,1,0,0,1,0,0,0,0,0,0,1,0,0,0,1,0,0,0,1,1,0,0,0,0,1,0,0,2,1,1,0,0,1,0,0,1,0,0,0,0,1,0,0,1,0,1,0,2,2,0,0,0,1,2,0,0,1,1,2,2,0,1,1,1,1,1,1,0,0,0,1,1,0,1,0,0,1,1,0,0,0,1,0,0,0,0,1,0,1,0,1,1,0,1,0,2,0,1,1,1,0,2,0,1,2,1,0,1,0,0
L022,0,2,1,1,0,0,1,1,1,1,1,2,1,0,0,1,0,1,0,0,1,0,0,0,1,1,2,0,1,0,1,0,1,0,1,1,1,1,0,0,1,1,0,0,1,0,0,1,1,0,0,1,0,0,0,1,1,2,0,1,0,0,0,0,1,0,0,1,0,2,0,2,0,0,2,2,1,1,0,0,1,1,1,0,0,0,1,0,0,0,1,0,1,1,1,0,1,0,0,1,1,0,0,1,2,0,1,1,0,2,2,0,1,0,1,0,1,0,0,1,0,1,1,0,1,0,0,0,0,0,1,2,1,1,0,2,0,0,0,0,1,1,0,1,0,0,2,1,0,0,2,1,1,1,1,0,0,1,1,1,0,1,1,2,0,1,2,1,1,1,1,2,0,1,0,1,0,0,0,2,0,0,2,0,0,0,1,2,0,2,1,1,0,2,1,0,1,0,2,1,1,1,1,1,0,1,0,0,1,0,2,1,0,0,2,0,2,0,0,0,1,1,0,1,1,0,1,0,0,1,0,0,0,0,0,1,0,0,0,1,0,0,0,1,1,1,0,0,1,1,0,1,1,1,0,0,1,0,1,1,1,0,1,0,0,2,0,2,1,0,1,0,0,2,0,2,0,2,1,1,1,0,0,2,0,0,1,1,1,0,0,1,1,2,0,0,0,0,0,0,0,0,0,0,1,1,1,1,0,1,1,0,1,1,0,1,0,1,0,0,1,0,0,0,1,1,0,2,0,0,1,2,0,1,0,1,0,0,1,1,1,1,0,0,0,1,1,2,2,1,1,1,1,0,0,0,0,0,0,0,1,2,1,0,0,0,1,1,0,0,0,0,0,0,1,1,1,1,0,0,0,1,0,0,1,1,1,0,2,0,1,0,0,0,1,0,2,1,0,0,1,0,0,0,1,1,0,1,1,1,1,1,0,0,2,0,1,0,0,1,0,0,0,0,0,1,1,0,1,0,2,2,1,1,1,0,0,0,1,1,1,0,0,0,1,0,0,0,0,1,1,1,0,1,1,1,0,0,0,0,0,0,0,2,0,1,1,0,0,0,0,2,1,0,2,0,0,1,0,1,1,0,1,0,1,1,0,0,1,0,1,0,0,0,1,0,0,1,1,0
L023,1,1,2,0,0,0,0,0,1,1,0,0,0,2,0,1,1,1,0,0,0,2,0,1,1,1,1,0,1,2,1,0,1,1,1,1,1,1,0,0,2,0,0,0,1,1,0,0,0,0,0,2,0,0,0,2,1,2,1,2,1,0,0,0,0,0,1,1,2,0,0,1,0,1,0,1,1,1,0,1,1,0,1,1,0,0,1,1,0,1,1,1,1,0,0,1,1,0,0,0,0,0,0,1,1,1,1,1,0,0,1,1,1,0,1,0,1,2,1,2,0,1,0,1,0,1,1,1,2,1,1,0,0,2,0,1,1,0,0,0,1,0,1,1,0,0,1,2,0,0,1,0,1,1,0,1,0,0,1,0,1,0,1,1,0,1,0,1,0,0,1,0,0,0,0,1,0,1,2,1,0,0,1,0,0,0,0,1,1,1,1,1,0,0,1,0,2,0,2,0,1,2,2,1,1,1,0,1,2,1,1,0,1,0,0,0,0,0,1,0,1,0,0,1,0,1,0,0,1,0,0,0,0,0,0,2,0,1,0,0,1,0,1,1,1,0,1,1,0,1,1,1,0,1,1,1,1,0,0,1,0,1,1,1,0,1,0,2,1,0,1,0,0,1,0,0,0,1,0,1,0,0,0,1,1,0,1,1,0,0,0,1,1,0,2,0,1,0,1,1,0,1,1,1,0,0,0,1,0,1,1,0,0,1,0,1,1,0,0,1,1,0,0,0,1,0,0,0,1,2,0,1,0,1,0,0,1,1,0,1,1,0,0,0,0,1,0,2,1,1,0,1,1,0,0,2,0,0,0,1,0,1,0,1,0,0,1,1,0,0,1,0,1,0,2,1,1,0,0,0,0,0,2,0,0,0,0,1,0,0,0,1,0,1,1,0,0,2,0,0,1,1,0,0,2,1,0,0,0,1,1,0,0,0,1,0,0,0,1,2,0,0,0,0,0,0,0,1,0,0,2,0,1,0,0,1,1,0,0,1,1,0,1,0,0,1,1,0,0,1,1,1,0,0,1,1,1,0,0,0,1,0,0,1,0,1,2,0,0,0,0,0,0,0,0,0,1,0,0,1,0,0,1,1,0,1,0,1,1,1,0,0,0,0,1,1,1,1,0,0
L024,0,1,1,1,0,0,0,0,0,1,1,1,1,0,0,0,0,1,0,2,0,1,0,1,0,0,2,0,0,1,1,2,0,1,1,1,0,0,0,1,2,1,1,0,1,0,0,2,1,1,1,2,0,1,0,1,0,0,0,0,0,0,0,1,0,0,0,0,0,0,0,1,1,1,1,1,0,0,0,1,1,0,0,2,0,0,1,0,1,0,0,0,1,2,1,0,1,0,0,0,0,0,1,1,1,0,1,2,1,1,2,0,1,0,0,0,2,2,0,0,0,0,1,0,1,1,0,1,1,1,1,1,1,1,1,1,0,0,1,1,0,1,1,0,0,0,2,1,1,0,1,0,0,0,2,0,0,1,1,1,1,2,0,2,2,0,0,1,0,0,1,1,0,0,0,1,1,2,1,1,0,0,2,0,0,0,1,0,0,2,1,0,0,0,0,0,1,1,1,1,0,1,1,0,1,2,1,1,1,0,0,0,2,0,2,1,1,0,0,0,0,0,0,0,2,2,0,0,2,1,0,1,0,0,0,0,0,0,0,0,1,1,1,2,0,0,1,1,0,0,0,1,1,0,2,1,1,2,1,1,1,0,2,1,1,1,0,1,1,0,1,0,0,1,0,1,0,1,1,1,1,1,1,1,2,0,0,1,1,1,1,0,1,1,0,1,0,1,1,1,0,0,0,0,0,2,1,0,1,0,0,0,0,0,0,1,0,0,0,0,1,0,0,1,0,0,0,1,0,2,0,1,0,1,0,0,1,1,0,1,0,0,1,0,1,0,1,0,0,1,1,0,1,0,1,1,0,0,1,1,1,1,2,0,1,0,0,1,0,1,0,0,0,0,0,0,1,0,0,0,0,1,1,0,1,1,0,0,1,1,0,0,1,0,1,2,1,1,0,1,1,0,2,0,1,1,0,0,0,1,1,1,0,0,0,0,0,1,1,0,0,0,1,0,1,0,0,1,2,0,1,0,1,0,0,1,0,1,0,0,0,1,1,0,0,1,1,0,0,1,1,1,0,0,0,0,0,0,0,2,2,1,1,0,0,0,1,0,0,0,1,2,1,0,0,0,1,0,0,2,0,1,1,1,0,1,1,0,0,1,1,1,1,0,0,1,0,1,0,0
L025,1,2,0,0,0,1,0,0,0,0,1,2,2,1,0,0,1,0,0,1,1,0,0,0,0,0,2,0,0,2,1,0,1,2,2,1,1,1,0,2,1,1,1,0,0,1,0,2,2,0,0,1,1,0,0,2,1,0,0,1,0,0,1,0,1,1,0,0,2,1,1,0,0,0,1,1,0,1,1,0,0,0,1,1,0,0,2,0,1,0,0,0,1,0,0,0,0,0,1,1,0,0,0,0,1,1,1,2,0,1,2,0,0,0,0,0,1,1,0,1,0,0,1,0,0,2,0,1,1,0,1,1,0,1,0,0,0,0,1,0,0,1,0,0,0,0,0,1,0,0,1,1,0,1,0,0,0,1,0,2,0,0,0,1,0,0,0,0,2,0,1,0,0,0,2,2,0,1,1,2,1,2,1,0,2,1,1,0,1,1,1,0,0,0,1,0,1,0,2,2,1,1,0,1,2,0,1,1,1,1,1,0,2,0,1,2,2,1,1,1,0,0,0,1,0,2,0,0,0,0,0,0,0,0,1,0,0,1,0,0,1,0,0,0,0,0,0,1,0,0,0,1,1,0,2,0,1,0,2,1,0,0,1,0,1,0,1,1,0,0,1,0,0,0,0,0,0,1,0,1,0,0,2,1,1,0,1,0,1,1,1,0,1,1,0,0,1,0,1,1,1,0,0,1,0,2,0,0,1,0,1,0,0,1,0,1,0,0,1,1,0,0,0,0,1,0,1,0,0,2,0,0,0,0,0,0,0,1,1,1,1,2,0,0,1,0,1,1,1,0,2,1,0,0,1,1,0,0,1,1,1,0,1,1,0,1,2,1,0,0,0,1,0,0,2,1,1,1,0,0,0,1,0,0,1,0,0,0,1,2,0,0,0,0,0,1,1,2,0,0,2,0,2,0,0,2,1,1,0,1,0,1,0,0,0,1,0,2,0,1,0,1,0,1,1,0,0,1,1,0,2,0,1,0,2,0,0,1,0,0,0,1,0,0,0,0,1,0,1,1,1,1,0,0,0,0,0,1,1,1,1,2,0,0,0,0,2,0,0,0,0,1,1,0,0,0,0,1,0,0,0,1,0,1,1,0,1,1,1,0,0,0,0,0,0,0,0,2,0,0
L026,2,0,0,2,1,1,0,1,0,1,0,1,0,1,0,1,2,1,0,1,0,0,1,0,0,0,0,0,0,1,1,2,1,1,0,1,0,1,0,0,1,0,0,0,0,1,0,2,1,0,0,1,0,0,0,0,0,0,1,1,1,0,0,1,1,1,1,0,1,1,0,2,0,0,1,2,0,0,1,1,1,1,0,1,0,0,1,1,0,1,0,1,1,1,0,1,0,1,1,0,0,1,0,0,2,0,0,1,2,0,2,0,0,0,1,0,0,1,0,1,0,1,0,0,1,0,0,1,1,1,0,0,0,1,0,1,0,2,1,1,1,1,2,1,0,0,0,1,0,1,1,0,1,0,1,0,0,0,0,0,0,2,1,0,0,0,0,2,0,0,0,2,0,1,0,0,0,1,0,0,2,0,1,0,0,1,1,0,0,0,2,1,0,0,0,0,1,1,0,2,2,2,0,2,0,0,1,1,1,1,2,0,1,1,0,0,1,0,0,0,0,0,0,2,0,1,1,0,0,1,0,1,0,1,1,1,0,1,0,0,1,0,1,1,1,0,2,0,1,2,0,0,1,1,1,0,2,0,1,0,2,0,1,1,1,0,1,0,0,1,1,0,2,2,0,0,0,1,0,0,0,1,0,0,1,1,0,0,0,0,2,0,1,0,0,0,0,0,1,1,0,0,0,0,0,2,2,1,0,0,0,0,0,0,0,0,1,0,0,1,1,0,1,0,1,0,0,2,1,1,1,1,0,1,0,1,0,1,0,1,2,1,2,1,0,0,0,0,2,1,1,0,0,0,1,1,0,0,2,0,1,1,1,0,1,0,2,2,1,0,0,0,0,2,0,0,1,0,0,0,0,1,0,1,0,2,1,0,1,1,0,0,1,1,0,1,0,0,0,0,1,0,0,0,1,0,0,2,1,1,1,0,0,0,1,0,1,1,0,0,0,0,0,0,0,1,1,0,0,0,1,1,1,0,0,1,0,0,1,0,0,0,1,0,0,1,0,1,0,1,0,0,0,0,0,0,0,0,1,0,2,0,0,1,0,0,0,0,0,1,0,1,0,0,0,0,0,0,0,0,0,1,0,0,0,1,0,1,2,0,2,1,0,0,1,0,1,0,0,0
L027,1,0,0,1,1,0,0,0,2,0,1,0,1,0,0,1,0,0,0,1,0,1,0,1,0,0,1,0,1,2,2,0,0,0,2,2,1,1,0,0,1,0,0,0,0,0,0,0,1,0,0,2,0,0,0,1,1,1,1,1,0,0,0,1,0,1,0,1,0,1,0,0,0,1,1,2,0,0,0,0,0,0,1,0,0,1,1,1,1,1,1,0,1,0,1,1,1,0,1,0,0,0,0,1,1,1,0,0,0,2,1,1,2,0,0,0,0,1,0,0,0,0,1,0,2,0,1,1,0,0,1,0,1,1,0,1,1,0,0,0,0,0,1,1,1,0,2,1,0,0,1,1,0,1,2,0,0,1,2,1,1,2,1,0,2,0,1,2,0,0,0,1,0,1,1,0,2,0,2,1,0,1,0,0,0,1,1,2,0,0,1,0,0,0,0,0,2,0,0,1,1,0,0,1,1,2,0,1,1,0,1,0,1,0,0,0,1,0,0,1,0,2,1,1,1,1,1,1,0,1,0,0,0,0,1,0,0,1,0,0,1,0,2,0,1,0,1,0,0,0,1,1,2,0,1,0,1,1,0,1,0,0,1,1,0,1,1,2,0,0,1,0,0,0,0,0,0,1,0,0,0,0,0,1,0,1,1,0,0,1,1,1,1,1,0,0,0,1,1,1,0,0,0,1,1,0,2,0,0,0,1,0,0,0,1,1,0,0,0,0,0,2,0,0,1,0,0,0,0,2,0,1,0,0,0,0,1,0,0,2,2,0,1,0,0,0,2,1,0,1,0,1,2,0,2,0,0,1,0,1,1,1,1,2,0,1,0,1,0,0,1,0,0,0,2,2,0,1,0,1,0,0,0,0,0,0,1,1,2,0,0,0,0,0,0,1,2,2,0,1,2,1,1,0,0,0,0,1,0,0,0,2,1,0,2,0,0,1,0,2,0,1,1,0,0,1,1,0,0,0,2,0,1,0,0,1,0,0,1,0,1,0,1,1,0,1,0,2,1,0,2,1,1,0,0,0,0,0,0,2,2,0,0,1,0,0,0,0,0,1,0,2,0,0,0,0,0,1,0,1,1,0,1,1,0,1,1,1,1,0,1,0,0,0,0,0,0,0,1,0
L028,0,1,1,1,1,0,1,1,0,0,0,1,0,0,0,1,1,1,0,0,0,0,0,0,0,1,1,0,0,1,1,0,1,1,0,2,1,1,0,1,1,1,2,0,0,0,0,2,1,0,0,0,0,0,0,0,1,2,0,1,1,0,0,0,0,0,1,0,0,1,0,0,0,1,1,2,1,1,1,2,1,1,0,2,0,1,2,2,0,0,1,0,1,1,0,1,0,1,1,0,0,0,0,1,1,0,1,2,1,0,1,0,1,0,0,0,1,0,0,1,0,2,0,0,2,0,0,1,0,1,1,0,0,0,0,1,0,1,0,1,1,1,0,2,1,0,1,2,0,0,2,1,0,1,1,0,0,0,2,1,1,1,1,1,1,0,1,0,1,0,0,0,1,2,1,0,2,2,0,0,1,0,0,1,0,0,0,2,0,1,1,0,1,1,1,1,2,0,1,0,1,0,1,1,0,1,0,0,2,0,1,1,1,1,0,1,1,0,2,1,0,1,0,1,1,1,0,1,0,0,1,0,0,0,0,1,0,1,1,1,0,0,1,0,0,0,0,0,1,0,1,1,1,0,0,0,1,1,1,0,1,0,2,0,0,1,0,0,2,0,2,0,2,0,0,0,0,0,1,1,0,0,1,2,0,1,2,0,0,1,2,1,0,1,1,0,1,1,1,0,0,1,1,0,1,0,1,1,1,0,0,0,1,0,0,1,1,0,0,1,0,1,0,1,0,1,1,0,1,1,0,2,0,0,0,0,1,1,1,2,1,0,1,1,1,1,1,0,0,0,0,2,1,1,1,0,0,1,0,1,1,0,1,2,1,0,1,2,0,1,0,0,2,0,1,1,0,0,0,0,0,1,0,0,0,0,0,0,1,1,0,0,0,1,1,1,1,1,0,0,2,0,0,0,1,1,1,0,0,1,0,1,1,0,2,0,1,2,0,1,0,0,1,1,0,0,0,0,1,0,2,0,1,2,0,0,0,0,1,0,1,1,1,1,0,0,0,0,0,0,1,1,0,1,0,1,1,0,0,0,2,0,0,0,0,2,1,0,1,0,1,1,0,0,1,1,1,1,0,2,0,0,1,1,0,1,1,0,0,0,1,0,1,1,0,2,0,0,0,1
L029,1,0,2,1,0,0,0,0,0,0,0,1,2,1,0,1,1,0,0,0,0,1,0,0,0,0,0,0,0,1,1,0,1,0,1,1,1,0,0,1,1,0,0,0,0,1,0,1,2,1,0,1,0,1,0,1,1,1,1,1,0,0,1,0,1,0,1,1,0,0,0,1,0,0,1,0,0,0,0,0,1,0,1,2,0,0,1,0,1,0,0,0,1,2,0,1,0,1,0,1,1,1,0,0,0,0,2,1,1,1,0,0,0,0,0,0,0,1,0,0,0,2,0,0,1,1,1,0,0,1,1,1,0,1,0,0,1,1,0,1,0,1,0,1,0,0,0,1,0,0,2,1,0,2,1,0,0,2,0,0,0,1,1,0,0,0,2,0,0,1,1,1,0,1,0,0,1,1,0,1,0,0,0,0,0,2,0,0,0,2,1,1,0,0,0,0,1,0,1,2,1,1,0,0,0,1,1,1,1,2,0,0,0,0,0,1,1,0,1,0,0,1,0,0,0,0,0,1,1,1,0,1,0,0,0,0,0,1,0,0,1,0,0,0,0,0,2,0,0,0,0,1,1,1,1,0,2,0,0,0,0,0,1,0,0,0,2,1,0,0,1,0,0,0,0,1,0,1,1,1,0,0,0,0,2,0,1,1,0,0,0,0,1,1,0,0,0,2,0,0,0,0,0,0,1,1,0,1,2,0,2,0,0,0,1,0,1,0,1,1,0,1,0,0,0,2,1,2,2,2,1,1,1,1,1,0,1,0,1,0,1,0,0,0,1,1,1,2,1,1,1,0,1,1,0,1,0,1,1,0,2,0,0,0,0,0,0,1,0,0,0,1,0,0,0,0,2,0,1,0,0,1,1,1,0,0,1,0,0,1,0,0,1,0,0,1,0,1,0,0,2,0,0,0,1,1,1,0,0,1,0,1,0,0,1,0,1,0,1,1,0,0,0,1,1,1,2,0,0,1,2,0,0,1,0,0,0,2,2,0,2,1,0,0,0,1,1,0,2,1,2,0,0,0,1,0,0,0,0,1,2,1,0,0,0,2,1,0,0,0,0,1,2,0,1,1,0,2,0,1,0,0,1,1,0,1,1,0,0,1,1,0,0,1,1,0,2,0,0,1
L030,0,0,0,1,0,0,0,2,0,2,2,2,1,0,0,2,0,2,1,2,0,0,0,1,0,0,0,0,0,1,0,1,1,0,0,1,1,0,1,1,1,0,2,0,0,0,0,1,0,1,0,1,0,0,0,0,0,1,1,2,0,0,2,1,1,1,1,0,1,2,1,0,0,0,2,1,0,1,1,1,1,0,1,2,0,1,1,0,1,0,2,0,1,2,0,1,1,0,2,1,0,0,1,0,1,0,1,2,0,1,1,2,0,0,0,0,2,0,0,0,0,1,0,0,0,0,1,1,1,0,2,1,0,2,0,1,1,0,0,0,0,1,2,1,0,0,1,0,0,0,0,1,0,1,2,1,0,1,0,1,1,0,1,0,1,0,1,1,0,0,0,1,1,2,1,2,0,0,2,1,0,0,0,0,0,0,0,0,2,1,0,2,0,0,1,0,1,0,0,0,1,0,2,1,0,0,0,1,1,2,2,0,1,0,2,0,1,0,1,1,0,0,0,0,0,2,0,0,1,1,0,0,0,0,1,0,0,2,0,1,0,0,0,0,0,0,0,0,1,0,0,0,0,0,1,0,0,1,1,0,1,0,1,1,1,0,0,0,1,1,0,1,1,1,0,0,0,1,1,1,0,0,1,1,2,0,1,0,0,2,1,1,1,1,1,0,0,0,1,0,1,0,1,0,0,2,1,2,0,1,0,0,0,0,1,0,1,1,1,0,1,2,0,0,0,0,0,1,0,0,0,1,0,0,0,0,1,0,0,0,0,2,0,0,0,2,1,0,2,0,1,1,2,0,0,0,0,0,0,1,1,0,0,1,0,0,1,1,0,0,1,0,0,0,0,0,0,0,0,0,0,2,0,0,0,0,2,0,1,1,1,0,1,1,0,1,2,1,0,0,1,0,0,0,1,0,0,0,0,0,0,0,1,0,0,0,0,0,0,1,0,1,0,0,0,0,0,0,0,0,1,1,2,0,2,0,0,1,2,0,1,2,0,0,0,1,0,0,2,0,0,0,0,0,0,1,1,0,0,1,2,0,0,1,0,0,0,0,0,0,1,1,0,0,0,0,0,0,1,1,2,0,0,2,0,0,1,0,0,2,1,0,0,0,0,2,1,1,1,1
L031,1,1,1,0,0,1,1,0,0,0,2,1,0,0,0,1,0,1,0,0,1,0,0,1,0,0,0,0,1,1,2,0,0,1,1,0,0,1,1,1,1,1,1,0,0,0,0,1,1,0,0,0,1,1,0,0,2,0,1,1,0,0,0,0,0,0,1,1,0,1,1,0,1,0,1,1,0,1,1,1,0,1,1,1,0,1,0,1,0,0,0,0,0,0,1,0,1,1,0,0,0,0,0,1,2,1,1,1,2,1,1,0,1,1,1,0,1,0,1,1,0,0,0,0,1,0,1,2,1,0,0,1,0,1,1,0,0,2,0,0,1,1,1,0,0,0,0,0,0,0,0,1,0,1,0,1,0,2,0,2,0,1,0,1,0,0,1,0,1,0,1,0,2,1,2,1,1,1,1,1,0,0,1,0,0,0,1,0,0,1,0,0,0,0,0,0,0,0,2,0,2,0,1,1,2,0,1,1,1,2,1,0,2,1,0,1,1,0,1,1,0,1,0,1,0,1,1,0,0,0,0,0,0,0,2,0,1,1,0,1,1,0,1,2,2,0,0,0,1,1,1,1,1,0,0,0,2,1,0,0,2,0,2,0,0,0,1,1,1,1,1,0,0,1,0,1,0,2,0,1,1,0,1,1,0,0,0,0,1,1,1,0,1,1,1,0,0,1,0,1,1,0,2,0,0,1,1,2,0,1,0,0,0,1,0,0,0,0,1,1,0,0,0,1,2,0,0,1,2,2,0,1,0,1,0,0,0,0,0,1,0,0,0,0,1,0,1,0,2,1,1,0,1,0,0,1,1,0,0,0,0,0,0,1,0,0,2,0,0,2,1,0,0,1,2,2,1,0,0,0,0,1,0,0,0,0,0,0,1,2,1,0,0,1,0,2,1,1,1,1,1,0,1,0,0,1,0,0,0,0,1,1,0,0,0,2,1,2,0,0,0,1,1,1,0,1,0,0,0,0,2,0,1,0,1,0,0,0,0,0,0,0,0,0,0,0,1,0,0,0,2,0,0,1,2,0,0,0,0,2,2,1,0,0,0,0,1,0,0,0,1,1,0,0,0,0,0,0,1,2,2,0,2,0,1,1,0,0,0,1,2,0,1,0,1,0,1,2,0,1
L032,0,0,0,1,0,0,0,1,1,1,0,0,1,1,0,1,0,1,0,1,0,0,0,0,0,0,1,0,0,1,0,0,0,0,0,1,2,1,0,1,0,1,0,0,0,1,0,2,2,1,0,1,0,0,0,2,1,0,1,1,0,0,0,0,0,0,0,0,1,0,0,0,0,0,1,2,0,1,0,2,1,0,0,0,1,1,1,1,0,1,1,0,2,0,0,1,0,0,0,2,0,1,0,1,0,0,1,2,0,1,1,0,1,0,2,0,1,0,0,1,0,1,0,0,0,0,0,1,0,1,1,1,2,0,2,2,0,0,0,1,0,0,1,1,0,0,1,1,0,0,0,0,0,1,2,0,0,1,1,2,0,0,1,1,0,0,1,1,1,0,0,0,0,1,0,2,1,1,1,2,1,0,1,0,1,2,2,1,2,0,0,0,0,1,1,0,2,0,2,1,0,1,0,0,2,1,0,0,1,0,1,0,0,0,2,0,2,1,2,0,1,1,0,0,0,0,0,1,1,1,0,0,0,0,0,2,0,0,0,1,0,0,1,2,0,0,0,0,0,0,0,1,1,2,1,1,2,1,0,2,1,0,2,0,1,1,0,0,0,1,0,0,0,0,0,1,0,1,0,1,0,1,1,1,0,1,0,0,0,1,1,0,0,0,1,1,1,0,0,0,0,0,0,0,0,0,1,1,1,0,1,0,0,0,0,2,0,0,1,0,0,1,0,0,0,0,0,1,0,0,0,0,0,2,0,1,1,0,1,1,0,0,0,0,0,2,1,0,0,2,2,0,1,0,0,1,1,1,1,1,2,0,0,1,1,0,1,0,0,0,0,0,1,1,0,2,1,0,0,0,0,0,0,0,1,0,0,1,2,0,0,0,0,2,0,1,0,1,0,1,2,1,0,1,0,0,0,0,1,1,0,1,0,0,0,1,1,0,0,1,0,1,0,0,0,0,0,0,1,0,1,0,2,0,1,0,0,0,2,0,1,0,1,2,0,1,1,0,0,1,0,1,0,1,0,0,1,1,0,1,0,0,0,2,0,1,1,0,0,0,0,1,1,0,0,0,1,1,0,1,1,0,1,2,0,1,0,1,0,0,1,0,1,0,0,2,0,1,0,0
L033,1,1,1,0,0,0,1,1,0,1,2,0,1,2,1,1,0,0,0,1,1,1,0,0,1,0,1,1,2,2,2,1,1,1,0,1,0,0,1,0,0,0,1,0,0,0,0,1,0,1,1,0,0,0,0,1,1,0,2,1,0,0,1,0,2,0,1,0,2,0,0,2,0,1,1,1,0,0,0,0,2,0,0,1,0,0,1,0,0,0,1,0,0,1,1,0,0,1,0,1,1,0,0,0,1,0,0,0,1,0,2,2,0,0,0,0,1,0,1,1,0,2,0,0,2,1,0,1,2,0,1,0,0,2,0,1,1,0,0,0,0,0,0,0,0,1,1,0,0,2,1,1,1,1,0,0,0,1,0,1,1,2,0,0,0,0,1,1,1,1,0,1,0,1,1,0,1,1,1,1,0,0,0,0,0,1,0,0,1,1,2,1,1,1,1,0,1,1,1,0,0,1,0,2,1,0,0,0,2,1,0,1,1,0,1,0,1,0,0,1,0,0,0,1,2,0,0,0,2,0,0,1,0,0,1,1,0,1,0,1,2,1,1,0,1,0,0,0,0,0,0,1,1,0,0,1,2,0,0,1,1,0,2,0,0,0,1,1,0,0,1,1,1,0,0,0,0,1,0,0,0,1,1,2,0,1,2,0,0,0,2,0,2,1,0,0,1,1,0,0,1,0,1,0,0,1,2,2,0,0,1,1,0,0,0,2,0,0,1,1,0,1,0,0,1,0,0,1,0,1,0,0,0,2,0,1,1,0,0,1,2,0,0,0,0,1,1,1,0,1,1,2,0,0,0,1,1,0,1,0,1,0,0,1,0,0,2,1,0,1,0,0,0,0,0,2,1,0,0,0,0,0,0,0,0,1,1,1,1,0,0,1,0,1,0,0,0,0,0,0,2,1,0,1,0,0,0,0,2,2,2,1,0,0,1,1,0,2,0,2,0,0,0,0,1,1,0,0,0,1,1,0,0,0,0,0,0,0,2,1,1,1,2,1,1,1,0,2,1,1,1,0,0,0,1,1,0,0,1,0,1,0,0,1,0,1,0,1,1,0,0,1,0,0,0,1,0,1,0,2,0,1,1,2,0,0,1,0,0,0,1,0,0,0,0,1,1,0,0,1
L034,0,1,2,0,0,0,0,1,2,0,1,1,1,0,1,1,1,0,0,0,0,0,0,0,0,0,0,0,1,0,1,0,2,0,1,0,0,0,0,2,1,1,0,0,1,1,1,1,1,0,0,0,0,1,0,1,0,0,1,1,0,0,0,1,1,0,0,0,1,0,0,0,1,1,1,0,0,2,0,1,2,0,0,2,0,1,0,1,0,0,0,0,0,0,2,1,0,1,1,1,1,1,0,0,2,0,2,0,0,0,1,0,1,0,0,0,1,1,0,0,0,1,0,0,0,0,0,0,0,1,1,0,0,2,1,0,0,1,0,1,0,0,0,0,0,0,2,1,0,0,1,0,1,2,2,0,0,1,1,1,1,1,1,2,1,0,1,1,0,0,1,0,1,0,1,1,1,1,0,2,1,0,0,0,0,0,0,0,0,1,0,1,0,2,0,0,1,0,2,1,1,1,1,0,1,0,0,0,1,1,2,0,1,0,2,2,2,0,1,0,1,0,0,2,0,0,2,1,0,0,0,0,1,0,2,0,0,0,1,1,1,0,0,0,0,0,1,0,0,0,0,1,1,0,1,0,0,0,0,2,2,0,1,0,0,2,0,0,1,0,1,0,2,1,0,0,0,1,1,0,1,0,1,1,0,0,0,0,1,0,0,1,0,0,2,1,0,0,1,0,1,1,1,0,0,2,0,1,1,0,2,1,0,0,0,0,2,0,1,1,0,1,0,0,0,0,0,0,1,1,1,2,0,1,0,1,0,1,0,1,1,0,0,0,1,1,2,0,0,0,0,0,0,0,1,2,0,0,0,2,2,0,0,1,0,0,0,1,0,1,0,0,1,0,0,1,1,1,0,0,0,2,0,1,1,0,0,0,1,2,0,0,0,0,0,0,0,1,1,1,1,0,0,0,0,1,0,1,1,0,0,2,0,0,0,1,1,1,0,1,0,2,1,0,0,1,1,0,0,0,2,0,0,1,0,0,0,1,1,1,2,0,0,0,0,1,0,0,1,1,1,0,0,1,2,0,1,1,0,1,0,0,0,1,0,0,0,0,1,0,1,2,0,0,1,1,0,0,1,1,2,1,1,0,0,1,0,2,1,2,1,0,1,1,0,1,1,1,0,0
L035,2,1,1,0,0,0,1,0,0,0,1,0,0,0,0,1,0,0,0,0,1,0,1,0,1,0,0,0,1,0,0,0,1,1,1,2,1,0,1,1,1,1,0,0,0,0,0,0,1,0,1,2,1,1,0,1,1,0,0,2,0,0,0,0,0,1,1,0,0,0,0,1,0,1,0,1,0,1,0,1,2,0,0,0,0,0,0,0,1,0,2,0,0,2,0,2,0,1,0,0,0,1,0,1,1,1,0,1,1,0,2,1,2,1,0,0,0,1,2,1,1,2,1,0,2,0,0,2,0,0,0,0,0,0,0,1,1,1,0,1,1,1,1,0,0,0,1,2,0,0,2,2,0,1,0,1,0,2,1,1,0,2,1,1,1,0,2,0,0,0,0,1,0,1,2,1,1,0,1,2,0,0,2,0,0,1,1,0,0,1,0,0,0,0,0,0,2,0,1,1,1,2,1,2,0,0,1,1,2,0,1,0,1,0,1,0,1,0,1,0,1,0,0,1,0,1,1,2,0,1,0,0,0,0,0,1,0,1,0,0,1,0,1,1,0,0,0,0,0,0,1,1,0,0,0,0,2,1,0,0,1,0,1,0,0,2,0,1,1,0,2,0,1,1,0,0,0,2,0,0,0,1,0,0,1,0,0,1,0,1,2,1,0,0,1,0,0,0,1,1,1,0,1,0,0,0,2,1,0,0,1,0,0,0,1,0,0,1,2,1,0,0,0,0,0,1,0,2,1,0,0,1,0,1,0,0,1,0,1,0,2,0,0,1,0,0,2,0,0,0,1,0,0,0,1,1,0,0,0,0,1,0,1,1,1,0,0,1,0,0,0,0,1,0,1,1,0,0,1,0,0,1,0,0,0,0,0,0,0,1,0,0,0,2,0,0,0,2,0,1,0,1,2,1,1,0,0,1,1,2,0,2,0,0,1,1,0,1,0,1,0,1,0,1,0,0,0,1,0,0,2,0,1,1,1,1,0,0,1,0,0,2,1,1,0,0,0,1,1,1,2,0,0,1,0,0,1,0,0,1,2,0,0,1,1,0,2,0,0,0,1,1,0,1,0,0,1,0,0,0,1,2,0,1,1,0,1,2,0,1,1,0,0,0,1,0,0,1,0,0
L036,0,0,0,0,0,0,0,1,0,2,1,0,2,0,0,1,0,0,0,1,0,0,0,1,1,0,1,0,1,1,0,0,0,2,2,1,0,1,1,0,0,1,1,0,0,0,0,0,2,0,0,1,1,1,0,0,1,0,0,0,0,0,0,0,0,2,0,0,0,0,0,0,0,1,2,1,0,1,1,2,1,0,2,1,0,1,1,0,0,0,0,0,0,1,1,0,0,2,0,0,0,1,0,0,1,1,2,1,1,0,0,1,2,1,1,0,0,0,1,0,0,1,0,1,1,0,0,1,1,0,1,1,1,1,0,1,1,1,0,1,0,0,0,1,0,0,1,0,0,0,2,1,1,1,0,0,0,1,0,2,0,2,0,1,1,0,1,1,1,0,0,0,0,1,1,2,2,0,1,1,0,0,1,0,0,0,0,1,1,1,0,0,1,1,0,0,0,2,0,1,1,2,2,0,2,1,1,1,1,0,1,0,0,0,1,0,1,1,2,0,0,0,0,1,0,1,2,0,2,0,0,1,1,1,1,0,1,1,1,0,0,0,0,1,1,0,1,0,1,0,1,1,2,0,1,1,1,1,0,1,1,0,0,0,0,1,1,1,0,1,0,0,1,2,0,1,0,1,0,2,1,1,0,1,1,1,0,0,1,2,0,1,0,1,1,2,1,2,1,1,1,0,0,0,2,2,2,2,1,0,0,0,0,0,0,0,1,0,1,0,0,0,1,2,1,1,1,1,0,1,0,2,0,1,1,1,0,0,0,1,0,1,0,1,0,1,1,0,1,1,1,0,1,0,0,2,1,0,1,1,1,0,2,0,0,1,2,0,0,0,1,0,0,1,2,1,1,0,0,0,0,1,0,2,0,1,0,0,0,2,1,0,0,0,0,1,0,1,1,1,1,0,1,1,0,2,0,1,0,1,0,0,0,0,1,0,0,2,0,1,0,0,0,1,0,1,2,0,0,0,2,0,0,0,0,2,1,1,1,0,1,1,1,0,0,0,1,0,1,2,0,1,0,1,0,1,0,1,0,2,1,0,0,1,0,2,0,1,0,0,1,1,0,0,0,0,0,1,0,1,2,0,0,2,0,0,1,1,1,2,1,0,0,1,1,0,2,1,2,1
L037,0,1,0,0,0,0,0,0,1,0,1,2,1,0,0,1,2,1,0,0,0,0,0,0,2,0,1,0,0,0,1,0,1,1,1,2,2,1,2,1,2,0,1,0,2,0,0,1,1,0,0,1,1,0,0,0,0,1,0,1,0,0,1,1,1,1,0,0,0,1,0,1,0,0,1,0,0,1,1,2,1,1,1,0,1,0,0,0,0,0,1,0,0,1,0,0,0,1,2,0,1,0,0,0,1,0,1,0,0,0,0,0,2,0,1,1,0,0,0,1,0,0,1,0,1,1,0,1,2,1,2,1,1,1,1,1,0,0,0,1,1,0,1,0,0,1,0,0,0,0,2,1,0,0,0,0,0,0,0,1,0,1,1,1,0,0,0,2,0,0,1,1,0,1,1,1,1,1,0,1,0,1,0,0,0,0,1,0,0,1,2,0,0,0,0,1,0,0,0,0,2,2,1,0,0,0,0,1,1,1,0,0,1,0,1,0,0,0,0,1,0,1,0,0,0,2,1,0,1,1,1,0,1,0,0,0,0,0,1,0,1,0,1,1,1,0,1,0,0,0,0,1,1,0,1,1,1,1,0,0,2,0,0,1,1,0,2,1,0,0,2,0,0,2,0,0,0,2,1,2,0,0,0,0,1,0,0,0,0,0,2,1,1,1,1,0,0,0,2,0,0,0,0,1,1,0,1,2,1,0,1,0,0,0,1,1,1,0,1,0,0,0,0,0,1,1,2,0,0,1,0,1,0,0,0,0,1,0,1,0,1,0,0,1,0,1,1,0,1,1,1,0,0,0,0,2,0,0,1,2,1,0,0,1,0,0,2,1,0,0,0,0,1,1,1,1,1,0,0,0,0,2,0,0,0,1,1,0,2,2,0,0,0,1,0,1,0,1,0,2,0,2,1,1,1,0,1,0,1,0,0,1,0,0,0,0,0,1,0,0,1,0,0,0,0,0,1,0,1,0,1,0,1,1,1,0,0,2,2,0,1,1,0,0,0,0,0,0,1,2,0,0,0,0,0,0,0,1,0,1,1,0,0,1,0,0,1,0,1,0,0,1,0,0,0,1,0,1,0,2,1,0,2,2,0,2,1,0,0,0,0,0,1,0,0,1,0,0,0,0
L038,0,0,2,0,0,0,0,1,1,1,1,0,0,0,0,1,0,0,0,2,0,2,0,0,1,1,1,0,0,0,1,0,2,1,0,1,2,1,0,0,1,0,1,0,0,2,0,0,0,0,0,1,1,1,0,1,0,0,0,1,0,0,0,0,1,1,2,0,0,1,0,0,0,0,0,2,0,1,0,0,1,0,1,1,0,1,1,1,1,0,1,0,0,1,0,0,1,0,2,0,0,1,1,0,0,0,2,1,0,1,0,0,2,1,1,1,0,1,0,2,0,1,0,0,0,0,0,0,2,1,1,1,0,1,0,1,0,2,0,2,0,1,1,0,0,0,1,1,0,1,1,1,0,1,1,0,0,0,0,0,0,1,1,1,1,0,2,1,1,0,0,0,0,0,0,2,2,1,1,0,0,0,0,0,0,1,0,0,1,0,0,0,0,0,0,1,2,0,0,2,1,0,1,0,1,1,0,2,0,1,1,0,1,0,1,0,2,0,0,2,1,1,0,0,1,2,0,1,0,0,0,0,1,0,0,1,0,0,0,1,1,0,1,1,1,0,2,1,0,0,0,1,2,1,0,0,1,2,0,0,0,0,1,0,2,2,0,1,0,0,2,0,0,0,0,1,0,1,1,1,1,1,0,1,1,1,0,0,1,1,1,2,0,0,1,1,1,0,1,0,1,0,0,0,0,1,0,1,1,1,1,0,0,0,0,0,1,0,1,0,0,1,0,0,1,0,0,2,0,0,0,1,0,1,0,0,2,0,0,1,1,1,0,0,0,1,0,0,1,2,1,1,1,1,0,1,1,1,1,1,2,0,2,0,0,1,2,0,0,0,0,0,0,0,1,0,2,0,0,0,1,1,0,0,1,1,1,1,1,2,0,0,0,0,0,1,0,2,0,1,0,1,2,0,0,2,0,2,0,1,0,2,0,0,0,0,0,0,0,1,0,0,0,0,1,0,0,0,1,0,2,0,0,1,0,1,0,0,1,0,0,1,1,0,0,0,1,1,0,0,0,0,0,0,0,0,1,0,0,2,1,0,1,0,0,1,0,1,1,0,0,2,0,0,0,0,1,1,0,0,1,1,0,1,0,1,0,0,0,0,2,0,0,0,0,1,0,1,0,1
L039,0,1,1,0,0,1,0,0,1,1,2,1,0,0,0,1,1,1,0,1,0,1,0,1,0,0,0,0,0,0,2,1,0,1,1,1,0,1,0,0,0,2,0,0,1,0,0,1,1,0,0,1,0,1,0,1,0,1,1,0,1,0,0,0,0,0,1,0,1,1,0,0,0,1,0,0,0,0,1,1,1,0,1,0,0,0,0,0,0,0,0,1,0,1,1,0,0,0,0,0,1,0,0,0,1,1,0,0,0,1,1,2,1,0,1,0,1,0,0,1,0,2,0,0,2,0,0,0,1,0,0,2,1,1,0,1,1,0,0,1,0,1,0,1,0,0,1,1,0,0,1,0,1,1,2,0,1,2,1,0,0,1,0,1,0,0,1,1,0,1,0,0,0,1,0,2,0,1,0,2,0,1,0,1,1,2,1,1,0,1,0,1,0,0,0,0,2,1,1,2,1,0,0,2,0,2,0,0,2,1,0,0,2,0,1,1,2,1,2,1,0,0,0,1,2,2,0,1,0,2,1,0,0,1,0,0,0,0,0,0,0,0,0,1,2,0,0,0,0,0,1,1,0,1,1,0,1,0,1,0,1,0,2,0,0,2,1,0,1,1,1,1,1,2,0,2,0,1,1,0,0,0,0,0,1,1,0,0,0,1,1,1,1,0,1,0,0,1,0,0,0,0,1,0,0,1,2,2,2,0,0,0,1,0,1,0,0,0,0,1,0,0,0,0,1,0,0,1,0,0,0,1,0,1,0,0,0,0,1,2,2,1,0,1,1,0,1,1,1,0,1,0,1,0,0,1,0,0,1,0,2,0,1,0,0,1,0,0,1,1,0,1,0,0,0,2,1,1,0,0,1,2,0,0,0,0,0,0,0,0,1,0,0,0,0,0,0,1,0,0,1,1,0,0,2,0,1,1,0,0,2,0,1,0,1,0,1,1,0,1,0,1,0,0,1,1,1,0,1,1,0,0,0,1,0,0,0,0,1,1,1,1,2,0,0,1,1,1,0,2,1,0,1,0,1,0,0,1,0,0,1,1,0,2,0,1,1,0,0,1,0,0,0,0,0,0,1,0,0,1,0,0,1,1,1,0,0,2,1,2,2,0,1,0,1,0,1,1,1,1
L040,0,0,0,1,0,0,1,0,1,1,1,1,1,1,1,1,2,2,1,1,0,2,0,1,1,0,1,0,1,0,1,0,1,1,0,1,0,1,1,0,1,0,2,0,0,0,0,1,2,0,0,0,2,0,0,1,0,0,0,1,0,1,0,1,0,0,1,0,2,1,1,0,0,1,0,0,0,1,1,2,1,0,2,1,0,1,2,1,0,2,0,0,1,1,1,0,1,0,1,0,1,0,0,0,2,1,1,0,0,2,1,1,0,1,0,1,1,0,1,1,0,1,1,0,2,0,1,2,1,2,2,0,1,2,0,2,1,1,0,0,1,0,2,1,0,0,1,1,0,0,1,1,1,2,1,0,1,1,0,2,0,2,1,0,2,0,0,0,0,2,0,1,0,0,1,1,0,1,1,1,0,0,1,0,1,1,0,1,0,1,0,1,0,1,0,1,1,0,0,1,0,2,0,2,0,1,0,0,0,1,2,0,2,0,1,0,2,0,1,0,1,0,0,0,0,2,2,2,1,0,0,0,0,0,1,1,1,1,1,1,1,0,1,0,1,0,1,1,1,0,0,0,1,0,0,0,1,0,1,0,0,0,1,1,1,1,0,1,1,1,1,0,2,1,0,1,0,1,0,0,0,1,0,2,1,0,0,0,1,1,1,1,0,0,0,0,1,0,1,1,1,0,0,0,1,1,0,0,1,2,0,1,0,1,0,1,0,0,1,0,0,1,0,0,0,1,0,0,0,1,0,1,1,2,1,0,0,1,2,1,2,0,0,0,0,1,0,1,1,1,1,0,0,0,0,2,0,0,2,1,0,0,0,0,1,0,0,1,1,1,1,0,0,2,1,1,2,0,0,0,0,0,0,0,1,0,0,0,1,0,1,1,0,0,0,2,0,0,1,1,1,2,0,1,1,0,1,1,0,0,0,2,1,1,1,1,0,1,0,1,0,0,0,0,0,0,0,0,1,1,0,0,0,1,0,0,0,0,1,1,1,1,1,0,0,0,0,0,1,1,0,0,0,0,0,0,1,0,0,1,2,0,0,2,0,1,1,0,0,0,1,2,0,1,0,0,0,0,0,0,1,0,1,0,1,0,0,0,0,0,2,0,2,0,1,2,1,1,0,0
L041,0,0,1,0,1,1,1,0,1,0,2,0,1,0,0,2,1,0,0,0,1,1,1,0,1,1,1,0,0,1,2,0,2,2,1,1,0,1,0,0,2,0,1,0,1,0,0,1,1,2,0,0,0,0,0,1,0,0,1,1,0,0,0,1,0,1,1,0,2,0,0,1,0,0,1,2,0,1,0,2,1,0,0,1,0,0,0,0,2,0,1,0,0,1,0,0,1,1,0,0,0,0,0,0,1,1,2,2,0,1,2,2,2,0,1,0,0,1,0,1,0,1,0,0,1,0,2,2,0,0,2,1,0,0,1,0,1,0,0,0,0,1,0,0,0,0,1,1,1,1,0,0,0,0,0,0,0,1,0,2,0,0,0,1,0,0,2,1,1,0,0,1,1,0,0,1,0,0,0,1,0,0,0,1,1,0,0,0,1,2,1,0,0,2,0,0,0,0,2,1,1,0,0,1,1,0,1,1,1,2,1,1,2,0,1,0,0,0,0,0,0,0,0,0,0,1,0,2,0,1,0,0,1,0,1,0,0,0,0,0,1,1,1,0,1,0,1,0,0,0,2,1,0,0,2,0,2,0,1,2,2,0,1,0,1,0,0,1,1,2,1,1,1,0,0,0,0,1,0,0,0,1,1,0,1,1,1,0,1,0,1,0,0,0,1,1,0,1,0,1,0,0,1,0,1,0,1,2,1,1,1,0,0,0,0,0,1,0,1,1,1,0,1,0,1,0,1,1,1,0,1,1,0,0,0,1,1,0,0,1,1,0,0,0,1,1,0,1,1,0,0,1,1,0,0,2,0,0,0,0,0,0,0,1,0,0,1,0,0,0,1,0,1,1,2,1,1,0,0,0,1,0,0,0,1,1,2,0,2,1,1,0,0,0,1,0,1,0,0,1,1,0,1,0,1,0,0,1,1,0,1,1,0,0,1,0,0,0,0,1,1,0,0,0,1,0,2,0,1,0,0,1,0,1,0,0,0,1,1,0,0,0,2,0,0,1,1,1,1,0,0,0,0,0,0,1,1,0,0,1,0,0,0,1,0,1,1,0,0,1,0,0,0,0,0,0,1,1,1,0,0,2,0,2,0,1,1,0,1,0,0,0,1,1,1,1,0,1,0,1
L042,0,1,1,1,0,0,2,0,1,1,0,1,1,0,1,1,1,2,1,0,0,1,0,0,0,0,1,1,0,0,2,0,1,2,1,0,1,2,0,1,1,0,1,0,1,0,0,2,1,0,0,0,2,0,0,0,1,1,0,2,0,0,0,1,0,1,0,0,0,0,1,1,0,0,2,1,0,1,1,2,1,1,1,1,1,1,1,0,1,0,0,0,1,2,1,1,1,0,2,0,0,1,0,0,0,2,1,1,0,2,1,1,0,1,2,0,1,0,1,1,0,1,0,0,0,0,2,2,0,1,1,1,1,0,0,1,2,2,1,0,1,0,1,1,1,1,0,0,1,0,2,0,0,1,1,1,0,1,1,1,1,0,0,1,0,0,0,2,0,1,0,0,0,1,0,0,0,2,0,1,1,0,1,0,0,0,1,1,0,0,0,1,0,1,0,0,0,1,1,0,0,1,0,2,2,1,0,0,0,1,0,0,1,0,2,0,0,0,1,1,2,0,0,1,0,1,0,0,0,0,0,0,0,1,1,1,0,1,1,0,2,0,1,1,0,0,2,0,0,1,0,0,2,1,1,0,0,0,1,2,0,0,1,1,0,0,1,1,0,0,1,0,0,0,0,1,0,1,0,1,0,1,0,1,2,2,1,1,2,1,1,1,1,1,1,1,1,2,1,0,0,1,1,0,0,1,1,0,2,0,0,1,0,0,0,0,0,0,0,0,1,0,0,0,1,0,1,0,1,1,0,0,0,1,0,0,1,0,1,2,0,0,0,1,0,2,0,0,0,2,1,1,0,1,1,0,1,0,2,0,1,0,0,1,0,0,0,1,1,0,0,0,0,1,0,0,1,0,0,0,0,1,0,0,0,1,0,1,0,1,0,0,0,0,0,1,1,1,0,1,0,1,0,1,0,0,0,0,1,1,1,0,0,0,2,0,0,1,1,0,0,1,0,0,0,1,0,0,0,1,1,0,0,0,0,1,0,2,1,0,1,1,1,0,0,1,1,1,1,0,2,1,0,0,1,0,0,1,1,0,0,0,1,1,0,1,1,1,0,0,0,2,0,0,0,0,1,2,1,2,0,0,2,0,0,0,0,1,0,1,1,0,0,0,0,1,1,0,0,1
L043,0,2,2,0,1,1,1,0,0,0,1,0,0,2,0,1,1,1,0,0,0,1,0,1,1,1,1,1,1,2,1,1,0,1,1,1,0,0,0,0,0,0,0,0,0,0,0,1,1,1,0,1,0,0,0,0,1,0,0,1,0,0,1,1,0,1,0,1,0,0,0,1,0,1,0,1,0,1,1,1,1,0,1,1,0,1,0,0,0,0,2,0,0,0,1,1,1,0,1,0,0,1,0,0,2,0,0,1,0,1,1,2,0,0,1,0,1,1,1,1,1,2,1,2,2,1,0,1,1,0,1,1,0,2,0,1,0,2,0,1,1,0,0,0,0,0,2,1,0,1,1,0,1,1,0,0,1,2,0,0,0,1,1,1,1,0,0,1,0,0,0,1,0,0,0,0,1,1,1,0,1,1,1,0,1,1,1,0,1,1,0,1,0,0,0,0,1,0,0,2,2,1,1,0,0,2,0,2,0,0,1,0,0,0,0,0,1,0,2,1,0,1,1,1,2,1,0,0,0,0,0,0,0,0,1,0,1,1,1,0,1,0,1,0,0,0,0,1,0,0,0,1,1,1,2,0,0,1,1,0,2,0,0,2,0,0,0,1,0,1,0,0,0,1,0,0,0,1,1,0,0,1,0,0,2,1,1,0,1,2,0,2,0,2,1,0,1,0,0,1,2,1,1,0,0,0,1,1,0,0,1,0,0,0,0,0,0,0,2,0,1,1,0,0,1,2,0,0,2,0,0,1,0,1,1,1,1,0,1,1,1,1,0,0,0,2,1,1,1,1,0,0,0,0,1,1,0,1,0,0,1,1,0,0,0,0,1,1,0,0,0,1,0,0,0,0,0,1,0,0,1,1,1,1,0,2,1,2,0,1,0,0,0,0,0,0,0,1,0,1,0,0,0,1,0,1,0,1,0,1,0,1,0,0,2,0,0,2,0,0,0,0,0,0,0,0,1,0,0,0,2,0,1,1,0,0,2,0,1,0,1,1,1,0,1,0,2,0,2,1,2,0,0,0,1,0,1,0,0,0,1,0,0,1,0,1,1,0,0,0,1,1,0,0,0,2,0,2,0,1,1,2,2,2,0,0,0,0,1,1,2,1,0,0,1,0,0,1,0,0
L044,2,2,1,1,0,0,1,0,1,2,1,1,1,1,0,1,1,2,0,0,0,0,0,0,1,0,1,1,0,0,1,0,2,1,0,1,0,1,1,2,2,2,0,0,0,1,0,2,1,1,1,1,1,1,0,0,1,1,0,1,0,0,0,1,0,1,1,0,1,2,1,0,1,1,0,2,0,1,0,0,1,0,1,1,1,1,1,2,1,0,1,0,0,1,2,0,1,1,0,0,0,1,0,1,2,0,1,0,0,1,1,2,0,0,2,0,1,1,1,0,0,1,1,0,1,1,0,1,1,1,0,1,1,2,0,1,0,1,1,0,1,1,2,0,0,0,0,0,0,1,1,0,0,1,1,1,0,1,0,1,1,2,0,1,0,1,2,2,1,1,1,1,0,1,1,1,2,2,0,1,1,0,0,0,0,0,2,0,1,1,1,1,0,0,0,0,1,1,0,1,1,2,1,2,0,1,1,1,1,1,1,0,1,0,1,0,1,0,0,0,2,1,0,0,0,0,2,2,2,0,0,1,0,1,0,0,0,1,1,0,0,0,0,2,0,0,1,1,1,0,0,2,1,0,2,0,1,1,1,2,1,0,0,1,1,1,1,0,0,0,1,0,1,1,0,1,0,0,1,1,0,1,1,0,1,0,0,0,0,0,0,2,1,1,1,0,0,0,0,0,1,1,0,0,0,0,2,0,1,0,1,0,1,1,1,0,1,0,1,0,0,0,0,0,0,1,0,0,1,1,1,1,0,1,0,0,2,0,2,0,1,1,0,0,1,2,1,0,1,0,1,1,0,0,1,1,0,0,1,0,1,0,0,1,0,0,0,2,0,0,1,0,0,0,0,0,2,0,1,0,1,1,0,0,0,0,1,1,0,1,1,0,0,2,0,1,0,1,0,1,1,0,0,1,1,1,0,1,1,0,1,1,0,0,0,1,0,2,0,0,0,1,0,0,0,0,0,0,0,0,0,0,0,0,0,0,0,1,1,0,1,0,0,1,1,1,0,1,0,1,2,1,0,0,1,0,0,0,0,1,2,0,0,1,1,0,1,1,0,0,0,1,0,0,0,0,0,1,0,1,0,0,1,2,0,0,0,0,0,0,1,0,0,1,1,0,1,1,0,0
L045,1,2,1,0,2,0,0,0,1,2,0,0,2,1,1,0,2,0,0,1,0,0,0,0,1,0,0,0,0,0,1,1,0,1,1,1,2,1,1,1,1,0,1,0,0,1,0,0,2,1,1,1,1,1,0,2,1,0,0,0,0,1,0,2,1,1,2,2,0,1,1,0,1,0,0,1,0,0,0,2,1,0,0,0,1,1,2,0,1,1,1,0,1,1,0,2,1,0,1,0,0,0,0,1,1,0,1,0,0,1,1,2,1,0,0,0,2,0,0,0,0,0,0,0,1,1,0,1,0,1,2,0,0,0,0,2,1,2,1,1,1,1,1,2,1,0,1,1,0,0,1,1,0,0,1,0,0,1,1,0,0,1,1,1,0,0,1,1,0,0,0,1,0,2,0,1,1,2,1,1,1,0,2,0,0,0,1,0,1,0,2,1,0,1,0,0,2,1,1,2,1,0,0,1,1,0,0,1,2,0,0,0,2,0,1,1,1,1,2,0,0,1,0,0,1,2,0,0,2,1,0,1,0,0,1,1,0,0,0,1,0,0,0,1,0,1,1,1,1,0,0,1,1,1,0,0,1,2,1,2,2,0,0,1,2,2,2,2,0,0,1,1,0,1,0,1,0,2,0,1,0,0,0,0,1,1,1,0,0,1,0,1,0,0,2,1,0,0,2,0,0,0,1,0,0,0,2,1,1,0,0,0,0,0,0,0,0,0,0,0,1,0,0,0,0,1,0,2,1,1,1,0,0,0,2,1,1,0,0,1,2,1,1,1,1,1,1,0,2,1,2,1,0,0,0,0,2,0,1,0,2,1,0,1,0,0,1,2,0,1,0,0,1,0,2,1,0,0,0,0,0,0,0,0,1,1,0,0,1,2,0,0,0,1,0,0,0,1,0,0,1,1,1,0,1,1,0,0,0,0,1,1,0,0,0,0,1,1,0,0,0,1,0,1,0,0,0,0,1,1,1,0,1,1,0,2,0,2,2,1,1,1,1,0,0,0,2,0,0,1,0,0,2,1,0,0,1,0,0,1,0,0,0,1,0,1,1,0,0,0,0,1,0,1,0,0,1,0,0,2,1,0,0,2,0,0,1,1,0,0,0,0,0,0,0,1,1,2,0,0
L046,0,1,0,1,1,0,0,1,1,1,0,1,0,0,1,0,2,1,0,1,0,2,0,0,0,1,1,0,0,1,0,1,0,1,1,1,1,1,1,1,1,0,2,0,1,2,0,1,2,0,0,1,1,0,0,1,0,1,0,1,0,0,0,1,0,0,0,0,0,0,0,0,0,0,2,1,0,0,1,2,0,1,0,2,0,0,1,0,1,0,1,0,1,1,0,2,1,0,1,0,0,1,0,1,2,0,0,2,2,1,1,1,1,1,1,0,0,1,0,0,0,2,1,1,1,1,0,1,2,2,1,1,0,1,0,0,0,0,0,0,1,0,0,0,0,0,1,1,0,0,0,2,0,1,1,0,0,1,1,1,0,2,0,0,1,1,2,0,0,1,1,1,0,1,0,1,0,1,2,1,0,0,1,0,1,0,1,0,0,1,0,0,2,0,0,0,1,1,1,0,0,2,0,1,0,2,0,0,0,0,2,0,2,0,2,1,1,0,1,1,1,0,0,2,0,1,1,0,0,1,1,0,0,0,1,2,0,0,0,0,2,0,0,0,0,0,1,1,0,0,0,0,1,1,1,0,0,1,0,0,1,1,1,1,0,0,1,1,0,0,0,1,0,0,0,0,0,2,1,0,0,2,0,1,0,0,1,1,1,1,1,0,1,0,1,0,0,0,1,0,0,0,0,0,1,1,1,1,0,0,1,0,0,1,1,1,2,1,0,2,0,0,0,0,0,2,0,1,0,2,1,0,0,1,0,0,1,1,0,0,1,0,0,0,1,1,1,0,1,1,1,1,0,0,0,0,1,0,0,0,1,0,2,2,0,1,0,0,0,0,0,0,1,0,1,0,1,0,0,0,0,0,0,0,0,2,0,2,1,1,0,0,0,1,0,0,2,1,0,0,0,1,0,0,1,0,1,2,1,1,0,0,0,0,1,1,1,1,0,1,0,1,0,0,0,1,0,0,0,1,1,0,2,0,0,2,0,1,2,0,1,1,0,1,0,1,2,0,0,1,1,1,0,0,1,0,1,0,0,0,1,0,1,0,0,0,1,0,0,0,1,2,0,0,0,0,1,0,1,0,0,0,0,1,0,1,0,0,0,2,1,0,0,0,0,2,2,2,0,0
L047,0,2,2,1,0,1,2,1,0,0,0,0,1,1,0,1,2,2,0,0,1,2,0,0,1,0,0,1,1,0,1,0,0,2,1,1,0,1,1,1,1,0,0,0,0,0,0,1,1,1,0,2,1,0,0,1,0,0,0,0,0,0,0,0,1,0,1,0,0,2,0,0,0,1,0,0,0,1,0,2,1,0,1,2,0,1,2,0,0,0,1,0,0,0,1,2,2,1,0,0,0,0,0,1,2,0,2,2,0,1,2,1,0,0,1,0,1,0,0,0,0,0,0,0,2,1,0,2,1,0,1,2,0,1,1,1,0,1,0,0,0,0,0,1,0,0,1,2,1,1,2,0,0,2,1,0,0,0,0,1,1,0,1,1,0,0,1,2,0,1,0,0,1,0,1,1,2,0,1,1,0,1,2,0,1,0,0,0,0,2,1,0,0,1,0,0,2,0,1,1,1,0,1,2,1,1,0,2,0,1,1,0,1,0,0,1,1,0,0,0,0,1,1,1,0,0,1,1,2,0,0,0,1,0,0,1,1,0,0,1,1,1,0,1,0,0,1,1,0,0,0,1,1,0,0,0,0,1,1,2,1,1,2,1,0,2,1,1,1,0,0,0,0,1,0,1,0,2,0,0,0,1,1,1,1,1,0,0,2,0,2,0,1,1,2,0,0,0,0,1,0,0,1,0,0,1,0,0,2,0,0,0,0,0,1,1,0,1,0,0,0,0,0,1,2,2,0,1,0,0,1,1,0,1,0,1,2,2,1,1,1,2,0,1,0,2,0,0,1,0,1,1,0,0,0,1,0,0,1,1,1,0,1,0,0,0,0,0,0,0,0,0,2,0,1,0,1,0,0,1,0,1,0,1,1,1,1,0,2,2,0,0,0,1,0,1,0,0,0,1,1,1,1,0,0,1,1,0,2,1,2,0,0,0,2,0,1,1,0,1,0,0,0,1,0,0,0,0,0,0,1,0,1,1,0,1,0,0,0,0,1,0,1,0,0,2,1,0,0,1,1,0,1,0,0,0,1,0,0,1,0,1,0,0,0,0,2,0,0,0,1,0,0,0,0,1,0,1,1,1,1,1,2,1,0,0,0,0,0,1,0,0,0,0,1,1,2,0,0,0
L048,2,2,1,1,0,0,0,0,0,1,1,2,1,2,1,2,2,0,0,0,0,1,0,0,1,1,1,0,2,2,2,1,2,1,0,0,1,1,0,0,0,1,0,0,2,1,0,0,1,1,0,0,0,1,0,0,0,0,1,1,0,0,1,0,2,2,0,0,0,0,0,2,0,0,1,0,0,1,2,1,0,0,1,1,1,1,0,0,0,1,0,0,1,0,1,1,1,1,0,1,0,0,0,2,0,1,2,1,1,0,1,0,0,1,0,0,0,0,0,0,0,0,1,0,1,0,0,0,0,1,1,1,0,0,1,1,2,2,0,0,1,0,0,2,0,0,2,1,1,0,1,1,2,2,1,0,0,0,0,0,0,2,1,0,1,0,0,2,1,1,0,1,1,1,1,2,1,1,0,1,0,0,1,0,1,1,1,0,1,1,0,0,1,1,0,2,1,0,1,1,0,1,1,1,1,0,0,1,0,0,0,0,2,0,1,0,1,0,1,1,0,0,1,0,0,2,0,0,1,1,0,0,0,0,0,1,0,1,1,1,0,0,1,0,1,0,1,0,0,0,0,1,1,0,2,1,1,0,0,1,1,0,0,0,0,0,2,1,1,1,2,1,0,1,0,1,0,2,0,1,1,1,0,0,1,0,0,1,2,2,0,0,1,1,1,1,0,0,0,0,2,0,0,0,1,1,1,1,0,0,2,0,0,0,0,0,0,0,1,1,0,2,0,0,2,1,0,0,0,0,1,1,0,0,1,0,0,0,1,0,2,0,0,0,1,1,0,1,1,1,1,0,1,0,1,2,0,0,1,2,0,0,1,1,1,0,0,2,0,0,0,0,0,0,0,1,2,1,0,0,0,2,0,0,0,0,0,1,0,2,1,0,0,1,0,0,0,0,0,1,1,0,1,0,1,0,2,1,0,0,0,1,0,0,0,0,0,2,1,1,1,0,2,0,0,0,0,0,1,0,1,0,0,1,1,0,0,0,2,0,0,0,0,1,1,2,1,2,0,1,0,0,1,1,0,0,1,0,0,1,2,0,0,0,1,0,1,1,0,0,2,1,0,0,0,1,2,0,1,0,1,1,1,2,0,1,0,0,0,0,1,1,0,0,0,1,1,0,0,0
L049,0,1,1,0,0,1,1,1,1,1,0,1,0,2,0,0,1,1,0,2,0,1,0,0,0,0,2,0,0,1,1,1,1,0,0,1,1,0,1,0,0,0,1,0,0,1,0,2,1,0,0,1,2,0,0,0,0,0,1,1,1,2,0,1,0,1,0,1,1,1,0,2,0,0,1,0,0,0,0,1,1,1,0,0,1,0,1,0,0,0,0,0,1,1,2,0,1,1,0,1,0,1,0,1,0,0,1,0,1,2,1,0,0,1,0,0,2,0,0,0,0,0,0,1,1,0,0,0,0,1,0,0,2,1,0,2,0,2,1,2,0,1,1,1,0,0,2,0,1,0,0,0,0,1,0,0,0,1,1,0,0,1,1,1,1,0,0,0,1,2,0,1,0,2,0,0,1,0,0,0,1,0,1,0,0,1,1,1,0,1,1,1,1,1,0,0,1,0,1,2,1,1,1,1,0,1,0,2,0,0,2,0,1,1,1,0,0,0,2,0,0,0,0,0,1,0,1,1,2,1,0,0,0,0,1,1,0,2,0,0,1,0,1,1,1,0,1,0,0,0,2,1,0,1,1,0,1,0,0,1,1,0,0,0,1,0,0,1,1,0,1,0,1,0,0,1,0,0,0,1,0,1,0,1,0,0,0,0,0,0,1,2,0,2,1,1,1,0,0,1,1,0,0,0,0,0,1,1,1,0,0,1,1,2,0,0,0,0,0,0,0,0,0,0,0,0,0,1,1,0,1,1,0,2,0,0,1,1,1,1,1,0,0,0,2,1,0,1,1,0,1,0,0,0,1,0,0,0,1,1,1,1,1,1,0,1,1,1,0,1,0,0,1,0,0,0,1,1,0,0,1,2,1,0,0,0,1,1,0,0,1,0,0,0,0,1,1,0,0,1,1,0,0,1,1,2,0,1,0,0,2,1,0,0,0,2,0,0,0,2,1,0,0,1,0,1,0,0,1,0,1,0,1,0,0,0,0,0,2,0,1,1,1,0,0,1,1,0,0,0,2,1,0,1,0,0,0,1,0,0,1,0,0,1,0,1,0,0,0,0,1,2,0,0,0,1,1,1,2,0,1,0,1,1,1,1,0,1,0,0,1,0,0,0,0,2,1,1,0,1
L050,1,1,1,1,1,0,1,0,2,1,1,1,2,1,0,1,1,1,0,1,0,2,1,0,1,0,1,0,2,2,1,0,1,2,1,0,0,0,1,1,1,0,0,0,0,1,0,1,0,0,0,1,0,0,0,0,2,0,0,1,1,0,0,1,1,2,1,0,1,0,1,2,1,0,1,2,0,0,2,1,0,0,1,1,0,1,1,0,0,0,1,1,0,1,1,1,0,0,0,1,0,1,0,0,0,0,1,0,0,1,0,1,1,0,0,0,1,1,0,1,0,1,0,0,2,0,1,2,2,1,0,0,0,2,0,1,0,0,1,0,0,0,0,1,0,0,0,1,0,1,0,0,1,0,1,0,0,1,1,0,0,2,1,1,0,0,2,0,0,1,0,0,2,1,1,2,1,2,1,0,1,0,0,0,0,0,2,0,1,0,1,0,1,0,0,0,1,1,2,1,2,1,1,0,1,0,0,2,1,2,0,0,2,1,0,0,2,0,1,1,0,1,0,2,0,1,1,1,1,0,0,0,0,0,2,0,0,0,0,0,1,1,0,1,0,0,1,0,0,0,2,0,0,0,2,0,0,0,1,1,1,0,1,1,1,0,1,0,0,1,1,0,0,1,0,0,0,0,1,0,0,0,1,1,1,1,0,0,2,2,1,1,0,1,0,1,1,0,1,0,0,1,0,0,1,1,0,1,1,0,1,1,0,0,0,1,1,0,1,0,0,0,1,0,0,0,0,1,2,0,1,2,0,2,0,1,0,0,1,0,2,0,0,0,1,2,1,1,1,0,2,0,1,0,2,1,0,0,0,0,1,0,0,2,0,0,1,1,0,0,0,1,1,1,2,0,0,0,0,0,0,1,0,0,0,1,2,0,0,0,1,0,0,1,0,1,1,2,1,0,1,0,1,1,2,1,0,1,1,1,1,1,0,0,1,1,1,1,0,0,0,0,0,0,0,1,0,0,2,0,1,0,2,0,0,1,0,2,1,0,1,0,0,0,0,1,1,0,1,0,1,1,1,1,0,0,0,1,1,0,0,0,0,0,0,1,2,0,0,0,0,1,0,0,0,1,1,2,1,1,0,1,2,1,0,0,0,1,0,0,1,0,0,1,1,0,0,1,0,0
L051,0,1,1,0,1,0,0,1,1,0,0,1,0,1,0,2,1,1,0,1,0,0,0,0,0,0,2,0,0,1,1,0,0,2,1,2,2,0,0,0,0,2,0,0,0,1,0,2,1,0,0,1,0,1,1,0,0,2,0,1,0,0,0,0,1,0,0,0,1,1,1,0,0,0,1,1,0,0,0,1,1,0,1,0,1,0,0,0,1,0,1,0,1,1,0,1,0,0,1,0,1,1,0,1,0,1,2,0,0,2,1,1,0,0,0,0,0,0,1,0,0,1,0,0,1,2,0,0,2,1,0,1,1,2,0,0,0,2,1,1,0,0,0,0,0,0,0,0,0,0,2,0,0,0,2,0,0,1,1,1,0,2,1,2,0,1,0,0,0,0,1,1,0,2,0,1,2,1,0,2,2,0,2,0,0,1,1,0,0,2,1,1,0,0,0,1,1,0,2,1,0,0,1,2,1,1,0,2,1,0,1,0,1,0,0,0,0,0,2,0,1,0,0,0,1,0,0,2,1,1,0,0,0,1,1,0,1,1,0,0,1,0,1,0,0,0,0,0,0,1,0,1,2,0,0,0,0,0,1,0,1,0,2,2,0,1,0,1,0,0,1,0,0,0,0,1,0,1,0,2,0,0,0,1,0,1,0,0,0,1,0,1,0,1,2,0,1,1,0,1,0,0,1,0,0,2,0,1,1,0,0,0,0,0,0,0,1,0,1,0,0,0,0,0,1,1,0,0,1,1,2,1,0,0,0,0,2,1,0,0,2,1,0,1,1,2,2,0,1,1,0,0,1,1,1,1,1,0,1,0,0,1,2,1,1,0,1,1,1,1,0,0,2,0,1,0,1,0,0,1,1,1,0,0,0,0,1,0,0,1,0,0,0,1,0,1,1,2,0,1,0,1,1,0,2,2,0,0,1,0,0,1,0,0,0,0,0,2,0,0,0,0,0,0,0,1,1,0,0,0,0,0,0,0,0,0,0,1,2,0,1,2,0,0,1,2,2,0,0,1,0,1,1,0,1,0,0,0,0,0,0,0,0,0,0,0,0,0,0,0,1,1,0,0,0,1,0,1,0,0,1,0,1,2,0,0,1,0,0,1,2,0,0,0,1,1,0,1,1,1
L052,0,1,0,1,0,1,0,1,1,2,2,0,1,0,0,2,1,2,0,1,0,0,0,0,0,0,1,0,1,0,1,1,1,2,0,0,0,0,0,2,2,1,1,0,2,1,0,0,2,2,0,1,0,1,0,1,0,0,0,0,0,0,0,1,1,1,0,0,1,1,0,1,0,1,1,1,0,1,1,1,1,1,2,1,0,0,2,0,0,0,0,0,0,0,1,1,1,0,0,1,0,0,0,0,2,1,1,0,1,0,1,1,0,0,1,0,0,0,1,2,0,0,0,0,2,0,0,0,1,2,1,0,0,1,0,1,0,1,0,0,1,2,1,0,0,0,1,1,0,1,1,2,0,2,1,0,0,1,1,0,0,1,0,2,1,0,1,1,0,0,0,1,1,1,1,0,0,2,1,1,0,0,1,0,0,0,0,0,1,1,0,0,0,0,0,0,1,0,1,0,2,1,2,0,1,1,1,1,1,1,2,0,2,0,2,1,0,0,1,1,0,1,0,0,0,1,1,0,0,0,0,0,0,0,1,1,1,0,0,0,0,0,0,1,0,0,0,0,0,1,1,0,0,0,1,0,0,1,0,0,1,0,1,1,0,0,0,1,0,0,1,1,1,1,0,1,0,2,0,1,1,0,0,2,1,0,0,1,1,1,1,1,0,1,0,0,0,0,0,0,0,0,2,0,0,1,2,1,1,1,2,0,0,0,1,2,0,1,1,1,0,0,0,0,1,0,1,1,1,2,1,1,0,0,1,0,1,2,1,1,1,1,0,0,0,1,2,0,0,0,1,0,0,0,0,1,0,0,1,0,1,0,1,0,0,0,2,2,0,1,0,0,1,0,1,1,2,0,0,0,0,2,0,1,0,0,0,1,1,1,0,0,0,0,0,1,0,1,0,1,1,0,0,0,0,0,1,0,2,0,2,2,0,0,0,1,0,0,0,0,0,1,0,0,0,0,0,0,1,0,0,0,1,1,0,0,0,0,1,0,1,0,0,0,0,0,2,0,1,1,0,1,0,0,0,1,1,0,0,0,1,0,0,1,0,0,1,0,0,0,0,0,0,0,0,1,0,1,0,0,0,1,1,2,0,1,0,0,0,0,0,1,0,1,0,0,0,0,0,1
L053,0,1,0,0,0,0,1,1,0,2,0,1,1,0,0,2,1,1,0,2,1,1,1,0,1,0,1,0,0,0,1,1,0,1,0,1,1,2,0,2,1,0,0,0,0,1,0,2,1,0,0,2,1,0,0,0,2,1,0,1,1,0,1,2,1,0,1,1,0,1,0,0,0,0,0,0,0,1,0,0,1,0,0,1,1,0,0,0,1,1,1,1,0,0,0,2,0,1,0,2,0,0,1,0,2,0,1,2,1,0,0,0,2,1,1,1,2,0,0,1,2,0,0,0,1,0,1,0,1,1,0,0,0,0,0,1,1,1,1,1,0,1,0,0,0,0,2,1,0,1,1,2,0,0,0,0,0,2,1,0,1,0,0,1,0,0,1,1,1,0,0,0,1,1,0,1,2,2,0,0,0,0,0,1,0,0,0,0,1,1,1,0,0,0,0,0,1,0,2,1,2,1,0,1,1,0,0,0,0,1,0,1,1,1,2,0,1,1,1,1,0,1,0,0,0,1,2,1,1,1,0,1,0,0,0,0,0,0,0,1,1,1,2,1,0,0,0,1,0,1,0,0,0,1,1,0,0,1,1,0,0,0,0,0,2,2,0,1,1,1,1,1,0,1,0,1,0,0,0,0,0,0,1,0,1,1,0,0,0,1,1,1,0,1,1,0,0,0,1,0,0,0,0,0,1,1,1,1,1,0,0,0,0,0,0,1,1,0,0,0,1,2,0,0,0,2,0,1,1,2,1,1,0,1,0,1,0,1,1,0,1,0,0,1,0,1,0,0,0,1,1,2,1,0,0,1,0,1,0,1,1,0,1,1,0,0,1,1,1,0,0,0,1,0,0,0,1,0,0,0,0,2,0,0,0,1,1,1,0,2,1,0,0,1,0,1,0,1,1,1,0,0,0,0,0,0,1,1,2,1,0,0,1,0,0,0,0,2,1,1,0,0,0,0,0,1,0,0,0,0,1,0,1,0,1,0,0,0,0,0,0,0,0,1,1,1,1,0,2,2,0,1,1,0,0,0,1,0,0,1,1,0,0,1,0,0,1,1,0,0,0,1,0,0,0,0,0,1,1,2,1,1,0,0,0,0,0,1,1,0,1,1,0,0,1,2,1,1,0,0
L054,0,1,1,0,0,0,1,1,0,1,0,2,2,1,1,1,2,1,0,0,0,1,1,0,1,0,0,1,1,1,1,0,1,1,1,2,0,1,1,1,0,1,1,0,2,1,0,1,1,0,0,2,1,1,0,0,2,1,1,0,2,0,0,1,0,1,0,0,1,2,0,1,0,2,1,0,0,1,2,2,2,0,0,0,0,0,1,0,0,0,0,1,0,0,0,1,0,0,2,0,1,1,2,1,1,0,2,1,0,0,0,0,1,0,1,0,2,0,1,1,0,1,0,0,1,0,0,1,0,0,0,1,0,0,1,2,1,1,1,0,0,0,1,1,0,1,0,0,0,1,1,0,0,1,2,0,0,1,0,1,1,1,1,1,0,0,2,0,0,1,0,0,0,1,0,0,0,1,0,0,0,1,0,0,0,0,0,0,0,1,1,0,1,0,0,0,1,0,2,2,0,0,0,1,0,0,0,1,0,1,0,0,0,0,1,2,1,0,0,1,0,0,0,2,0,0,1,0,0,2,0,0,0,1,1,1,0,0,0,0,0,0,1,1,0,0,1,0,1,0,0,2,1,0,1,0,0,2,0,2,1,0,2,2,1,1,0,1,0,2,1,0,1,1,0,1,0,1,1,2,0,1,0,1,0,0,2,0,0,1,0,0,0,1,1,1,0,1,1,0,0,1,0,0,0,0,1,1,1,0,1,1,1,0,0,0,1,0,0,2,0,0,0,1,2,1,1,0,0,0,2,1,0,2,1,0,2,0,0,0,2,1,0,0,1,1,1,0,1,2,1,0,1,0,1,1,1,0,0,2,1,0,0,1,1,0,0,2,0,0,0,1,1,0,1,1,1,0,0,0,0,1,1,0,0,0,0,0,1,2,1,0,0,0,0,1,0,1,0,1,1,2,1,1,0,1,1,2,0,0,2,0,0,0,0,0,0,0,0,1,0,0,0,0,0,0,1,0,1,1,1,0,1,1,2,0,0,1,0,0,1,1,1,0,0,0,1,1,0,1,1,0,0,0,1,1,0,0,0,1,1,1,0,1,0,0,0,0,0,0,0,2,1,0,0,0,1,1,0,0,0,0,2,1,0,1,0,0,0,0,0,0,0,0,0,1,0,0,0,1
L055,0,2,2,2,1,0,1,0,0,0,1,1,0,1,1,0,2,1,0,1,0,1,0,1,1,0,2,0,0,2,2,1,0,1,0,2,1,0,0,1,0,1,0,0,1,1,0,0,1,1,0,1,0,0,0,1,1,1,1,0,0,0,1,1,1,0,1,0,0,0,0,0,0,0,1,2,0,1,0,0,2,0,1,0,0,0,0,0,1,1,2,0,0,0,0,2,0,0,1,1,0,0,0,0,1,0,0,1,0,1,2,1,0,0,1,1,2,0,1,0,0,2,1,0,0,0,1,1,0,1,1,0,0,1,0,0,0,0,0,1,1,2,1,0,1,1,1,0,0,1,1,1,0,0,0,0,1,1,0,0,0,1,0,2,0,0,1,1,0,0,1,1,1,2,0,1,2,1,1,2,0,1,0,0,0,1,0,0,0,0,1,1,0,1,0,1,0,0,0,0,2,2,2,0,0,1,0,0,1,0,1,0,2,0,0,1,1,0,0,0,0,0,0,2,0,0,0,0,1,0,0,0,0,0,1,1,0,1,1,1,1,0,1,1,1,0,1,1,0,0,1,2,0,0,0,1,0,0,1,2,1,0,1,1,2,1,1,2,0,0,0,0,1,1,0,0,0,0,0,0,0,0,1,0,2,0,1,0,0,0,0,0,2,0,2,0,1,0,0,2,1,0,1,0,0,1,1,1,1,0,1,0,0,1,0,2,0,0,1,1,1,2,1,0,1,0,0,1,0,2,0,1,0,1,1,0,2,0,0,1,0,0,0,0,0,1,1,2,0,1,1,2,1,0,0,2,0,0,0,1,1,0,0,1,0,0,2,0,0,0,0,0,1,0,1,1,1,0,0,0,1,0,1,1,1,0,0,0,2,0,1,0,0,0,0,0,2,1,0,0,0,1,0,1,0,0,0,0,2,0,1,1,1,0,1,1,0,2,0,2,0,0,1,0,0,0,0,0,0,0,0,0,1,1,0,0,0,1,2,0,0,0,1,1,0,0,1,0,0,1,1,0,0,1,0,1,1,0,0,1,0,0,0,1,0,0,2,0,0,1,1,1,0,0,0,0,0,1,0,1,1,1,1,1,0,0,0,1,1,0,0,0,1,0,1,0,1,2,1,1
L056,0,1,1,1,0,0,0,2,1,0,1,0,0,0,2,1,1,1,1,0,0,1,1,1,0,1,1,1,0,0,2,0,1,1,2,2,1,0,1,0,0,2,0,0,0,0,0,0,1,0,0,2,0,0,0,1,1,0,0,1,0,1,0,0,0,1,0,0,1,2,0,1,0,0,0,0,0,1,1,1,2,0,0,2,0,0,1,0,0,0,0,0,1,0,1,0,1,0,0,1,1,1,0,2,1,0,1,1,1,2,1,1,1,0,0,1,2,0,0,1,0,1,1,0,2,1,0,1,1,1,1,0,0,2,0,2,0,1,0,1,0,0,0,0,0,0,1,1,0,1,0,0,1,1,1,0,1,1,0,0,0,1,0,1,0,1,1,0,1,1,2,1,0,1,0,0,2,1,0,2,0,0,2,1,0,0,1,1,1,1,0,2,1,0,0,0,1,0,1,2,2,1,0,0,0,1,0,0,1,2,0,0,1,0,2,1,1,0,1,0,0,0,0,0,0,1,0,1,1,0,0,0,0,0,0,1,0,1,0,0,1,1,1,0,1,0,2,0,0,0,0,1,0,0,0,0,2,1,0,0,2,0,1,0,1,1,1,1,0,0,0,0,0,1,0,1,0,1,0,0,0,0,1,0,2,0,2,0,0,2,1,0,1,0,0,2,0,0,2,0,0,0,0,0,0,1,2,1,2,1,0,0,0,1,1,2,0,0,0,0,0,0,1,0,0,0,0,0,0,1,1,2,0,0,1,1,1,1,0,1,2,2,0,0,0,1,1,0,1,1,1,0,1,0,1,1,0,0,1,2,1,0,0,1,0,0,1,2,0,0,0,0,0,0,1,2,1,1,0,0,0,1,0,0,1,0,0,2,2,1,0,0,1,0,0,1,0,1,1,0,0,0,0,0,0,1,1,1,1,2,1,0,0,0,0,0,1,1,0,1,0,0,0,0,0,0,1,0,2,0,1,0,2,0,1,0,0,0,1,0,2,1,0,0,0,1,1,0,1,2,2,0,0,1,0,0,1,0,0,1,1,0,0,1,0,2,1,1,1,0,1,2,0,0,0,1,2,1,1,1,2,0,0,1,0,0,0,1,1,1,1,0,1,0,0,1,2,0,0,0
L057,0,1,0,0,0,0,1,0,0,0,2,1,2,1,0,1,0,2,0,0,1,1,0,1,2,0,0,0,1,1,2,1,1,0,0,0,1,0,0,1,2,1,0,0,1,1,1,0,1,0,0,0,0,0,1,0,0,0,0,0,1,0,0,1,1,0,0,0,1,1,0,0,1,0,0,1,0,0,1,1,1,0,0,2,0,0,0,0,0,1,1,0,1,2,0,1,1,2,1,0,1,1,0,0,1,0,1,1,1,2,0,0,1,0,2,0,1,0,1,0,0,2,2,0,1,0,0,0,0,1,1,2,0,1,0,0,0,0,0,1,0,0,1,1,0,0,0,2,0,0,1,1,0,2,0,0,2,0,2,2,0,2,0,1,0,0,1,2,1,2,0,2,0,0,0,1,2,1,0,1,0,1,1,0,0,0,1,1,0,1,0,1,0,0,1,0,2,0,1,0,1,1,0,1,1,1,1,1,1,1,2,0,2,0,0,1,2,0,0,0,1,0,0,1,1,2,1,2,0,0,0,0,0,0,1,0,1,0,0,0,0,0,1,1,1,0,0,0,0,0,0,0,1,1,1,1,1,1,0,1,0,0,2,0,1,2,1,0,2,1,1,0,1,2,0,1,0,0,2,0,0,0,0,1,0,1,1,0,0,1,0,2,0,0,1,1,0,0,0,0,1,0,1,0,0,0,2,1,1,0,1,0,0,2,0,0,0,1,0,1,2,0,0,1,0,0,1,2,0,0,0,0,0,0,0,0,0,0,2,1,0,1,0,0,1,0,1,0,0,1,1,0,1,1,0,2,0,0,0,1,1,0,0,1,1,0,1,0,1,0,0,0,0,0,0,1,1,1,1,0,1,0,0,0,0,1,0,1,0,0,1,0,0,0,0,0,1,0,0,1,2,1,0,0,1,0,0,1,2,1,0,1,0,0,1,0,1,0,0,2,1,0,0,0,0,0,0,0,0,0,0,1,1,1,1,0,0,0,1,0,0,0,2,0,0,0,1,0,0,1,1,1,1,1,0,0,0,0,0,1,2,0,0,0,0,0,1,0,0,0,0,1,0,0,0,0,1,0,0,1,0,0,1,0,0,1,1,1,1,1,0,0,0,0,1,1,1,1,0,0
L058,1,0,0,1,1,1,0,0,0,1,1,1,1,1,0,0,0,0,0,2,0,0,0,0,0,0,2,1,1,1,1,0,0,1,2,2,0,0,0,0,2,0,2,1,1,0,0,0,1,1,0,1,0,0,0,1,1,2,1,2,0,0,0,0,1,0,0,1,0,0,1,0,0,0,2,1,0,1,0,1,0,1,2,0,0,0,2,1,0,0,0,0,1,1,0,1,1,0,1,0,0,1,0,0,2,2,1,0,1,1,0,1,1,0,0,0,1,1,0,0,0,2,0,0,1,0,0,0,0,1,0,2,0,2,1,0,2,1,1,0,1,0,0,0,0,0,2,2,0,0,0,0,0,1,0,0,0,1,2,0,0,1,0,0,0,1,0,0,0,0,1,0,1,1,0,1,1,1,1,1,1,1,1,0,0,0,0,0,1,1,0,2,1,0,0,0,2,1,1,0,1,0,0,2,1,1,0,2,1,1,1,0,2,0,1,0,1,1,0,1,0,0,0,0,1,1,0,1,0,0,0,0,0,0,2,0,0,1,0,0,2,0,2,1,1,0,1,1,0,0,1,1,0,0,1,1,2,1,0,0,1,0,1,0,0,1,0,1,0,0,2,0,1,1,0,1,0,2,0,1,0,1,2,1,0,1,0,0,1,0,1,1,0,0,2,0,1,0,0,2,0,1,0,0,0,2,2,0,2,2,1,0,1,0,1,0,0,0,0,2,0,2,1,0,0,1,1,0,0,0,1,0,0,2,1,0,1,1,1,1,1,1,0,0,1,2,1,1,1,1,1,0,1,0,0,1,1,1,0,0,0,0,2,0,0,0,0,1,1,0,0,0,1,0,0,1,1,1,0,0,1,2,0,0,0,0,1,1,2,1,0,0,0,0,0,2,1,2,0,0,1,2,2,0,1,0,0,0,0,0,1,1,0,0,2,0,0,0,0,1,0,1,0,0,0,0,1,0,1,1,0,2,0,2,0,0,1,0,2,0,0,1,0,1,0,1,2,1,0,1,2,1,1,0,0,0,1,1,0,1,0,0,0,1,0,1,1,0,0,0,0,2,2,0,0,1,0,1,1,1,2,0,0,0,0,1,0,1,1,1,1,0,0,1,1,2,0,2,0,1
L059,0,1,1,0,0,0,1,1,1,1,0,0,0,1,0,2,2,1,0,0,0,1,1,0,0,0,1,0,0,1,0,0,1,1,1,2,1,0,0,0,1,0,0,0,2,0,0,0,1,1,0,1,0,0,0,1,1,0,1,0,0,0,0,0,0,1,1,1,0,1,0,1,0,1,0,0,0,0,1,0,1,0,1,0,0,0,1,0,0,0,0,0,0,1,0,1,0,0,0,0,0,1,0,0,0,0,2,0,1,1,1,1,1,0,0,0,1,0,0,0,0,1,0,1,0,1,1,1,2,1,0,1,0,2,0,1,0,1,0,0,1,1,0,1,0,0,0,1,0,0,0,0,0,0,0,0,0,1,1,1,1,0,1,0,0,0,0,1,0,0,1,2,0,0,1,1,1,0,0,1,0,0,1,0,0,1,1,0,0,0,0,2,0,0,1,0,0,0,0,1,1,2,1,2,1,0,0,2,1,0,0,0,0,0,1,1,1,0,1,0,0,0,0,2,2,2,1,1,1,0,0,2,0,0,0,0,0,1,0,1,0,0,1,0,1,0,0,0,0,0,0,2,0,0,1,0,1,2,2,1,1,0,1,2,0,1,1,1,0,0,1,0,0,1,0,2,1,1,0,2,0,1,0,1,1,0,0,1,0,0,0,2,0,0,1,0,1,0,0,2,1,0,1,0,0,0,0,0,1,1,1,0,0,0,1,2,1,0,2,1,0,0,0,0,2,0,1,2,0,1,0,1,0,0,0,0,0,0,1,1,1,0,0,0,1,0,1,2,1,2,1,0,0,0,0,1,0,0,1,1,1,0,0,2,0,0,0,0,0,0,0,0,1,0,0,1,1,0,1,0,0,1,0,0,0,0,0,1,1,0,0,0,0,1,1,1,0,1,0,0,0,0,0,0,1,1,0,1,2,1,1,2,0,0,1,1,0,0,1,1,1,0,0,0,0,0,0,0,2,0,2,0,0,1,1,0,0,1,2,0,0,1,0,1,0,0,1,0,0,0,1,1,1,0,0,0,1,0,0,0,2,0,0,1,0,0,0,0,0,0,0,2,0,0,0,0,1,1,0,1,1,0,1,1,0,0,0,0,0,0,1,1,0,1,1,0,1,1,1,0
L060,0,0,1,0,0,0,1,1,1,1,2,1,0,2,0,1,1,1,0,1,0,0,1,0,0,1,0,0,0,0,0,0,1,0,0,1,1,1,1,2,1,0,2,1,0,0,0,0,0,1,0,2,1,0,0,0,2,1,1,0,0,0,0,1,0,0,1,0,1,0,0,1,0,1,1,0,1,1,0,2,2,0,1,1,0,0,2,0,0,1,1,0,1,0,0,0,1,1,1,0,0,1,0,0,2,0,2,0,0,1,1,1,1,0,0,1,0,1,0,1,0,1,0,0,2,0,0,0,0,1,0,2,1,1,1,0,0,1,0,0,1,0,0,0,0,0,1,1,0,0,1,0,1,1,1,0,1,1,1,0,0,0,1,1,1,0,2,1,1,2,1,1,0,0,0,1,0,1,0,2,0,0,0,0,0,0,1,0,0,1,0,2,2,1,1,0,2,0,1,1,0,1,0,1,2,2,0,1,1,0,1,0,1,0,1,0,1,1,1,1,1,0,0,2,0,0,0,1,0,1,0,0,0,1,1,1,0,2,0,0,0,0,0,2,0,0,0,1,0,0,0,1,1,0,1,0,1,0,2,1,1,0,1,2,1,1,0,1,1,1,1,0,0,2,0,0,1,1,0,1,1,0,0,1,1,1,0,0,1,0,1,1,0,1,0,0,0,1,1,2,0,0,1,0,1,0,1,0,0,1,0,0,0,0,0,0,1,0,0,2,0,0,0,0,0,0,0,0,0,1,0,1,0,2,0,0,1,2,0,2,1,1,0,0,0,1,1,0,1,1,1,0,0,0,1,0,0,0,2,0,0,0,0,1,1,0,1,1,1,0,0,0,0,1,1,1,1,0,0,0,0,0,0,0,1,1,0,2,1,1,0,1,1,0,0,1,0,1,1,0,2,1,0,1,2,0,1,1,1,0,1,0,0,0,0,1,0,0,1,1,1,0,0,0,0,0,1,0,0,0,0,1,0,0,0,0,0,0,1,0,1,0,1,1,0,1,0,1,0,1,2,0,0,2,0,0,1,0,1,0,0,0,0,1,0,1,0,1,0,0,0,0,0,0,0,0,0,0,0,0,1,1,0,1,1,1,0,0,1,1,1,0,0,0,0,1,1,1,0,0
L061,2,0,1,1,0,1,1,0,1,2,1,1,0,1,0,1,1,2,0,1,0,1,0,1,0,0,2,0,0,0,0,1,2,0,1,1,0,0,0,1,2,1,0,0,0,1,0,0,1,0,0,0,1,1,0,0,2,0,1,0,0,0,0,0,0,1,2,0,0,1,0,2,0,1,1,1,0,0,0,1,1,0,1,0,1,0,0,0,1,0,0,0,1,1,0,1,1,0,0,2,0,0,0,1,0,1,1,1,0,2,1,1,0,0,1,1,1,2,0,1,0,1,0,0,1,0,0,0,1,0,0,0,0,0,0,0,0,1,1,1,1,0,0,0,1,0,2,1,0,0,1,0,1,1,0,0,0,1,1,2,2,1,0,1,0,0,0,0,1,0,1,0,0,0,0,1,2,0,1,1,0,0,2,0,0,0,0,1,1,1,0,1,0,0,1,0,1,1,1,0,1,1,1,1,2,0,0,2,1,0,0,0,1,0,1,0,1,1,1,0,0,0,0,0,0,1,1,1,1,1,1,1,0,0,1,1,1,1,0,0,1,2,2,1,0,0,1,0,0,1,1,2,1,0,2,0,1,2,2,0,0,1,2,1,1,2,1,1,0,0,0,1,0,0,1,2,0,0,0,0,0,0,0,1,1,0,0,0,0,2,2,1,1,0,0,1,1,0,1,0,0,0,1,0,1,1,1,1,1,0,0,0,1,0,0,0,0,0,1,1,0,1,1,0,1,0,0,1,0,0,1,1,0,1,0,0,0,1,1,0,0,1,0,0,0,0,2,1,2,1,0,1,1,0,0,1,0,0,1,1,2,0,1,2,0,0,0,2,0,1,0,0,1,0,1,1,2,0,1,0,0,2,1,2,0,1,0,0,0,0,0,0,1,0,0,0,2,0,0,0,0,0,0,1,1,1,1,0,1,1,1,1,0,0,0,0,1,0,1,1,0,1,0,0,0,1,1,1,2,0,0,1,0,1,1,1,0,1,2,0,1,0,0,0,1,1,2,2,0,2,0,1,0,1,0,0,1,0,2,2,1,0,0,1,0,0,1,0,0,0,0,0,0,0,1,0,0,0,0,1,0,1,1,0,0,2,1,1,0,0,1,0,0,1,1,0,1,0,1,0
L062,1,2,0,1,0,0,1,1,1,1,2,0,0,1,0,1,1,0,0,0,0,1,1,0,0,1,2,0,2,1,0,0,1,2,1,0,1,1,1,1,0,0,0,0,1,1,0,1,1,1,0,0,1,0,0,1,2,0,0,1,0,1,2,1,0,0,1,0,0,2,1,1,0,1,1,0,0,0,0,1,0,0,2,0,1,0,1,0,0,0,0,0,0,1,1,1,1,1,2,0,1,1,0,0,1,0,1,1,1,2,0,1,0,0,2,1,1,0,1,1,0,2,0,0,1,0,1,0,1,2,1,0,1,1,1,1,1,2,1,0,1,1,1,0,0,1,1,2,0,0,0,0,1,1,0,0,1,0,0,1,1,2,0,0,1,0,1,0,0,0,1,1,0,2,0,2,1,1,0,1,1,1,2,0,0,0,0,0,2,0,2,1,0,0,1,1,2,0,0,1,0,0,0,1,1,0,0,0,0,1,0,0,1,1,2,0,0,0,0,0,0,0,0,2,0,1,0,1,2,0,0,0,0,1,0,0,0,0,2,0,2,0,2,1,0,0,2,0,0,0,0,0,0,1,0,0,1,0,1,1,0,0,1,0,1,1,0,1,1,0,2,0,0,1,0,0,0,0,1,1,0,0,0,0,2,0,2,0,1,1,0,0,1,0,0,1,0,1,1,1,0,0,2,0,0,1,1,0,1,1,2,0,1,1,1,1,0,0,0,0,0,2,0,1,0,1,0,2,1,0,1,1,0,0,1,0,1,1,1,0,0,0,0,0,0,1,1,0,1,1,0,0,1,0,1,1,0,0,1,1,2,0,0,0,1,0,0,1,0,1,0,0,2,1,2,1,1,1,1,0,1,1,0,0,1,1,1,1,0,2,1,1,0,0,0,2,0,2,0,0,1,2,1,1,2,0,0,1,0,1,0,0,1,0,1,0,1,1,1,1,0,1,0,0,2,1,0,0,1,0,1,1,1,0,0,0,0,0,2,0,0,1,1,1,1,0,2,1,0,2,1,1,0,0,0,0,0,1,0,1,0,1,0,2,0,2,1,0,0,0,0,1,0,0,2,0,0,0,0,2,2,1,2,2,1,0,1,2,0,1,0,0,1,0,1,1,0,2,0,1
L063,1,2,2,1,0,0,1,2,0,1,0,1,0,1,0,1,1,0,0,2,0,1,1,0,1,0,1,0,0,1,1,0,1,1,0,2,1,0,0,1,1,1,1,0,1,0,0,1,0,1,0,1,0,0,1,1,1,1,2,0,1,0,0,2,1,0,2,0,0,1,0,1,0,0,0,1,0,1,0,1,0,0,1,1,0,0,1,0,0,0,1,0,1,1,0,0,2,2,0,0,0,0,0,1,1,1,1,1,0,0,2,1,1,0,1,0,2,1,1,1,0,0,0,0,1,0,0,1,2,0,1,1,0,0,1,0,0,1,2,2,0,1,0,0,0,0,0,2,1,1,2,1,0,1,1,0,0,2,1,0,0,0,1,0,2,0,0,2,2,0,0,0,0,1,0,2,2,1,0,0,1,1,1,0,0,0,0,1,1,0,1,0,0,0,0,0,1,1,1,2,1,1,1,1,2,1,0,1,1,0,1,0,1,0,1,1,0,0,0,1,0,0,0,1,1,1,0,1,1,1,0,0,0,0,1,0,0,1,0,1,0,0,0,1,0,0,1,1,0,0,0,1,2,0,1,0,2,1,0,1,2,0,1,2,0,0,0,1,0,0,0,0,0,1,0,1,0,0,0,1,0,0,0,0,0,0,1,0,0,2,1,0,1,2,1,0,0,1,1,0,0,0,1,1,0,0,0,1,1,1,1,1,0,0,1,1,2,0,1,1,1,1,0,0,0,1,1,0,1,0,0,1,0,1,1,0,0,0,1,1,2,1,1,0,0,1,0,1,1,1,0,2,1,0,1,1,1,0,1,1,0,0,0,1,0,0,1,2,1,0,0,1,0,0,2,2,0,0,1,0,1,0,0,0,0,1,0,1,0,1,1,1,1,1,0,1,0,0,0,1,2,0,2,0,1,0,2,1,0,0,1,1,1,0,1,0,2,0,0,1,0,0,2,1,0,0,0,0,1,0,0,0,0,2,0,1,0,1,1,0,1,0,1,1,0,0,0,0,1,1,0,0,1,0,1,1,1,0,0,1,1,0,0,1,0,1,1,1,0,0,1,0,0,0,0,0,1,0,1,1,1,1,0,0,0,2,0,1,0,0,1,0,1,1,2,0,1,0,0,1
L064,1,2,2,0,0,0,0,0,0,0,0,2,1,0,1,1,1,1,0,1,0,0,0,0,1,0,1,0,1,1,0,0,0,0,1,0,0,1,0,0,1,0,0,0,0,0,1,0,1,0,0,1,0,0,0,1,1,1,0,1,0,1,1,1,0,0,1,0,1,1,0,1,0,2,1,0,0,0,1,1,2,0,0,1,0,0,1,1,0,0,1,0,1,2,0,1,1,0,1,0,0,0,0,1,2,1,1,2,0,2,1,1,1,0,0,0,1,1,1,1,0,2,0,1,1,0,0,0,1,0,1,1,1,2,1,0,1,1,0,0,1,0,2,1,0,1,1,0,0,0,1,0,0,2,0,0,0,2,2,1,0,1,1,1,0,0,1,2,0,0,0,1,2,1,0,1,1,1,0,1,1,0,2,0,0,0,1,0,2,0,0,2,0,0,0,0,0,1,1,2,1,1,1,2,2,2,0,0,1,0,0,0,2,1,0,1,1,0,0,0,2,1,0,1,2,1,0,2,0,2,0,1,0,0,1,0,0,1,0,0,0,0,1,1,0,1,1,0,0,1,1,1,1,1,0,0,1,0,1,2,1,0,0,2,1,1,0,0,0,1,1,0,2,0,0,0,0,1,1,0,0,1,0,0,2,1,0,0,0,0,0,2,0,0,1,0,0,1,0,0,1,0,1,1,0,2,1,1,0,1,0,0,0,0,1,1,2,1,1,0,0,2,0,0,0,0,0,0,1,0,0,0,0,0,1,0,0,0,0,2,0,0,0,0,1,1,2,1,2,0,0,0,1,1,2,0,0,0,0,1,1,0,1,0,0,0,0,0,1,0,0,2,1,0,1,1,2,0,0,0,0,0,0,1,0,1,0,1,1,1,0,0,0,0,0,0,0,0,1,0,1,1,0,0,2,1,1,1,2,1,0,0,0,0,0,0,0,1,0,2,0,1,0,0,0,0,1,0,1,1,0,0,0,1,1,0,0,0,0,0,0,0,0,0,0,1,0,0,0,0,0,0,0,0,0,2,0,0,0,0,1,0,0,1,0,1,2,1,0,0,0,0,0,0,0,1,0,1,0,1,1,0,1,1,0,0,0,1,0,0,0,1,0,1,0,0,0,1,0,1
L065,0,1,0,1,1,0,0,0,1,1,2,1,2,1,1,0,1,2,0,1,1,1,0,0,1,0,2,1,2,1,2,0,1,1,2,1,0,0,0,1,1,1,0,1,0,1,0,1,1,1,0,1,0,1,0,0,2,0,1,0,0,0,0,0,0,0,2,0,1,1,0,1,0,0,1,0,1,1,0,2,1,0,1,1,0,0,0,0,1,0,0,1,0,1,0,2,2,2,2,0,1,0,0,1,2,0,1,1,1,1,1,1,0,0,0,0,0,0,0,0,0,2,1,0,2,1,1,1,0,0,0,1,0,2,1,0,1,0,1,0,0,0,2,0,1,0,2,0,0,0,1,1,1,1,2,0,0,1,1,1,0,0,1,2,0,1,0,1,0,0,0,0,0,0,0,0,2,1,0,2,1,0,2,0,0,1,0,0,1,2,0,1,0,0,0,1,2,0,2,1,1,0,1,1,2,2,1,1,2,0,1,0,2,1,0,0,0,0,0,1,0,0,0,2,0,1,1,0,2,1,0,1,1,0,1,0,0,0,0,1,0,1,1,0,1,0,0,0,0,1,0,1,2,0,1,0,0,1,0,1,2,0,1,1,1,1,1,1,1,0,1,0,0,2,0,1,1,0,0,0,2,1,2,0,1,0,1,0,2,0,0,2,0,0,1,2,2,0,0,1,0,1,0,0,0,1,0,1,0,1,1,0,0,0,0,2,0,0,1,2,0,0,1,0,0,1,0,0,0,1,0,1,0,2,0,1,1,1,0,1,2,1,0,0,2,1,0,0,1,1,1,1,1,0,1,1,0,0,1,2,1,0,1,1,1,0,1,1,0,2,0,0,1,0,1,2,0,1,0,1,1,2,0,0,1,1,0,0,0,1,0,1,0,0,0,1,0,0,0,2,1,0,1,0,2,0,0,1,2,0,1,2,0,0,2,1,0,1,0,2,0,1,0,0,0,1,0,0,0,0,0,0,1,0,0,0,0,0,2,0,0,1,0,0,0,1,1,0,0,1,0,1,0,0,0,1,0,0,0,1,1,0,0,1,0,0,2,1,0,0,0,1,0,0,1,0,0,1,0,1,0,0,1,2,0,0,0,0,1,0,2,0,0,0,1,0,1,1,0,0
L066,0,1,1,1,0,0,0,0,1,1,2,1,2,1,0,2,1,0,0,0,0,1,0,0,0,0,2,0,1,2,0,0,0,0,1,0,0,1,0,0,2,0,1,0,0,2,0,0,0,0,0,0,1,0,0,1,2,0,1,1,0,1,0,0,1,1,1,0,0,1,0,1,0,2,1,0,0,1,0,1,0,1,1,1,1,0,0,1,1,2,1,1,1,0,0,2,0,1,0,0,1,0,0,1,1,1,2,0,0,2,1,1,1,0,1,0,2,0,1,1,0,1,0,0,0,1,0,1,1,2,1,1,1,0,1,1,1,1,0,1,0,1,0,0,0,0,1,0,0,0,0,1,1,0,0,0,0,0,0,1,0,0,0,2,1,0,1,0,1,0,1,2,0,0,1,0,2,2,1,0,1,1,0,0,1,1,2,0,0,1,0,1,0,1,0,0,1,0,1,1,0,0,1,1,1,1,0,0,0,0,1,0,0,0,2,1,2,0,0,0,0,0,0,2,1,0,1,1,1,1,0,0,1,1,0,2,1,0,0,0,2,0,1,0,1,0,0,0,0,0,0,2,0,1,0,1,2,1,0,1,2,0,1,1,1,2,1,1,0,0,2,0,0,1,1,1,0,2,0,2,0,0,0,1,1,0,1,1,1,0,1,1,0,1,1,0,1,0,0,2,0,0,2,0,0,1,1,0,1,0,1,0,1,0,0,0,1,1,1,0,1,1,0,0,1,1,0,2,1,2,1,1,0,0,1,0,1,0,1,2,0,0,0,1,2,1,1,2,1,0,1,0,1,1,1,1,0,0,0,0,2,0,0,0,0,1,2,0,0,0,0,0,0,0,1,1,1,1,0,0,0,2,1,0,0,1,0,1,0,1,1,0,0,1,0,0,0,2,1,0,0,0,0,1,1,2,0,0,0,0,0,2,0,0,1,1,1,2,1,2,0,0,0,0,0,1,0,0,1,1,0,0,1,1,0,0,0,1,0,0,0,0,1,1,0,1,2,1,0,2,0,2,1,0,0,0,0,0,0,0,1,0,0,1,0,0,2,0,0,0,0,1,0,0,1,0,0,0,0,1,0,0,2,2,0,0,0,1,0,1,0,1,0,0,2,1,1,0,0,0
L067,2,1,0,1,0,0,1,0,0,1,0,0,0,0,1,1,2,1,0,1,0,1,0,0,0,0,0,1,0,2,2,1,0,2,0,1,1,1,1,0,0,0,1,0,0,2,0,0,1,0,1,0,0,1,0,0,0,0,0,1,1,1,0,0,0,1,1,0,0,1,0,0,1,1,1,0,0,2,2,1,1,0,1,0,0,0,0,0,1,0,0,0,0,1,0,1,1,0,2,0,0,1,0,0,0,0,1,0,1,1,1,2,1,0,0,0,1,0,1,1,0,2,0,0,1,0,1,1,0,1,1,1,1,0,0,0,0,1,0,0,1,0,2,1,1,1,0,2,0,0,0,0,1,1,1,0,0,1,1,1,1,0,0,2,1,0,1,0,1,0,0,2,0,1,0,0,1,1,0,1,0,0,2,0,0,0,1,1,1,1,0,0,0,0,1,0,0,1,1,0,0,1,2,1,2,1,1,1,0,2,1,0,2,0,2,0,0,0,0,0,1,1,0,1,1,1,1,1,0,1,0,1,0,1,2,2,0,2,0,1,1,0,1,0,1,0,0,0,0,1,0,1,2,0,0,0,0,0,1,1,1,0,0,0,2,1,0,1,0,0,1,0,0,0,0,1,0,0,0,1,1,0,0,1,0,0,2,1,2,0,1,1,1,1,1,2,0,0,1,1,1,0,1,1,0,1,2,2,1,0,1,0,1,0,2,0,0,0,1,0,0,0,0,0,0,1,1,1,2,0,1,0,0,2,0,0,1,1,1,1,1,0,0,1,0,1,0,0,0,1,2,1,0,0,1,2,0,0,2,0,1,1,0,1,0,0,1,0,0,2,0,0,1,1,2,0,2,1,0,0,0,2,0,0,0,1,0,1,2,1,1,0,0,0,0,1,0,1,0,2,1,0,1,0,1,0,0,0,2,0,0,1,0,0,1,0,0,0,1,1,1,0,0,0,0,1,0,0,0,0,2,0,1,0,1,1,0,0,2,0,1,0,1,0,0,0,1,0,1,1,1,0,0,0,1,0,0,0,0,1,1,0,0,2,0,0,1,0,0,0,0,1,0,0,0,0,0,0,0,2,1,0,1,2,1,0,0,2,0,0,0,0,0,0,1,1,1,0,0,1
L068,0,1,1,1,1,1,0,0,1,1,2,0,1,1,1,1,2,0,0,0,2,0,1,0,0,0,0,1,0,1,2,0,1,1,0,1,0,2,1,0,1,0,1,1,0,1,0,0,1,2,0,2,1,1,0,1,0,0,1,0,0,0,0,0,0,0,0,0,1,0,1,1,0,0,0,0,1,1,1,1,0,0,1,2,0,1,1,0,2,0,0,0,0,2,0,1,1,0,1,0,1,0,0,1,1,1,1,0,0,1,0,0,0,1,1,1,0,0,0,1,0,1,0,0,1,1,2,1,0,2,0,1,0,2,1,1,1,1,1,0,2,0,2,1,0,0,2,1,0,2,0,0,0,2,1,0,0,1,0,0,0,2,0,1,0,1,1,0,0,1,1,0,2,0,0,2,1,2,0,1,0,0,1,1,0,1,1,0,0,0,0,1,2,1,1,0,1,2,1,1,0,2,1,0,0,0,1,1,0,0,0,0,1,0,2,0,1,0,0,0,0,0,0,0,1,2,1,1,0,0,0,0,0,0,1,1,0,0,0,1,1,0,1,1,2,0,0,0,0,0,0,1,1,0,2,0,0,2,0,0,2,0,0,1,0,2,1,0,0,2,2,0,0,1,0,0,0,2,1,1,0,0,0,1,1,1,0,1,1,0,1,0,1,0,0,1,0,1,0,0,0,0,1,1,1,1,0,1,1,0,0,0,0,0,0,1,1,0,0,0,0,1,1,0,1,1,1,1,0,1,2,1,0,2,0,0,1,0,0,0,0,0,0,1,1,2,1,0,2,1,1,1,0,0,0,2,0,1,1,0,1,0,0,1,0,0,2,2,0,1,0,0,1,1,0,1,0,0,0,0,0,0,0,0,1,0,1,1,2,2,0,0,1,0,0,0,1,2,0,0,1,2,1,0,1,1,1,2,0,0,0,1,0,0,1,0,1,1,0,0,1,0,1,1,0,1,1,0,1,0,1,0,1,1,0,0,0,0,1,0,1,1,0,0,0,0,0,0,1,0,1,1,1,0,0,0,2,2,0,1,2,0,1,2,1,0,1,0,0,0,0,0,0,0,0,1,0,0,0,0,1,0,1,1,0,0,0,1,1,0,1,0,0,1,0,2,1,1,0,1
L069,1,2,1,0,0,1,1,0,2,0,1,0,0,0,0,2,1,0,0,1,0,0,1,1,1,0,1,1,1,0,2,1,0,1,1,1,0,1,0,2,1,1,1,0,1,2,0,1,1,0,1,2,2,1,0,1,2,0,0,1,0,0,0,0,0,1,0,0,0,1,0,2,0,1,0,0,0,2,1,1,1,0,0,1,0,0,2,0,0,0,1,1,1,1,0,2,1,0,1,1,1,1,0,0,1,0,1,1,0,1,1,1,1,0,0,1,2,0,0,1,1,2,0,0,1,0,1,1,0,2,1,0,0,2,0,1,0,0,0,1,1,1,0,0,0,1,2,1,0,0,1,2,1,0,0,0,1,0,0,1,0,0,1,1,1,0,1,2,2,0,0,1,0,1,1,0,1,0,1,1,0,0,1,0,0,0,2,0,0,0,1,1,1,0,0,0,0,1,1,2,1,1,0,2,1,0,0,2,1,1,1,0,0,0,0,0,0,1,0,0,0,0,0,1,1,2,1,0,1,0,0,1,0,0,2,1,1,0,2,0,1,0,0,0,1,0,2,0,1,1,0,1,1,0,0,0,0,2,0,0,1,0,1,1,1,0,1,0,0,0,0,0,0,1,0,0,0,0,1,1,1,0,0,0,1,1,1,0,0,1,1,1,0,0,1,0,0,0,1,1,0,0,1,1,2,0,1,1,1,1,2,1,0,0,1,1,1,1,0,2,0,0,0,0,0,0,1,1,0,1,1,2,0,1,0,0,1,0,1,1,1,2,0,0,0,1,1,0,1,0,0,0,0,0,0,1,1,0,1,0,2,0,1,1,1,0,1,1,0,0,0,0,2,0,1,0,2,0,0,0,1,1,0,1,0,0,0,1,1,2,0,0,0,2,0,1,2,0,1,1,2,1,2,0,1,1,1,0,1,0,1,0,0,0,1,1,1,2,0,1,0,0,0,1,0,0,1,0,0,0,2,0,2,1,1,0,0,1,1,0,1,0,0,0,0,0,1,1,0,0,1,0,0,0,1,0,0,0,0,2,0,0,0,0,2,0,0,0,1,0,1,1,1,1,0,2,0,1,0,1,1,0,2,2,1,1,0,2,1,1,1,0,0,1,0,1,0,2,0,0
L070,1,1,1,0,1,1,1,0,0,2,1,0,1,1,1,2,0,1,2,0,0,1,0,0,1,1,2,0,0,0,1,0,1,0,0,1,1,0,0,2,2,1,0,0,0,1,0,0,0,0,0,1,0,0,0,0,0,0,1,0,0,1,0,0,0,0,0,1,0,2,1,1,0,1,2,1,0,1,1,2,0,0,1,1,0,0,2,0,2,1,0,0,0,1,1,1,1,0,2,0,0,0,0,1,2,2,2,0,0,0,0,2,1,0,0,0,1,0,0,2,1,1,1,0,1,1,1,0,1,1,1,2,0,0,0,1,0,0,0,2,2,0,1,0,1,0,1,1,0,0,1,1,1,2,1,0,1,2,0,2,0,2,1,2,0,0,0,1,2,1,0,2,0,0,0,1,1,2,1,1,1,0,1,0,1,1,1,0,1,2,1,2,1,1,0,0,0,0,0,1,0,1,1,1,2,0,0,0,1,0,1,1,2,0,1,1,2,1,1,0,1,1,0,1,0,1,0,2,0,0,0,0,0,0,1,0,0,0,0,0,1,1,1,0,0,0,1,0,0,1,0,2,1,1,1,0,0,1,1,1,0,0,2,1,1,1,1,0,0,0,0,0,2,1,0,0,1,2,2,2,0,0,1,2,1,1,0,0,2,1,0,2,2,1,1,1,0,0,1,1,1,0,1,0,0,0,1,0,2,0,1,0,0,1,2,0,0,0,0,1,2,0,0,0,0,2,0,0,0,1,2,0,0,0,1,0,1,1,1,0,1,1,1,0,0,1,1,0,1,2,2,1,0,1,1,1,0,1,1,1,1,0,1,1,1,0,0,1,0,0,0,0,0,0,0,0,1,0,0,0,0,2,0,0,0,1,1,1,0,1,1,0,0,0,0,1,0,2,0,0,2,1,2,0,1,0,0,0,1,1,2,1,0,0,2,0,0,0,1,0,0,0,0,0,1,0,0,0,0,0,2,0,0,1,0,0,0,1,2,0,0,0,0,0,0,0,1,0,0,2,1,2,0,0,1,0,0,0,1,1,1,0,1,0,1,1,0,0,0,0,2,1,0,0,0,0,0,0,0,2,1,0,0,0,1,0,0,2,0,0,0,1,0,0,0,1,1,1,0,0
L071,0,2,2,2,0,0,1,2,0,0,1,1,0,0,2,0,1,1,0,0,0,0,0,0,0,0,1,0,0,0,0,1,0,2,1,1,0,1,1,1,0,1,0,0,1,0,0,0,0,0,0,1,0,2,0,0,1,1,0,0,1,1,0,0,0,1,0,0,1,1,0,2,1,1,0,0,0,1,1,1,1,1,2,0,1,1,0,0,2,0,2,0,1,1,0,1,1,0,0,1,1,0,1,0,0,1,1,1,0,1,1,0,0,0,1,1,1,1,0,1,1,2,1,0,2,0,1,0,0,1,0,1,1,2,0,1,2,2,1,0,0,0,1,0,0,0,2,1,0,0,0,0,0,1,0,1,0,0,1,0,0,1,0,0,1,0,0,0,1,1,1,1,0,1,0,1,1,2,0,0,1,0,1,0,0,1,0,0,1,1,1,1,0,0,1,0,1,0,1,1,0,0,1,2,0,2,0,1,1,1,1,0,0,0,0,0,1,0,2,0,0,0,0,1,0,2,0,2,1,0,0,1,0,0,2,1,1,0,1,1,1,1,1,0,0,0,2,0,0,1,0,1,0,0,2,1,0,2,1,0,1,0,1,1,0,0,0,1,2,0,1,0,0,2,0,0,0,1,0,2,0,1,0,0,2,0,0,0,1,1,2,0,0,2,1,1,0,1,1,0,1,0,0,0,0,1,0,0,1,0,2,0,0,1,0,1,0,0,1,1,1,2,0,0,1,0,0,2,0,1,1,1,0,0,0,0,1,0,0,1,1,1,0,0,0,1,1,0,0,2,1,0,0,0,1,1,0,0,0,2,1,1,1,0,1,0,1,1,0,1,1,0,1,1,1,1,2,0,1,0,0,1,0,0,0,0,0,1,0,0,0,1,0,0,0,1,0,0,0,0,1,1,1,1,0,0,0,1,2,0,1,0,0,0,1,0,0,1,0,0,0,0,0,0,1,0,0,0,1,0,2,0,2,1,0,0,0,1,1,0,0,0,0,1,0,0,1,0,1,0,1,0,1,0,1,1,1,0,0,1,0,0,0,0,0,0,0,1,0,0,1,0,1,0,0,1,0,0,0,1,0,0,0,0,0,0,0,1,1,1,1,1,0,0,1,1,2,0,0,0
L072,2,1,1,1,0,0,0,1,1,0,0,0,0,0,1,1,1,2,0,1,0,0,0,0,0,0,2,0,0,1,1,0,1,1,0,1,0,1,0,1,0,0,1,1,0,1,1,0,1,0,0,0,1,0,1,1,1,0,0,1,1,0,0,0,0,1,2,0,0,1,0,1,0,0,0,0,0,0,1,1,1,0,2,0,0,0,1,0,1,1,0,0,0,2,0,2,1,0,0,1,0,0,0,0,2,0,1,0,0,2,0,0,1,0,1,1,1,2,0,1,1,1,0,0,1,1,1,1,0,1,0,0,1,0,0,1,1,1,0,1,0,0,1,0,0,1,1,0,0,1,1,0,1,0,0,0,0,0,0,1,0,1,0,1,1,1,0,1,1,1,0,0,0,1,0,2,0,0,1,1,0,0,1,0,0,0,0,0,0,1,0,1,0,0,0,1,1,0,0,1,1,1,2,0,2,0,2,1,0,2,1,0,0,2,2,0,0,0,1,0,1,0,0,0,0,1,1,0,1,0,0,1,1,0,0,1,0,0,0,1,1,1,1,1,1,0,1,1,0,2,0,1,0,2,1,0,1,2,1,0,2,0,0,1,0,1,2,1,1,1,2,0,0,0,0,1,0,0,1,1,0,0,1,1,2,0,2,0,0,0,0,0,0,1,1,0,0,0,1,0,1,0,0,1,0,1,0,0,1,1,1,1,1,1,1,0,2,0,1,0,0,0,2,0,1,1,0,1,0,1,0,1,0,1,0,0,1,0,1,0,0,2,0,1,0,1,2,2,0,1,1,1,1,0,0,1,0,0,1,0,1,0,0,1,0,0,2,1,1,0,0,0,1,0,1,1,1,0,0,0,2,1,2,0,1,0,1,1,0,1,0,0,0,0,0,1,0,2,0,1,0,0,1,0,1,0,1,0,2,1,2,0,1,0,0,0,1,2,0,1,0,0,0,0,0,1,0,0,1,0,1,0,1,0,0,0,0,0,2,0,1,1,0,0,0,1,1,0,0,2,1,0,1,0,0,0,0,0,0,1,1,0,1,1,0,0,0,0,1,0,0,0,1,0,0,1,1,1,1,1,1,1,1,2,1,1,0,1,0,0,1,0,0,1,1,2,0,2,0,1
L073,0,1,1,0,0,0,0,2,0,2,1,1,1,1,1,1,1,1,0,1,0,1,0,1,1,0,2,0,1,0,2,1,0,2,0,2,0,0,0,1,1,1,1,0,0,0,0,1,1,1,0,0,0,0,1,1,1,0,1,2,0,0,0,0,0,0,1,2,2,1,0,2,1,1,0,1,1,0,0,0,1,1,2,0,0,1,0,0,0,0,1,0,1,0,1,1,0,0,0,0,0,2,0,0,0,1,2,1,0,0,0,1,0,0,1,0,1,1,0,0,0,1,0,0,1,0,1,1,0,0,1,1,1,1,0,0,0,1,0,2,1,0,1,0,1,0,0,0,0,2,1,0,1,0,1,0,0,1,0,1,0,0,0,1,0,0,1,1,0,0,0,0,0,0,0,1,0,1,1,2,1,1,1,0,0,0,0,0,1,1,0,1,0,1,0,0,1,1,1,1,0,0,2,1,0,0,0,0,1,1,1,0,0,0,1,0,0,1,1,0,0,0,0,1,0,1,1,1,0,0,1,1,0,1,0,2,0,0,1,0,0,0,2,1,0,1,0,1,0,0,1,1,0,0,2,0,2,1,0,0,2,1,1,0,0,1,0,1,0,1,0,1,2,2,1,1,0,1,1,1,0,1,1,0,1,1,1,0,1,2,1,0,1,0,0,0,0,0,0,0,2,0,1,0,0,0,2,1,1,0,1,0,0,1,0,0,0,0,1,1,0,1,0,1,0,0,2,0,0,0,0,2,0,1,1,0,2,0,1,1,0,0,0,0,0,1,0,0,1,0,1,1,1,0,1,1,0,0,1,1,0,1,0,0,0,0,0,0,0,0,0,1,1,1,2,1,0,0,0,0,0,1,0,1,0,0,1,1,2,2,1,0,0,0,0,0,0,0,1,0,1,1,1,0,0,2,1,0,1,2,0,2,1,0,0,1,1,0,0,1,1,0,0,0,0,1,0,1,2,1,1,0,1,1,1,1,0,0,0,0,1,2,2,0,1,1,0,1,0,2,1,1,0,0,1,1,1,1,0,2,2,1,0,1,0,0,1,0,0,1,1,2,0,0,0,0,2,1,0,1,1,1,1,0,0,0,1,0,1,0,1,2,1,0,1,0,1,1,0,1
L074,0,2,1,0,1,1,1,0,0,2,1,1,2,0,2,0,1,2,0,1,0,0,0,0,0,0,1,0,0,0,1,2,1,1,1,1,0,0,0,0,1,1,1,0,0,0,0,0,1,0,0,1,1,1,0,0,1,0,1,0,0,0,0,0,0,0,0,0,1,0,1,1,1,1,0,0,0,2,1,1,1,0,0,0,0,0,1,1,0,0,0,0,0,0,1,1,0,0,2,0,0,0,0,1,1,0,1,2,0,1,0,2,0,1,1,1,0,0,0,0,0,1,1,0,0,0,1,0,1,1,1,0,0,2,1,0,0,1,1,1,0,0,0,0,0,1,0,0,0,0,1,1,0,1,1,0,0,0,1,0,0,2,0,0,0,0,0,2,0,1,0,1,0,0,0,1,0,0,1,0,1,0,1,0,0,0,1,0,2,1,0,1,0,0,1,0,1,1,0,0,2,1,2,1,0,1,0,1,1,0,1,0,0,0,0,0,2,0,1,0,0,1,0,1,0,0,0,0,1,1,0,0,0,1,0,0,1,1,0,0,0,1,2,0,1,0,1,2,1,1,0,1,1,0,1,0,2,0,1,1,2,0,0,2,1,1,0,1,1,1,1,0,1,1,0,1,0,2,1,1,0,0,1,0,0,0,1,0,2,0,0,1,2,0,2,0,1,1,1,1,1,0,0,0,0,0,2,1,1,0,0,0,1,1,1,1,1,0,2,0,0,0,0,0,2,1,0,1,1,0,0,1,0,0,0,0,1,1,1,0,1,1,0,1,0,2,0,1,1,1,0,0,1,0,1,1,1,0,0,0,1,2,1,1,1,0,1,0,0,0,0,0,0,0,1,1,2,1,1,0,0,0,0,0,1,1,0,2,1,1,2,0,0,1,0,0,0,2,0,1,1,0,1,1,2,1,0,0,0,1,0,1,0,0,1,0,0,1,0,1,0,2,0,0,0,0,0,0,1,0,1,1,0,0,0,0,0,0,1,0,0,0,0,0,1,0,0,1,1,0,0,0,0,1,0,0,0,0,0,2,1,0,0,0,0,2,0,1,0,0,1,0,1,0,0,0,1,0,0,1,1,0,1,2,0,0,1,0,0,1,0,0,0,1,1,1,0,0,0,1
L075,0,1,0,0,0,0,0,2,1,1,0,2,0,0,0,1,1,0,0,0,0,1,0,0,0,0,2,1,0,0,1,0,1,1,1,2,1,0,0,2,0,0,0,0,0,0,0,2,1,2,0,1,0,0,2,2,2,0,1,1,0,0,1,1,1,2,0,0,0,0,0,0,0,1,0,1,0,0,0,1,0,0,0,1,0,0,0,0,1,0,0,0,0,1,1,1,0,0,0,0,2,1,1,0,1,0,0,2,0,0,1,0,0,0,1,0,1,1,0,0,0,2,1,0,2,0,0,1,2,0,0,0,1,1,1,1,0,1,1,2,2,0,0,0,1,0,0,0,0,0,0,0,2,0,2,0,1,1,0,1,1,1,1,2,1,0,0,1,0,1,1,0,0,1,0,0,2,1,2,0,1,0,1,1,1,1,0,0,0,2,1,1,0,0,0,0,2,0,2,1,1,1,0,1,1,0,0,0,0,1,0,0,0,0,2,2,0,0,0,0,0,1,0,1,0,1,0,1,1,0,0,1,1,0,0,1,0,1,0,0,1,0,1,0,2,0,1,1,0,0,1,1,0,1,1,0,1,1,1,0,0,0,0,1,1,0,2,1,0,0,2,1,0,0,0,1,0,1,0,0,0,0,2,2,2,0,1,0,0,1,0,0,0,1,0,2,0,0,1,0,1,0,1,0,0,2,1,1,0,0,1,0,0,0,0,0,1,0,2,1,0,1,0,1,0,2,0,0,1,0,2,0,0,2,0,0,2,0,1,1,0,1,0,0,0,1,2,0,0,1,1,1,0,0,0,0,0,0,2,0,1,0,1,2,1,0,0,0,0,0,0,0,1,1,2,1,2,0,0,0,0,2,0,0,0,0,0,0,1,1,0,0,0,0,0,0,1,1,0,0,1,1,0,0,1,0,0,1,1,1,1,1,1,0,0,0,0,1,0,1,1,1,0,1,0,0,0,0,1,1,0,0,2,0,0,0,0,1,1,1,0,0,0,0,0,0,1,0,1,1,0,0,1,0,1,0,0,0,0,1,2,1,0,0,0,1,2,1,0,0,0,1,1,0,0,1,0,0,0,1,0,0,1,1,1,1,0,1,0,0,1,0,0,0,1,0,1,0,0,1
L076,0,0,1,0,0,0,0,1,0,0,2,1,1,1,1,1,0,1,0,1,0,1,0,1,0,0,0,2,1,1,0,1,1,2,1,1,0,0,1,0,1,0,0,0,1,0,0,1,0,1,0,1,1,0,0,1,1,0,1,2,1,1,0,1,1,1,1,0,1,0,0,1,0,1,0,2,0,0,0,2,1,0,0,1,0,2,0,1,1,0,1,0,0,1,0,1,1,0,1,0,0,0,0,1,2,1,1,1,0,1,0,0,0,0,1,0,1,1,1,1,1,2,0,0,1,0,1,1,0,1,2,0,0,0,0,0,0,1,1,1,0,1,0,0,0,0,0,0,0,0,1,0,2,0,2,1,1,0,0,1,1,0,2,1,0,1,1,0,1,1,0,1,0,2,0,1,0,0,1,2,2,1,2,0,0,1,0,1,0,1,1,1,0,1,0,1,0,0,0,1,1,1,1,1,1,0,0,1,1,0,0,0,1,0,1,2,1,0,0,0,0,0,1,2,0,1,0,1,0,2,0,1,0,0,1,1,0,0,0,0,1,0,0,0,1,0,0,0,0,1,0,2,2,0,1,0,0,2,0,0,1,0,0,0,1,1,0,0,2,0,0,0,1,1,0,0,0,0,0,0,0,0,0,2,1,0,0,0,1,1,0,0,1,0,2,0,0,1,0,0,1,0,0,0,1,1,0,2,2,0,1,1,1,1,1,1,0,0,1,1,0,1,0,0,1,0,0,0,0,2,0,1,0,0,0,0,2,1,0,0,0,1,1,1,0,1,0,1,1,1,0,1,1,1,1,1,1,0,1,1,0,0,0,0,0,0,1,2,1,0,0,0,1,0,1,1,1,0,1,0,0,1,1,0,1,0,0,0,0,0,0,0,1,1,0,0,1,2,0,0,0,1,0,0,1,0,0,1,1,1,0,1,0,0,0,0,0,0,0,0,1,1,0,0,1,0,0,0,0,1,0,1,0,0,0,0,0,0,0,0,0,1,0,0,0,0,0,0,0,2,1,1,1,1,2,0,1,0,0,1,0,0,0,1,0,1,1,0,0,0,0,2,1,0,0,1,0,0,1,1,1,0,1,0,0,0,0,1,0,0,0,0,1,1,1,1,0,1,0,0
L077,0,0,1,1,0,1,1,1,0,0,0,2,1,2,0,0,1,2,0,1,1,2,0,0,0,0,0,1,0,0,1,0,1,0,0,2,0,2,1,1,1,1,1,0,1,0,0,0,2,0,0,0,0,1,0,0,2,1,0,1,1,0,0,1,0,2,1,0,1,1,0,1,1,2,1,0,0,1,0,1,1,0,0,0,0,0,2,0,0,0,1,0,0,2,0,1,0,1,0,0,0,0,0,1,0,1,0,1,0,0,1,0,0,0,0,0,1,0,1,1,1,2,0,0,0,0,0,1,0,1,0,1,0,0,1,0,1,0,1,2,1,0,0,1,0,0,1,1,0,0,1,1,2,1,0,1,1,0,0,0,0,0,0,1,0,0,0,1,1,0,0,0,0,1,0,1,1,2,1,1,0,0,1,0,1,0,1,0,1,1,2,1,0,1,0,0,1,0,1,0,1,1,0,1,2,1,0,2,2,1,1,0,1,1,0,0,1,1,0,0,0,0,0,0,2,1,0,1,1,1,0,0,0,1,1,0,0,0,0,2,1,0,1,2,1,1,2,0,0,1,0,1,0,0,0,1,2,1,1,1,1,0,1,0,0,2,0,1,0,1,0,0,0,0,1,0,0,1,1,0,0,0,1,1,1,0,0,0,1,1,0,2,0,2,0,0,0,1,0,1,1,0,1,0,0,1,2,0,2,1,1,0,0,1,2,1,1,0,0,0,0,0,1,0,2,0,0,0,1,1,1,1,0,1,2,1,1,0,2,1,0,1,0,0,0,2,0,1,0,2,0,1,1,0,0,1,0,0,0,1,0,1,0,0,0,1,2,0,0,1,0,0,0,0,0,0,1,0,0,0,0,0,0,0,0,0,1,0,0,0,0,0,0,1,0,2,1,2,0,0,1,0,2,0,1,2,0,1,1,2,1,2,0,0,2,1,1,0,1,1,1,0,0,0,1,0,0,0,0,0,1,0,1,0,1,1,0,0,1,0,1,1,2,1,0,0,0,0,1,1,1,1,1,1,0,1,0,0,0,1,0,0,1,1,1,1,1,0,0,0,2,1,0,0,1,0,0,1,1,1,1,1,2,0,0,1,0,0,1,0,1,1,0,1,2,1,0,1,0,1
L078,1,2,1,2,1,0,1,0,1,1,0,1,1,0,2,2,0,2,0,1,0,1,0,0,0,0,1,0,0,0,1,0,2,2,2,0,0,1,0,2,1,0,0,1,1,0,0,1,0,0,0,0,0,1,0,0,0,1,0,0,1,0,1,0,0,1,2,0,1,0,0,0,0,0,2,1,0,1,1,1,1,1,1,2,1,0,1,1,0,1,0,0,0,0,0,1,0,0,1,0,1,2,0,1,2,1,1,1,0,1,0,0,1,0,1,1,1,1,1,1,0,0,0,0,0,0,1,0,1,2,0,0,0,1,0,0,0,0,1,0,0,1,1,1,0,0,2,1,1,0,2,1,0,0,1,0,0,2,1,1,0,2,1,1,1,0,0,0,1,1,1,0,1,1,1,1,1,1,1,1,0,0,1,0,1,1,2,0,0,1,1,0,0,0,0,0,1,0,1,0,1,0,1,1,2,1,0,2,1,0,1,0,1,0,1,0,1,0,1,1,0,1,0,1,0,2,1,1,2,0,0,0,0,0,2,1,0,0,1,0,0,0,2,1,0,0,2,0,1,0,0,2,0,0,1,0,1,0,0,0,2,0,1,0,0,0,0,0,1,0,1,0,0,1,0,1,1,0,1,1,0,0,1,2,1,1,0,0,0,0,1,1,2,0,1,1,1,0,1,1,0,0,1,1,0,2,1,1,2,1,1,0,0,0,0,0,1,1,0,0,0,1,1,0,0,1,1,1,0,2,0,0,0,1,0,1,1,1,1,1,1,1,0,0,0,1,0,1,0,1,0,2,0,1,1,0,0,1,2,0,0,1,0,1,0,0,0,1,1,0,0,0,0,1,0,0,1,1,0,0,0,1,0,1,1,0,0,2,1,0,1,0,0,0,0,0,0,1,1,0,1,2,0,0,1,0,1,1,1,0,2,1,0,0,1,0,0,1,0,2,0,2,0,0,0,0,0,0,2,0,1,1,0,0,2,0,0,1,0,0,1,1,0,0,0,1,0,0,0,1,0,1,1,0,2,0,0,0,0,1,1,0,0,1,2,0,1,0,1,0,1,2,0,0,0,1,0,1,0,2,1,0,2,1,0,0,0,1,0,0,2,0,0,1,1,1,0,0,0,1
L079,0,1,2,1,0,0,1,0,2,1,0,1,1,2,1,2,0,2,0,0,0,1,1,2,0,1,1,0,1,1,0,0,1,1,0,1,0,0,0,0,0,1,1,0,1,0,0,0,2,1,0,1,1,0,0,0,2,0,0,0,1,0,0,1,2,0,0,0,2,0,0,1,1,0,0,1,0,0,1,1,2,0,0,1,0,2,1,0,0,2,0,0,0,1,0,0,1,0,0,1,0,0,0,0,1,0,2,2,1,1,1,2,1,0,0,0,1,0,0,2,0,1,0,0,1,0,0,1,1,2,0,1,0,1,1,1,1,1,2,0,0,0,0,1,0,0,1,1,0,1,0,2,1,0,1,0,1,2,1,1,0,0,0,2,1,0,0,1,0,2,0,2,0,1,1,1,1,2,1,1,0,0,0,0,0,0,0,1,0,1,1,1,2,0,0,0,0,0,0,1,2,1,0,1,1,0,0,0,1,1,1,0,1,0,1,0,1,1,1,0,0,1,0,1,2,0,1,0,0,1,0,0,0,0,1,0,1,1,0,0,2,1,1,1,0,0,0,0,2,0,1,1,0,0,0,0,0,1,0,2,0,0,1,0,1,1,1,1,1,1,1,0,0,1,0,2,1,0,0,1,0,0,1,2,1,0,1,0,0,1,0,0,1,1,2,0,0,1,1,0,1,1,1,0,0,1,0,1,0,0,1,1,0,0,0,1,2,0,1,1,0,1,1,0,0,0,0,0,2,2,1,2,1,0,1,1,1,0,0,2,2,2,1,0,0,2,0,1,1,1,0,2,0,0,2,1,0,0,0,1,0,1,0,2,0,0,1,2,0,2,0,0,0,0,1,1,0,0,0,0,1,1,0,1,0,1,2,1,0,0,1,0,0,2,0,2,0,1,0,1,1,1,1,0,2,1,0,0,0,0,1,1,1,0,0,0,0,0,0,0,1,0,1,0,0,0,0,0,1,0,1,0,1,0,0,1,0,0,2,0,1,0,0,0,0,0,1,0,1,1,1,1,0,0,1,1,1,1,0,2,0,0,1,0,0,0,0,1,0,0,0,2,0,0,0,0,0,0,0,0,0,0,0,1,0,0,1,0,0,0,0,0,0,1,1,1,1,1,0,0
L080,0,1,1,0,0,0,0,1,0,1,0,2,2,1,0,1,2,1,0,1,0,1,0,0,1,0,1,0,0,1,1,1,1,0,0,1,1,0,0,1,2,1,1,0,1,0,0,2,2,0,1,2,1,0,0,1,0,1,0,0,0,0,1,0,2,1,2,0,2,1,0,1,1,0,1,0,0,0,1,0,1,0,0,1,0,0,2,1,2,1,2,0,1,0,0,0,1,0,1,0,1,0,0,1,0,1,1,2,0,0,1,2,0,0,0,0,1,0,0,0,0,1,1,0,2,1,1,0,0,1,0,1,1,1,1,2,1,2,0,0,1,0,1,1,0,1,2,1,0,0,1,0,0,2,0,0,0,1,0,0,0,0,1,1,1,0,1,1,0,1,0,2,0,0,0,1,0,0,0,1,0,0,0,0,0,2,0,1,0,1,0,2,1,0,0,0,0,0,0,1,0,1,1,1,2,1,0,2,1,1,1,0,1,0,2,1,1,1,2,1,1,1,0,1,1,2,0,0,1,0,0,0,0,0,2,0,0,0,1,0,0,0,0,2,0,0,0,0,0,0,0,0,0,0,1,0,1,1,1,1,1,0,1,0,0,1,1,2,0,0,1,1,0,1,0,0,0,0,2,1,0,2,1,2,1,1,0,0,0,2,0,1,0,0,2,0,0,1,0,1,0,0,0,0,1,2,1,1,1,1,1,0,0,0,1,0,1,0,2,1,1,0,0,0,1,2,0,1,0,1,0,0,0,1,0,1,0,0,0,2,1,1,0,0,1,1,0,0,1,0,1,1,1,0,0,1,0,0,1,1,1,0,0,1,0,0,0,0,0,0,0,0,0,1,1,1,1,0,0,0,0,1,0,0,1,0,0,0,0,2,1,0,1,0,1,2,1,0,0,0,1,1,1,0,0,1,1,1,1,0,0,1,0,1,1,0,0,1,0,2,0,1,1,0,0,0,0,0,0,0,1,0,1,1,0,1,1,0,0,0,0,0,1,1,0,1,1,0,1,0,1,0,0,0,0,2,1,0,0,0,1,1,0,0,0,0,1,0,0,1,0,2,0,0,0,0,0,0,2,0,0,1,0,2,1,1,0,0,1,1,1,0,1,1,1,2,0,1,0,0
L081,1,0,0,0,1,0,0,0,1,1,0,1,2,1,0,0,1,1,0,1,0,0,0,1,0,0,2,1,1,0,1,0,1,1,0,1,0,0,0,0,0,0,0,0,1,2,0,0,0,0,1,0,0,1,1,0,1,0,1,1,0,0,0,0,0,0,1,1,1,0,0,1,0,2,2,1,0,1,0,1,1,0,1,0,0,0,2,0,0,0,0,0,0,2,0,2,0,0,1,0,0,1,0,0,1,1,1,0,2,2,2,1,2,0,1,0,1,0,0,0,0,1,0,0,2,0,1,1,1,0,2,0,0,0,1,1,1,0,2,0,0,2,1,0,1,0,1,0,0,0,1,2,0,1,1,2,1,0,1,1,0,1,0,1,1,0,0,1,0,0,1,0,1,2,0,1,0,1,2,2,1,0,1,0,0,2,0,0,2,2,2,1,0,0,1,0,0,2,0,1,0,0,1,2,1,0,0,0,0,0,1,0,1,0,0,2,0,0,1,0,0,1,0,0,2,1,0,0,0,1,0,1,0,0,1,1,0,0,1,1,1,1,1,1,1,0,0,0,0,1,2,1,1,0,1,1,0,2,0,2,1,1,0,1,1,0,0,0,0,0,0,0,1,1,0,0,0,1,0,1,0,0,0,0,0,1,1,0,1,0,1,1,0,0,1,2,0,0,1,1,1,0,1,0,0,1,1,1,1,0,1,0,0,0,0,1,1,1,1,1,0,0,0,0,1,0,1,0,0,2,0,0,0,2,0,1,0,0,0,1,1,2,0,1,1,2,1,1,1,1,1,0,0,0,2,0,1,0,2,0,1,0,1,1,0,0,1,1,1,0,0,1,0,0,1,1,1,0,0,0,0,1,0,0,1,2,0,2,2,1,1,0,0,0,0,0,0,1,1,0,2,2,1,0,1,0,0,1,1,1,0,2,0,0,2,1,1,0,0,0,0,0,0,0,0,0,0,0,1,1,0,0,0,1,0,0,0,0,1,0,0,0,1,0,0,1,1,0,0,1,0,1,0,0,0,0,0,0,0,2,0,0,0,2,0,1,2,0,1,0,0,1,0,0,0,0,0,1,0,2,0,0,0,1,0,1,1,1,1,1,1,0,0,0,1,2,2,0,0,1
L082,1,1,1,1,0,1,0,1,0,1,0,0,1,0,0,1,2,0,0,2,1,1,0,0,1,0,1,1,1,0,2,0,1,1,1,1,2,0,0,1,2,0,0,0,0,1,0,1,1,0,0,1,0,1,0,0,2,0,2,1,0,0,0,1,0,1,2,0,2,0,1,0,0,1,1,0,0,1,1,2,1,0,1,0,0,0,1,1,0,0,2,0,0,1,0,1,1,0,1,1,0,0,0,1,1,1,1,1,1,1,1,2,1,0,2,0,1,0,0,1,0,0,0,0,1,1,1,0,0,0,1,0,0,2,0,1,0,1,1,2,0,1,1,0,0,0,1,1,0,0,0,1,2,1,1,0,0,0,0,0,0,1,1,1,1,1,0,0,0,0,0,0,1,1,2,2,1,0,1,1,1,2,0,0,0,0,1,0,0,1,0,1,0,0,1,2,1,1,0,0,2,1,0,0,1,0,0,2,0,1,0,1,1,0,1,0,1,1,0,0,0,0,0,1,1,1,1,0,0,0,0,0,0,1,0,0,0,0,0,0,0,1,2,2,1,0,0,1,0,1,0,1,0,0,1,0,1,0,1,1,0,1,1,2,1,1,1,0,2,1,0,0,1,1,0,0,0,2,0,1,0,0,0,2,1,0,1,0,1,0,0,0,0,0,0,1,0,0,0,1,0,0,1,0,0,2,1,1,0,0,1,0,1,0,0,2,0,0,1,0,0,0,0,0,2,0,0,1,1,0,1,0,0,2,0,0,1,2,1,1,2,0,0,0,0,0,1,0,1,0,1,1,0,0,0,2,0,0,1,0,2,0,1,1,0,1,2,0,0,0,0,0,1,0,1,1,2,0,0,0,0,2,0,0,0,1,2,0,0,0,0,0,0,0,0,1,1,1,1,1,1,1,0,0,0,2,0,0,0,1,1,1,0,0,1,0,0,2,0,1,1,1,0,0,0,0,0,0,0,0,1,1,0,1,0,1,0,1,1,0,2,1,0,1,0,1,1,0,0,1,0,1,0,0,0,0,0,2,0,2,0,0,0,2,1,1,0,0,0,0,1,1,0,0,0,1,1,0,0,1,1,0,1,0,1,0,0,0,0,1,0,1,0,0,1,1,2,2,0,2
L083,0,1,0,1,0,0,0,1,0,0,1,0,1,0,0,2,2,2,0,0,0,0,0,0,0,1,1,1,2,0,0,1,0,0,0,1,2,1,0,0,1,0,1,0,0,0,0,1,2,0,0,0,0,0,0,1,0,0,0,1,1,1,0,0,0,0,1,0,0,0,0,1,1,0,0,0,0,1,0,1,1,0,0,1,1,2,0,1,0,0,1,0,0,0,0,1,1,0,2,0,0,0,0,0,1,0,2,1,1,2,1,2,1,0,0,0,1,1,0,1,0,2,0,0,2,0,1,2,1,1,1,1,0,0,0,1,1,1,0,2,1,0,0,0,0,1,1,1,0,0,1,1,0,2,0,0,0,1,0,2,1,0,1,1,0,0,1,1,0,2,1,1,0,2,0,2,1,1,0,1,0,1,0,0,1,0,1,1,2,1,1,1,1,0,1,0,1,0,2,1,1,1,0,2,1,0,0,2,1,1,0,0,1,0,2,0,1,0,1,1,0,0,0,2,1,0,0,0,1,1,0,1,0,0,1,0,0,0,0,1,0,0,0,1,1,0,0,0,0,1,0,1,1,1,1,0,0,0,1,0,1,0,2,2,0,1,0,1,0,1,0,1,1,1,0,1,1,1,0,0,0,2,0,1,1,1,1,0,1,1,0,1,1,1,0,0,0,1,0,0,1,0,0,0,0,1,2,1,1,0,2,0,1,0,0,1,1,1,0,1,1,2,0,0,0,0,0,1,0,1,1,0,0,1,0,1,1,1,1,0,1,1,0,0,0,2,1,1,1,1,0,1,0,0,1,1,0,0,0,1,0,0,1,2,0,1,1,1,1,1,0,0,2,1,1,0,1,0,0,0,0,1,1,0,2,0,0,1,2,1,1,0,0,1,0,2,2,1,0,0,1,0,0,0,0,2,0,1,2,1,0,1,0,0,1,0,2,0,0,2,2,1,0,0,0,0,0,1,0,0,2,0,1,1,1,1,0,0,2,0,1,1,0,0,0,1,1,0,1,0,0,1,1,0,1,0,1,2,0,1,1,0,0,0,0,1,1,0,0,0,0,1,0,0,0,0,0,0,1,1,0,2,1,1,0,1,2,1,0,0,1,0,0,0,2,1,2,2,0,1
L084,0,0,0,0,1,0,1,2,0,1,0,1,1,2,1,0,0,0,0,0,0,1,1,1,0,0,0,0,2,0,2,0,1,2,1,2,0,1,1,1,0,0,2,2,0,0,0,0,0,0,0,1,0,0,0,1,2,2,0,1,0,0,0,0,0,0,2,0,2,0,0,0,1,1,1,1,0,0,0,1,0,0,1,1,0,0,0,0,0,1,0,0,1,2,0,1,0,0,1,0,1,1,0,1,1,1,1,1,0,0,0,1,1,0,0,0,1,2,0,2,0,2,0,0,1,0,1,0,0,1,0,0,2,0,1,0,0,1,0,0,0,1,1,0,0,0,0,0,0,1,0,1,1,0,1,0,0,2,0,1,0,2,1,1,1,1,0,1,1,1,0,1,0,1,1,1,1,1,0,2,0,0,0,0,0,0,1,0,0,1,1,1,0,1,0,0,2,0,0,1,1,1,0,2,1,1,0,1,1,1,1,0,1,0,0,1,1,0,0,0,1,0,0,1,1,0,0,1,1,1,0,1,0,0,1,1,0,1,1,0,0,0,0,0,0,1,0,0,0,0,1,2,0,0,1,0,1,1,1,2,1,0,1,0,2,1,1,0,0,0,0,1,0,1,0,0,0,1,1,0,0,0,0,0,0,0,1,0,2,2,1,0,0,0,0,0,0,1,0,1,0,0,0,0,1,0,1,1,1,0,0,0,0,1,0,1,0,1,0,1,0,2,0,0,1,2,0,0,2,2,0,1,0,2,0,0,2,1,1,0,2,2,0,1,2,0,2,1,1,2,0,1,0,2,1,1,0,0,0,2,1,2,1,2,1,0,1,1,0,0,0,0,0,0,1,1,0,0,0,0,1,1,1,0,0,0,1,0,1,1,0,0,0,1,0,1,0,1,1,1,1,1,0,0,0,1,0,0,1,1,1,0,0,0,1,0,0,2,1,0,0,0,0,0,1,0,0,0,0,1,1,0,1,2,1,1,0,0,0,0,1,1,1,0,1,0,2,0,2,1,2,0,1,0,0,1,1,1,0,1,0,0,0,2,0,0,1,0,0,0,0,0,0,0,0,1,1,1,0,0,1,0,1,1,0,0,0,1,0,0,2,0,0,1,2,1,2,0,0,0
L085,1,1,1,1,1,0,0,1,1,1,1,1,1,0,1,2,1,1,0,1,0,1,0,0,0,0,0,0,0,1,1,0,0,1,0,0,0,1,1,0,1,0,1,0,2,0,0,0,0,1,0,2,1,0,2,0,2,1,1,0,0,0,0,1,0,0,0,0,0,0,0,2,0,2,0,0,0,0,0,1,0,0,0,2,1,0,0,1,0,2,0,0,1,1,0,1,2,1,0,0,0,0,1,2,0,0,1,1,1,1,2,2,1,0,2,0,0,0,0,1,0,1,0,2,1,0,0,2,2,0,0,0,0,0,0,0,0,1,0,1,0,0,0,1,0,0,1,1,0,0,0,2,0,1,2,1,1,1,2,1,1,1,0,1,0,0,2,1,0,0,1,1,2,1,1,0,1,1,1,2,0,0,0,0,0,0,0,1,0,0,0,0,0,0,1,1,1,1,1,2,2,0,1,0,0,0,0,2,1,2,1,0,1,0,1,0,0,1,1,0,0,1,0,1,1,1,1,0,1,0,0,1,1,0,1,0,1,1,0,0,1,0,0,0,0,0,0,0,0,0,0,0,1,0,1,0,1,1,1,0,1,0,2,1,1,1,0,0,1,0,1,0,1,0,0,1,0,0,0,2,0,1,2,1,2,0,1,0,1,1,1,2,0,1,0,0,0,1,1,0,0,0,0,0,0,1,1,0,1,0,0,1,1,0,1,2,1,0,0,1,0,0,0,0,1,1,0,2,0,0,1,1,0,2,0,1,2,0,0,1,2,0,0,0,1,1,0,0,1,2,2,1,0,0,1,2,0,0,1,1,1,0,2,1,1,0,2,2,0,0,0,0,1,0,0,2,1,0,0,0,0,1,0,0,0,0,2,1,1,1,0,0,1,0,0,1,0,2,0,2,1,2,0,0,2,0,0,0,1,0,0,2,0,0,0,1,0,1,0,1,0,0,0,0,0,0,0,0,0,0,1,0,1,0,1,0,0,1,1,0,1,1,1,1,0,0,2,1,0,0,1,0,0,0,0,0,1,0,0,0,2,0,1,1,0,0,2,0,0,0,0,0,0,0,0,1,0,1,1,1,1,1,1,1,0,0,0,2,0,0,1,1,1,0,1,1,0,0,0,1
L086,1,1,2,1,1,2,0,1,1,0,2,2,1,1,1,2,2,1,1,1,1,1,0,1,0,1,1,0,1,1,1,1,0,1,0,2,1,0,1,1,1,1,2,0,1,0,1,2,1,1,0,2,1,1,0,1,1,0,1,1,0,0,0,0,0,1,0,0,1,1,0,0,1,1,1,1,0,2,1,0,2,0,0,0,0,0,0,1,0,0,0,0,0,0,1,1,1,0,1,1,1,0,0,0,0,1,1,1,0,0,1,1,0,0,1,0,1,1,0,1,0,1,0,0,1,0,1,1,1,0,1,0,0,2,0,2,0,0,1,1,1,1,0,0,1,0,1,0,0,0,2,1,0,0,1,0,0,1,1,1,1,2,0,1,1,0,2,1,0,0,1,0,1,2,0,1,2,0,1,0,1,2,2,0,0,1,0,1,2,0,0,1,0,1,0,0,1,0,1,1,1,2,2,0,1,1,0,2,2,0,1,0,0,1,0,1,0,2,1,0,1,1,0,0,1,1,0,1,0,0,1,0,0,0,0,1,1,0,1,0,2,0,0,0,1,0,1,1,2,1,1,0,0,0,0,0,0,2,0,0,0,0,0,2,0,2,0,0,1,1,1,0,0,1,0,1,0,0,0,2,0,1,0,1,1,0,0,0,1,0,1,0,0,1,0,0,2,2,0,0,1,0,0,1,0,1,0,1,2,0,1,1,0,0,0,1,1,0,0,0,0,0,1,0,0,2,1,1,2,1,0,2,0,1,1,1,0,1,0,1,1,0,0,0,0,1,1,1,1,2,1,1,1,0,1,1,1,0,1,0,2,0,0,1,0,0,0,1,0,1,0,0,1,1,0,1,0,0,0,0,0,0,0,0,0,0,0,1,0,1,1,0,1,0,0,2,0,1,0,1,0,0,0,0,0,1,0,1,0,0,1,1,0,0,0,0,1,1,0,0,0,1,0,0,0,0,0,0,1,1,0,0,1,0,1,1,0,0,0,0,0,0,1,1,0,1,1,0,0,0,1,0,1,0,0,0,0,0,1,1,0,0,0,2,0,0,2,1,0,1,0,2,0,0,0,1,1,0,1,2,0,0,1,1,0,1,0,0,2,0,1,2,0,0,2,0,0,2,0,0
L087,1,0,1,1,1,0,1,0,0,0,0,1,0,0,1,1,1,0,0,0,0,1,0,0,1,0,1,0,0,1,1,0,0,1,1,1,1,0,1,1,0,1,0,0,0,0,1,2,0,0,0,1,0,0,0,1,1,1,0,0,0,0,0,0,0,0,0,1,1,1,0,1,0,1,1,1,0,1,1,1,0,1,1,1,0,0,2,0,0,1,0,0,0,1,0,1,0,0,1,1,0,1,0,1,1,2,1,1,0,1,0,0,2,0,0,1,0,0,0,2,0,1,1,0,1,0,1,0,1,2,2,0,1,0,1,0,0,1,0,1,0,0,0,1,0,0,2,1,0,0,2,0,1,2,1,0,0,1,0,0,0,1,1,1,0,0,1,1,1,0,1,0,0,0,0,2,0,0,0,2,0,0,1,0,0,1,0,0,0,2,0,1,0,1,1,1,0,0,1,1,1,2,2,1,1,1,1,2,2,0,1,0,0,0,2,1,2,0,0,0,0,1,1,1,1,1,1,2,1,0,0,0,0,0,0,1,0,1,2,1,2,0,0,0,1,1,0,1,0,0,0,0,2,2,1,1,1,1,0,1,0,0,0,1,0,1,1,0,0,0,0,0,0,0,0,1,0,2,0,2,0,0,1,0,2,1,2,1,1,1,0,0,1,1,0,1,0,0,2,0,2,0,2,1,0,1,0,2,0,0,1,0,1,0,0,0,0,0,1,1,0,0,0,0,0,1,0,0,1,1,0,1,1,1,0,0,2,0,1,1,1,1,0,1,0,1,2,0,1,0,0,1,0,0,1,0,0,0,1,1,0,1,0,1,2,1,1,1,0,0,0,0,1,1,1,0,1,0,0,0,0,2,0,0,0,0,0,0,0,1,1,0,1,1,1,0,0,1,0,0,2,1,1,0,1,1,0,1,1,2,0,1,0,0,1,1,0,1,0,0,0,1,0,0,1,0,0,0,0,0,1,0,1,0,0,0,0,0,1,0,0,0,0,0,2,0,0,1,1,0,0,1,0,1,0,1,0,1,0,0,2,0,0,0,0,2,1,0,0,1,0,0,0,1,0,0,1,0,0,1,0,0,2,0,1,0,0,1,2,2,1,0,0,0,0,1,0,1,0,1
L088,0,1,1,0,0,1,0,0,0,2,2,1,1,1,0,0,1,1,0,0,0,1,0,0,0,0,0,1,1,0,1,1,2,1,0,2,2,0,0,0,1,2,2,2,0,1,0,1,2,0,0,1,0,0,0,1,2,0,0,1,0,1,0,0,0,0,0,1,1,1,0,0,0,1,2,0,0,2,1,0,1,0,0,1,0,0,1,0,0,1,0,0,0,0,1,2,2,0,1,0,1,0,0,1,1,2,1,1,0,1,0,1,2,0,1,0,1,1,1,2,0,1,0,0,1,0,1,0,0,1,0,0,1,1,0,0,0,0,2,0,1,1,0,0,0,0,0,1,1,0,1,0,0,1,1,0,0,1,0,1,1,0,1,0,0,0,0,2,1,1,0,1,1,0,1,1,1,1,0,0,0,1,1,0,0,0,1,0,1,1,1,1,2,0,0,0,1,0,0,2,0,1,0,1,0,1,0,2,0,0,2,0,2,0,1,0,1,1,1,1,0,0,0,1,2,2,0,1,1,1,0,2,0,0,2,1,1,1,0,1,0,1,2,1,0,0,0,2,0,0,1,2,1,0,0,0,1,1,0,0,1,0,0,1,0,2,1,2,0,1,1,0,0,1,0,1,0,0,0,1,0,0,0,0,1,0,0,0,0,0,0,1,1,1,1,0,0,0,1,2,2,0,0,0,0,1,0,1,1,0,1,0,0,0,0,1,0,0,0,0,1,0,0,0,2,0,0,0,1,1,0,1,0,0,1,0,1,0,0,2,0,0,0,0,0,1,1,0,0,0,1,1,0,1,0,1,0,0,2,2,0,0,0,0,1,0,1,0,0,2,0,0,1,0,0,0,0,0,0,0,0,0,0,0,2,0,0,1,1,2,1,0,0,0,0,0,1,2,0,1,2,1,1,2,1,1,0,2,1,1,0,0,0,0,2,0,1,2,0,0,0,1,0,0,0,0,0,0,1,0,1,1,1,0,0,0,0,1,1,0,0,1,0,0,0,1,1,0,0,2,1,1,0,0,0,0,0,0,0,1,0,0,0,1,0,1,0,1,0,1,0,0,0,0,0,0,0,0,1,2,0,0,1,2,0,1,0,2,0,0,1,0,0,0,0,1,1,1,0,1
L089,0,0,1,0,0,0,0,0,1,2,0,1,1,1,0,1,1,0,0,0,1,1,0,0,1,0,1,0,0,1,2,1,0,2,1,1,1,0,1,1,0,1,1,0,1,1,0,0,2,0,0,1,0,0,0,1,0,0,1,0,0,0,0,0,2,2,1,0,0,1,0,1,0,0,1,0,0,1,1,1,1,0,0,1,0,0,0,0,1,0,0,1,2,0,0,1,1,0,1,0,0,1,0,0,1,1,2,0,1,0,1,0,1,0,0,0,0,0,0,1,0,0,0,2,1,0,0,0,2,0,0,0,0,1,0,1,1,1,1,2,1,2,1,2,0,0,1,1,0,0,1,1,1,0,0,0,0,0,1,1,0,0,1,1,0,0,0,1,0,0,1,1,0,2,0,2,1,1,1,2,0,0,0,0,0,1,1,0,0,1,0,1,0,0,1,0,1,0,2,2,1,0,0,1,1,1,0,1,1,2,2,1,0,0,0,0,1,2,1,0,0,1,0,0,1,2,0,1,0,1,0,0,0,1,1,2,0,2,0,0,0,0,1,0,2,0,0,0,0,0,0,1,1,1,1,0,1,1,1,0,0,0,1,1,1,0,2,1,1,0,1,1,0,1,1,1,0,2,0,2,1,0,0,0,0,2,0,0,0,0,0,1,0,2,1,1,0,0,0,1,1,0,2,0,0,1,1,2,0,0,1,0,0,0,1,2,1,0,0,1,1,1,0,0,1,2,1,0,1,1,1,2,0,0,0,0,2,0,0,1,2,1,0,2,0,2,0,1,1,1,1,1,0,0,2,1,0,0,1,0,0,1,0,1,1,1,1,1,1,0,0,0,1,0,2,1,2,0,0,0,0,1,0,0,1,0,0,0,1,2,0,0,0,0,0,0,0,2,1,2,1,1,0,0,1,1,1,1,1,1,0,0,1,0,0,1,0,0,0,1,0,0,1,0,1,0,1,0,1,0,1,1,0,0,0,0,0,0,2,0,2,2,2,1,0,0,1,0,0,2,1,1,0,0,1,1,0,0,2,2,1,0,0,1,0,0,1,0,0,0,1,0,0,1,0,0,0,1,0,2,2,1,1,1,0,0,0,2,0,0,1,0,0,0,1,1,1,1,0,1
L090,1,1,1,0,0,0,0,0,1,2,1,0,1,2,0,2,1,0,1,1,0,2,1,0,0,2,0,0,1,1,1,0,2,1,0,0,1,1,2,1,0,1,2,0,1,0,0,1,0,2,0,1,1,0,1,1,1,0,0,2,0,1,2,0,2,0,1,1,1,1,0,0,0,0,0,2,0,1,0,0,1,0,0,1,0,1,0,1,0,0,0,0,1,0,1,1,0,0,1,0,0,0,0,0,0,0,1,0,0,1,1,2,0,0,2,0,0,1,0,0,0,0,1,1,2,1,1,0,0,1,2,1,0,2,1,1,0,0,0,1,0,1,0,2,1,0,0,2,0,0,1,0,1,1,0,0,0,2,1,0,0,1,2,1,1,1,2,0,1,1,0,0,0,2,0,2,2,0,0,0,0,0,2,1,0,2,1,0,0,0,1,1,0,0,0,1,1,0,1,1,1,1,0,1,1,1,0,2,1,1,1,0,2,1,2,0,0,0,0,0,1,1,1,0,0,1,0,0,1,0,0,0,1,0,0,1,1,2,0,0,1,0,1,1,0,0,0,0,0,0,0,1,0,0,1,0,2,1,0,0,1,0,1,0,0,0,0,1,0,1,2,0,1,0,0,1,0,1,0,1,1,1,2,1,2,0,0,0,0,1,1,2,1,2,0,1,0,0,0,1,0,0,1,2,0,2,1,0,1,0,0,0,0,0,0,1,0,1,1,1,0,1,0,0,0,1,0,1,1,1,1,2,0,1,0,0,0,0,1,0,0,1,0,0,1,0,2,0,1,2,0,1,0,0,0,2,0,0,1,2,1,0,0,0,0,1,1,0,0,1,0,1,0,1,2,2,2,0,0,0,1,1,1,0,0,0,0,1,0,1,0,0,0,0,0,1,2,2,0,0,2,0,1,1,2,1,0,1,0,1,1,1,0,0,0,1,0,2,0,1,1,1,1,1,0,0,2,0,0,0,1,0,0,1,1,1,0,0,1,1,1,1,0,1,0,0,2,0,1,1,0,1,0,0,0,0,0,0,0,1,1,0,0,1,2,0,1,0,0,0,0,2,0,0,1,1,0,1,0,2,1,1,0,2,0,0,1,0,1,1,1,0,1,0,1,0,1,1,0,1
L091,1,1,1,1,0,0,0,1,1,2,2,1,1,1,2,1,1,1,0,1,0,2,0,0,0,0,0,1,1,2,0,0,0,0,2,1,0,0,2,0,1,0,1,0,1,0,0,0,1,0,1,1,0,0,0,1,0,0,1,0,1,0,0,0,1,0,1,0,1,0,0,1,0,1,1,2,0,0,0,1,1,1,1,1,0,0,0,0,1,1,0,0,0,2,0,1,0,0,1,0,2,2,0,1,1,1,2,2,1,0,0,2,1,1,2,0,2,0,1,1,0,1,1,1,0,0,0,1,1,2,2,0,0,1,0,0,0,2,0,1,2,1,0,0,1,1,1,1,0,0,2,1,1,1,0,0,0,1,0,2,0,0,1,0,0,0,1,1,0,0,1,0,0,0,0,0,2,2,1,1,0,0,1,0,0,0,0,0,0,1,0,2,0,1,1,0,0,0,1,1,1,2,0,0,1,0,0,0,0,1,1,0,0,1,2,1,0,0,0,0,0,1,0,2,1,0,0,0,2,1,0,0,0,0,1,2,0,0,0,0,1,0,1,1,0,0,0,1,0,0,1,0,0,0,1,0,0,1,1,1,1,0,2,2,1,1,1,0,0,1,1,0,0,0,0,0,0,0,0,0,1,0,0,0,1,0,2,0,1,1,1,2,0,1,1,0,1,1,1,0,2,0,1,0,1,2,1,2,1,1,1,0,1,0,0,0,0,0,0,1,0,2,1,0,0,1,1,1,0,2,0,1,0,1,0,1,1,0,1,1,1,0,0,2,1,0,0,0,1,0,0,1,0,1,0,1,0,0,2,2,0,1,2,0,0,0,2,0,0,0,0,0,0,1,1,1,0,0,0,1,1,0,0,0,1,1,0,1,1,2,0,0,0,0,0,0,0,1,0,1,1,2,0,0,0,1,0,1,0,0,0,1,0,0,2,0,0,0,0,1,0,0,0,0,0,0,0,0,0,0,1,0,0,0,1,0,0,0,1,0,0,1,2,0,0,1,1,0,2,0,0,2,1,0,1,1,0,1,1,1,1,0,0,2,0,0,1,2,0,0,1,0,0,0,0,1,0,1,0,0,0,0,1,0,0,0,0,1,0,0,0,1,0,0,2,0,1,2,1,0
L092,0,1,1,0,0,0,1,1,1,0,1,0,0,0,0,1,0,1,0,0,0,0,0,1,1,0,2,0,0,0,1,1,1,1,0,2,2,1,0,0,1,0,1,0,1,0,0,1,1,0,0,0,0,0,1,0,1,0,1,0,1,0,0,0,0,0,1,0,0,1,0,0,1,0,1,1,0,0,0,1,1,1,0,0,0,1,1,1,1,1,0,0,2,0,0,1,1,0,0,0,1,0,0,1,2,0,2,1,1,0,0,1,1,0,0,0,1,2,0,2,0,1,0,0,2,1,0,0,0,2,0,0,1,0,0,1,0,2,1,1,2,0,0,1,0,1,1,0,1,0,0,1,0,1,1,0,0,0,0,1,0,2,0,0,1,0,2,1,1,0,0,0,0,1,0,1,2,2,0,2,1,0,2,1,0,0,0,1,1,1,1,0,0,0,0,0,1,1,1,0,1,0,1,2,2,1,1,0,0,1,1,0,0,0,2,0,0,1,1,0,0,0,1,0,1,2,0,2,1,0,0,0,1,0,1,1,0,0,1,0,2,0,0,1,0,0,0,1,0,0,0,2,1,0,1,0,0,1,0,0,0,0,1,1,1,1,1,2,2,0,0,0,0,0,0,1,0,2,2,2,0,0,1,0,2,0,2,0,0,0,1,1,1,0,1,1,0,0,1,0,0,1,2,1,1,1,2,1,1,1,2,0,0,1,1,1,1,1,1,0,1,1,0,0,0,0,0,2,2,2,0,1,0,1,0,1,2,2,1,1,2,0,1,0,0,2,1,1,1,1,0,1,0,0,0,2,1,1,1,1,0,0,0,2,1,1,2,1,0,0,1,0,0,0,1,0,0,1,0,0,0,1,1,0,0,1,0,1,2,1,1,0,0,0,0,1,0,2,0,0,0,2,0,0,0,1,0,1,2,0,0,2,0,0,1,0,0,2,0,0,0,1,0,0,1,1,0,0,0,1,1,0,0,1,0,1,0,0,2,0,1,1,2,2,0,0,2,0,0,0,0,0,0,0,0,2,1,0,0,1,2,0,1,0,0,1,1,1,0,0,0,0,0,0,0,0,0,1,1,1,1,1,1,0,0,0,0,1,2,1,2,0,1,0,1,0,2,1,0,0
L093,1,1,2,0,0,0,0,0,0,1,1,0,2,1,0,2,1,0,0,1,0,2,0,1,0,0,2,1,1,1,1,1,0,1,1,1,1,1,0,0,1,0,2,0,0,0,0,0,1,0,0,0,0,1,0,1,2,0,1,0,0,0,0,0,0,0,0,0,1,1,1,0,1,1,0,0,0,0,0,1,1,1,0,0,1,2,2,0,0,0,0,0,0,1,1,1,0,0,1,1,1,0,1,1,2,0,2,0,1,1,1,2,2,0,2,0,2,1,0,2,0,0,0,0,0,1,2,1,0,1,0,1,0,1,0,2,0,0,0,2,1,1,0,0,0,1,1,2,0,0,1,0,1,1,0,0,0,0,1,1,0,1,1,0,0,0,1,1,0,0,1,1,2,0,2,1,0,0,1,1,0,0,1,0,1,0,0,0,0,0,1,0,1,0,0,0,0,1,2,2,2,0,0,1,1,0,1,0,1,0,0,0,1,0,2,0,1,1,1,1,0,0,1,0,0,0,2,0,0,0,1,0,1,0,0,1,0,1,1,1,2,1,1,1,1,0,0,1,0,1,0,0,0,0,1,1,0,0,2,0,0,0,1,2,0,0,0,0,0,0,1,0,1,1,0,1,0,0,2,1,0,1,1,0,1,0,0,1,0,0,0,1,0,1,0,0,0,0,0,0,0,0,1,0,1,0,2,1,2,0,1,0,1,1,0,0,0,0,0,2,0,0,0,0,0,0,0,1,0,1,1,1,0,0,0,1,1,0,0,1,1,0,0,0,0,2,2,0,0,1,0,1,0,0,0,1,0,0,1,1,1,2,0,1,1,0,2,1,0,0,0,0,1,0,1,1,0,1,1,1,0,2,0,0,1,0,1,1,0,0,0,0,0,0,1,1,0,1,0,0,2,1,2,1,1,0,0,0,1,0,1,1,0,0,1,0,0,1,0,1,0,0,0,0,0,0,0,0,1,0,1,0,0,0,0,0,0,2,0,0,0,0,2,0,0,0,0,0,1,1,0,0,0,0,0,0,2,1,0,1,1,0,0,0,1,0,1,0,0,0,0,2,1,1,0,2,1,0,1,2,0,0,0,1,0,0,0,0,0,1,0,0,0,1,0,1,1,2,1,0
L094,0,0,0,1,0,1,0,0,1,1,0,0,1,0,1,1,1,0,0,1,0,0,0,0,0,0,2,0,1,0,1,1,1,1,1,0,0,0,1,0,1,2,0,1,1,1,0,1,2,0,1,1,0,0,0,1,2,2,0,0,0,0,1,0,0,0,1,1,1,0,0,2,0,2,2,1,0,0,0,1,1,0,1,1,0,0,0,0,1,0,2,0,1,1,0,1,1,0,2,0,0,0,0,1,2,2,1,1,0,0,2,0,1,0,0,1,0,0,0,1,1,1,1,0,0,0,0,1,1,1,1,1,0,2,0,0,1,0,0,1,2,0,1,0,0,2,0,0,0,1,2,0,1,1,1,0,0,0,0,1,0,1,2,0,1,0,0,0,1,0,0,1,0,2,1,1,1,1,1,0,0,1,2,0,0,2,0,2,0,0,2,1,0,0,0,0,2,0,2,1,0,1,2,0,1,1,0,2,2,0,1,0,1,0,1,0,1,1,0,0,0,1,0,1,0,0,0,0,1,1,0,1,0,0,1,0,0,2,0,0,1,0,1,1,1,0,1,0,2,1,0,0,0,0,0,0,0,0,0,1,1,0,1,0,2,1,1,1,0,1,1,0,0,1,0,0,0,1,1,1,1,0,1,0,0,0,1,0,0,0,0,0,1,1,0,0,0,0,1,1,0,0,1,0,0,0,0,1,0,0,0,0,1,1,1,1,0,0,1,0,1,0,0,1,1,2,1,1,1,0,1,0,0,1,0,1,1,0,1,1,0,1,0,1,1,2,2,0,1,1,0,0,0,1,1,1,2,0,2,0,1,1,0,0,0,0,2,1,1,0,1,0,1,0,1,0,0,0,0,0,0,0,1,0,0,1,0,0,2,1,0,0,0,0,0,0,0,1,0,0,0,0,1,0,2,1,0,0,0,2,0,0,1,0,2,0,0,1,0,0,0,0,0,1,0,0,0,0,1,0,1,0,2,1,0,0,1,1,1,1,0,0,1,0,0,0,1,1,0,1,1,0,0,1,1,0,0,0,1,1,2,0,0,1,0,0,0,0,0,0,0,0,1,0,0,1,1,0,1,1,0,0,2,1,1,0,0,1,1,1,2,0,0,1,2,0,2,2,1,0
L095,1,1,1,0,0,0,1,0,0,1,1,0,0,0,1,0,1,0,0,2,0,1,0,0,1,0,0,1,1,1,1,0,1,1,0,1,1,0,0,1,0,0,0,0,1,1,0,0,0,0,0,1,0,0,0,1,1,1,1,0,0,0,1,0,0,0,0,0,0,0,0,2,0,1,0,1,0,1,0,1,0,1,1,1,1,0,0,0,1,0,0,0,0,0,1,2,0,0,1,0,0,0,0,1,0,2,1,1,0,2,1,0,2,0,2,0,1,0,0,0,0,1,0,0,1,0,0,0,1,1,1,1,0,1,0,1,1,1,0,1,1,1,1,0,0,0,1,1,0,0,2,0,1,0,2,0,0,0,0,0,0,1,0,1,0,1,1,1,1,1,0,1,0,2,1,2,1,1,1,1,1,0,1,1,0,0,0,0,1,0,0,1,0,1,0,1,0,0,2,0,1,0,0,1,2,0,0,0,1,1,0,0,1,0,1,0,0,1,1,0,1,0,0,1,0,0,1,1,0,0,0,0,1,0,1,0,0,0,1,1,0,1,1,1,2,0,2,1,0,0,0,1,1,0,2,0,2,0,0,0,1,0,1,0,1,1,1,0,1,1,1,0,0,0,0,2,0,1,0,1,0,0,0,2,1,0,1,0,0,0,1,1,0,0,2,1,0,0,0,2,0,1,0,0,0,2,1,2,0,0,2,0,0,0,2,0,1,1,1,0,0,0,0,0,1,0,0,0,2,1,0,0,2,0,1,0,1,1,0,1,0,1,0,0,0,1,1,1,0,0,0,1,0,0,1,1,0,1,0,1,0,0,1,2,1,0,1,0,1,0,1,0,1,0,2,2,1,0,0,1,1,1,0,1,1,1,0,0,1,1,1,1,0,0,0,0,1,1,0,0,0,2,0,0,1,0,1,0,0,2,0,0,0,0,0,1,0,1,0,0,0,1,0,0,0,1,0,0,2,0,1,0,1,0,1,1,0,1,1,1,1,0,2,1,0,0,1,0,2,1,1,2,0,1,0,0,0,0,0,2,2,0,0,0,0,0,2,1,0,0,0,2,1,1,0,0,0,1,0,1,2,1,0,1,0,1,1,1,1,0,0,0,0,1,1,1,0,1,0,0
L096,1,0,1,0,0,0,0,1,0,1,1,1,0,0,1,0,1,0,0,0,0,2,0,0,0,0,1,0,1,1,1,1,0,0,1,1,2,0,1,1,1,1,2,1,0,1,0,2,2,0,1,1,0,0,0,2,1,0,0,1,0,0,0,1,1,1,1,1,1,0,0,1,0,0,2,1,0,1,0,1,0,0,1,0,0,0,0,0,0,1,0,0,2,2,0,2,0,0,0,0,0,0,0,0,1,1,0,2,0,1,1,1,2,1,1,2,0,0,0,0,0,2,1,0,0,1,0,1,1,1,0,0,0,1,0,1,0,0,0,0,0,1,1,0,0,0,1,0,0,1,0,0,1,0,1,0,1,2,0,1,1,0,1,0,1,1,0,2,1,1,1,0,0,1,0,2,0,2,1,2,0,0,0,0,0,2,0,2,1,1,1,0,1,0,0,0,2,0,2,0,1,0,0,2,0,1,1,2,0,0,1,1,1,0,0,1,1,0,2,1,0,0,0,1,0,1,0,0,0,0,0,0,0,0,2,1,0,1,1,0,0,0,1,0,0,0,0,0,1,0,0,0,1,0,1,0,2,1,1,0,1,0,2,0,0,1,0,2,0,0,1,0,0,0,1,0,0,1,0,0,0,0,0,0,2,0,1,0,0,2,0,2,0,1,1,2,1,0,2,1,0,0,2,1,1,1,0,2,1,0,2,0,0,0,2,1,0,0,1,0,0,0,1,0,1,2,0,0,0,1,0,2,0,0,0,0,1,0,1,0,2,0,1,0,0,2,0,1,0,1,1,1,0,0,1,0,1,1,1,1,1,1,0,1,1,0,0,1,0,0,0,0,1,1,1,1,2,0,0,0,0,2,0,0,0,1,1,1,0,1,1,1,0,1,0,1,1,1,0,1,1,0,0,0,1,0,0,0,1,2,1,2,0,0,0,0,2,1,0,1,0,1,0,0,0,0,0,0,1,2,1,0,1,0,0,0,0,0,2,0,1,1,0,0,0,0,1,1,0,1,1,0,0,0,0,0,0,0,1,1,2,0,0,2,0,0,1,0,1,0,0,0,1,0,0,0,1,1,0,0,2,0,1,1,0,1,1,0,0,1,2,0,0,1,1,1,1,1,0,2
L097,1,2,1,0,0,0,0,0,0,1,2,1,1,1,1,1,2,1,0,0,1,1,0,0,0,0,1,0,1,2,1,1,0,1,1,1,0,0,0,0,1,2,1,0,0,1,0,1,1,0,0,0,0,1,1,2,0,1,0,1,1,0,0,0,0,0,1,0,0,0,0,0,0,1,1,0,0,0,2,2,0,0,1,1,0,1,1,1,0,0,0,1,1,1,0,1,0,2,0,2,0,1,0,0,2,0,1,1,1,1,0,1,1,0,0,0,2,0,1,0,0,0,0,0,1,0,1,1,1,0,0,1,1,0,0,0,0,1,2,0,0,0,1,0,1,1,1,0,0,0,1,0,2,0,0,0,0,0,1,2,0,1,0,2,0,1,1,2,0,1,0,1,0,2,0,1,1,1,0,2,0,1,1,0,0,2,1,0,1,1,0,2,0,1,0,0,1,1,2,1,1,2,2,1,0,1,0,1,1,0,1,0,1,0,1,0,0,0,1,0,1,0,2,0,0,1,1,1,0,0,0,0,1,0,0,1,0,1,0,0,0,0,0,2,1,0,0,0,0,0,1,0,1,0,0,0,2,1,0,1,2,0,1,0,0,0,1,0,0,1,1,0,1,0,0,2,1,0,0,2,0,2,0,0,1,1,0,0,1,0,0,0,1,1,0,0,2,1,1,0,1,0,1,0,1,0,1,1,2,0,1,0,0,0,1,1,1,1,0,1,1,0,1,0,0,0,0,0,1,2,0,0,1,0,0,1,1,1,1,2,0,1,0,1,0,0,2,2,1,0,1,0,0,1,0,0,0,1,1,1,1,0,0,0,1,0,1,1,0,1,0,0,1,0,2,1,2,0,0,0,0,1,0,0,0,0,0,1,0,1,1,0,0,2,0,1,0,0,1,1,0,1,1,1,0,1,0,0,2,0,1,0,0,0,1,0,1,1,1,0,0,1,0,0,0,2,1,0,1,0,2,0,0,0,1,0,0,0,2,0,0,0,0,0,1,0,1,1,0,0,1,0,1,0,1,1,1,0,0,0,0,0,0,1,0,1,0,0,0,1,0,0,0,0,0,1,0,0,0,0,0,0,1,0,0,0,0,0,0,0,1,1,0,0,1,0,1,0,0,0
L098,1,2,1,0,0,1,1,0,0,1,1,0,1,0,1,1,1,2,0,0,0,0,0,0,0,0,2,1,0,0,2,1,0,1,1,1,1,0,2,0,1,0,2,0,0,0,1,2,1,0,0,1,0,0,0,0,2,1,1,0,2,1,1,1,0,0,0,0,0,1,0,2,0,0,1,1,0,0,0,2,1,1,1,2,1,0,2,1,0,0,1,0,0,1,0,0,2,0,0,0,0,0,0,1,0,0,1,1,0,1,0,2,0,0,0,0,0,0,0,1,0,2,0,1,0,0,1,0,0,0,0,0,0,1,1,1,0,0,2,0,0,0,0,1,1,0,1,1,0,0,2,1,1,1,1,0,0,0,1,2,0,0,0,2,2,0,1,1,0,1,0,1,0,2,0,1,1,2,2,1,1,0,2,0,0,0,0,0,0,1,1,2,1,1,0,0,0,0,0,0,2,1,1,0,2,1,0,2,1,1,2,0,1,0,0,1,1,0,1,1,0,1,0,2,0,0,1,0,1,1,0,1,0,0,0,1,0,1,0,0,0,0,1,0,1,0,0,0,1,1,1,0,2,0,0,0,1,0,0,0,1,0,0,0,0,2,1,1,0,1,1,0,0,0,0,1,1,1,0,1,0,1,0,0,1,2,0,0,0,1,0,1,0,1,2,0,0,0,1,0,0,0,1,0,0,0,1,1,0,0,1,0,0,1,1,0,2,0,0,0,0,0,0,0,1,0,0,1,1,1,2,1,1,2,0,0,1,0,1,1,0,1,0,1,0,0,1,1,1,0,0,1,0,1,2,2,0,0,1,0,1,1,0,1,1,0,2,0,1,0,0,0,0,2,2,0,2,0,0,0,1,0,0,1,1,0,0,0,0,0,0,0,0,1,0,1,1,2,1,0,1,0,0,0,1,1,1,2,2,0,1,2,0,0,2,0,0,1,0,1,1,0,0,0,1,1,0,1,0,0,1,0,1,1,1,0,0,0,1,0,1,0,0,0,1,1,1,0,0,1,1,0,0,1,1,1,0,0,0,1,0,0,0,0,0,0,1,0,0,0,0,0,1,0,0,0,0,0,1,0,2,1,0,1,0,0,0,1,1,1,1,2,0,0,0,0,0,2,0,2
L099,0,0,1,0,1,0,1,0,0,0,2,2,1,0,0,0,2,2,1,0,0,0,0,1,0,0,1,0,0,0,1,0,1,1,1,0,2,1,0,0,2,1,0,1,0,1,0,0,1,1,0,2,0,1,0,1,1,0,0,1,0,0,0,0,0,0,1,1,1,0,1,1,0,0,2,0,0,0,0,1,2,0,1,1,1,0,2,0,0,0,1,0,0,2,1,2,0,1,1,0,0,0,0,2,1,0,1,1,1,1,1,0,0,0,0,1,1,2,0,2,0,0,0,1,2,0,0,1,0,0,2,0,0,1,1,2,0,1,2,1,1,0,0,0,0,0,1,2,1,1,1,0,1,1,1,0,0,1,1,1,1,1,0,0,1,0,0,1,0,1,0,0,1,2,1,1,2,0,1,1,0,1,2,1,0,1,0,1,1,2,0,1,1,1,1,0,1,0,1,0,0,1,0,1,1,1,0,1,2,0,1,0,1,0,1,0,0,1,1,0,0,1,0,0,0,1,0,1,1,0,0,1,0,0,2,1,0,1,0,0,1,0,2,1,1,0,1,0,0,1,1,2,2,0,1,0,1,0,0,1,0,1,1,1,0,0,0,2,0,0,0,0,0,0,0,1,0,0,0,1,0,0,1,0,2,0,1,1,2,1,1,0,1,0,0,1,1,1,1,0,0,0,1,1,0,1,2,1,2,0,0,0,1,1,0,1,0,1,1,0,0,0,0,0,2,1,1,1,0,2,1,1,0,1,1,0,2,0,0,0,2,1,0,1,0,2,1,0,1,2,0,1,1,0,1,1,2,0,2,2,1,1,1,1,1,0,2,1,0,0,1,0,1,0,0,0,1,0,0,0,0,1,0,0,0,1,0,0,1,0,0,0,0,1,0,1,1,1,1,0,2,0,1,0,1,0,0,0,1,0,0,1,0,0,0,1,0,0,0,1,0,0,1,0,0,0,1,0,1,0,1,0,1,1,1,1,0,1,1,0,0,1,0,1,0,1,2,0,0,1,0,1,0,1,1,0,1,1,0,1,1,0,1,1,0,0,1,2,0,0,0,1,0,0,1,0,0,0,1,2,0,0,0,0,0,1,0,0,1,0,1,0,0,1,1,1,2,1,0,1
L100,0,1,0,0,1,0,2,0,1,1,2,1,1,1,1,2,1,0,0,0,0,0,1,1,1,0,0,2,1,0,0,0,0,2,1,2,0,1,1,1,1,0,0,0,1,1,0,0,0,1,0,0,1,0,1,0,0,0,0,0,1,0,0,2,0,0,0,0,0,1,0,0,0,0,2,2,0,1,1,2,2,0,0,0,0,0,1,0,0,1,2,0,0,1,0,1,1,1,0,1,0,0,0,1,1,0,1,2,0,0,1,0,0,0,1,0,1,1,0,1,0,2,0,0,1,0,0,0,0,0,1,2,1,1,0,1,1,2,0,1,0,0,1,1,1,0,0,2,0,0,0,0,0,1,1,0,0,0,0,1,0,1,2,0,2,0,2,1,0,2,0,1,0,0,1,1,1,0,2,1,0,1,1,0,0,0,0,0,1,1,0,1,0,1,0,0,1,0,2,1,1,2,2,0,1,1,0,0,1,1,0,0,2,0,1,1,0,1,1,0,0,0,0,0,1,0,0,0,0,1,0,0,0,0,2,0,0,1,0,0,1,1,1,1,1,0,1,0,0,0,1,1,1,1,1,0,1,0,0,1,2,0,2,1,1,1,0,0,1,2,1,0,1,1,1,1,0,2,0,1,0,0,0,1,2,0,1,0,1,1,1,0,1,2,0,2,1,1,0,1,1,0,1,0,0,1,1,1,0,0,0,0,0,0,0,0,0,0,1,0,0,1,0,0,1,1,0,2,1,2,0,1,0,2,0,1,2,0,0,0,2,1,0,0,0,2,2,1,1,0,0,2,1,0,1,1,0,0,2,0,1,1,0,0,0,0,0,0,0,0,0,1,0,0,2,2,0,0,0,0,1,2,1,1,0,0,0,1,1,2,1,0,0,0,0,1,1,1,0,0,1,0,1,0,0,0,0,0,0,0,0,1,0,0,0,0,0,0,0,2,0,0,0,0,0,0,0,0,0,1,1,0,1,0,0,0,0,0,1,1,0,0,0,0,0,0,2,0,0,1,0,0,0,1,0,0,1,0,0,1,0,0,1,0,0,1,0,0,0,0,0,1,0,0,0,0,1,0,0,1,1,0,1,1,0,0,1,1,2,1,1,0,0,1,1,1,0,1,0,0
L101,1,0,0,1,0,0,0,0,0,0,1,2,1,0,1,1,1,2,0,1,0,2,0,0,0,0,2,0,0,0,0,0,1,0,1,1,0,0,1,2,1,0,0,0,1,1,0,2,1,0,0,2,1,0,0,1,1,1,0,1,0,0,1,0,1,0,2,0,0,1,1,0,1,2,2,0,0,0,0,2,1,0,0,0,0,1,2,1,0,1,1,0,1,1,0,0,1,0,0,2,0,0,0,0,1,0,1,2,2,1,0,0,1,0,0,0,0,1,2,0,0,0,1,0,1,0,0,0,0,1,2,1,0,1,0,1,1,1,0,2,1,0,1,0,0,0,1,1,0,0,2,0,0,1,0,0,0,0,1,0,0,1,1,1,0,0,0,0,0,0,0,0,0,1,1,1,1,1,2,1,2,0,0,2,1,1,0,0,1,0,1,1,1,1,0,0,1,0,1,1,1,1,0,1,0,0,0,2,2,0,2,0,0,1,1,1,1,0,0,0,1,1,1,1,0,1,1,1,1,1,0,1,0,0,1,0,0,0,0,0,0,0,0,2,1,0,1,0,1,1,0,0,0,1,0,1,0,0,0,1,2,0,2,1,1,1,0,2,1,0,2,0,1,1,0,0,0,0,0,1,0,0,0,1,0,1,0,0,1,0,0,1,0,1,0,0,1,0,0,0,0,0,0,1,0,1,0,0,1,0,0,0,0,0,0,1,0,1,0,0,0,0,1,0,1,1,0,1,1,0,1,0,0,0,0,0,2,1,1,0,1,1,1,0,0,2,1,0,1,1,1,0,1,0,1,2,0,0,0,0,1,0,1,1,0,0,1,2,0,0,0,0,0,0,2,0,1,0,0,0,0,2,0,0,0,0,0,0,0,0,1,0,0,2,0,1,1,1,0,0,0,0,0,0,1,0,0,0,2,1,1,2,0,0,0,1,0,0,0,0,0,0,0,0,1,0,0,0,0,0,1,0,0,0,0,0,0,0,1,0,1,0,0,0,0,0,1,0,1,1,2,1,0,1,1,0,1,1,0,1,0,0,0,1,0,0,1,0,1,0,0,1,1,1,0,0,0,1,0,1,0,2,1,1,1,1,2,0,0,1,1,0,2,0,1,0,1,0,1,0
L102,0,1,1,1,0,0,0,1,1,1,1,1,1,0,1,0,1,2,0,2,0,0,0,0,0,0,1,1,1,1,1,0,1,2,0,0,1,1,0,0,1,0,1,0,1,0,0,1,0,0,0,0,0,0,0,1,2,1,0,1,1,0,0,1,1,1,0,1,1,2,0,2,1,0,1,0,0,0,1,2,1,0,0,0,0,0,1,0,0,0,0,0,0,1,0,1,0,0,1,1,0,1,1,1,2,0,1,1,1,1,1,0,1,0,0,0,0,1,0,0,0,0,1,0,1,1,1,0,0,1,0,0,0,2,0,0,0,1,1,1,0,2,1,0,0,0,0,1,0,0,0,0,0,0,2,0,0,1,0,0,1,1,1,0,0,1,2,1,0,1,0,1,0,1,1,0,0,1,0,1,0,1,1,0,0,0,2,0,1,1,1,1,0,0,0,1,1,1,2,2,0,1,1,2,1,1,1,1,0,0,2,1,1,0,0,0,0,1,1,0,0,0,0,0,1,2,1,0,1,0,0,0,0,0,1,1,1,1,0,0,0,1,1,0,0,0,1,0,0,0,0,0,2,0,1,0,1,0,1,0,0,0,2,0,0,2,0,1,0,1,2,0,0,1,0,0,0,0,0,0,0,0,0,0,2,1,1,0,0,0,0,1,1,1,2,0,0,1,1,0,1,0,1,0,0,0,1,0,1,0,1,0,0,1,0,1,1,0,0,0,1,1,1,0,1,0,0,1,0,2,1,1,0,0,0,0,1,2,1,1,1,0,1,0,1,0,2,0,0,1,1,1,0,0,1,1,0,0,0,0,1,0,2,0,0,1,1,0,0,1,0,0,1,2,2,0,2,0,1,0,0,1,0,0,1,0,0,1,1,1,0,1,0,1,0,0,0,0,0,1,2,2,1,0,2,1,0,0,0,1,0,1,1,0,0,0,2,1,0,1,0,0,0,0,0,0,1,0,0,0,2,0,1,1,0,0,0,1,0,0,0,1,1,0,1,0,1,0,0,0,1,1,0,0,1,0,1,0,0,0,1,0,0,1,1,0,0,0,0,0,1,1,0,0,2,1,1,2,1,0,0,0,0,2,0,0,0,1,0,0,0,0,2,0,1,1,2,1,0,0
L103,2,1,0,1,0,0,1,1,0,1,0,1,1,2,0,1,1,0,0,0,0,1,1,0,0,0,1,0,0,0,1,1,2,0,1,1,0,0,0,1,2,0,1,0,1,1,0,2,0,0,0,0,1,1,0,1,1,1,0,1,0,1,0,0,1,1,0,1,1,1,0,1,1,1,1,1,0,0,1,2,2,0,0,0,0,0,0,0,1,1,0,1,0,0,0,1,0,0,0,0,0,0,0,1,1,0,1,2,0,0,1,1,2,1,1,1,1,0,0,1,0,1,1,0,1,0,0,1,0,1,2,1,0,1,0,1,2,2,0,0,1,0,1,2,1,1,1,1,0,0,0,1,0,1,1,0,1,0,1,1,0,1,0,1,0,0,0,1,0,0,0,0,0,1,1,2,1,2,1,0,0,0,1,0,0,0,0,0,1,2,0,1,1,1,0,0,1,0,1,1,2,0,0,1,1,2,1,1,0,0,1,0,1,0,0,0,2,0,2,0,1,1,0,2,1,1,1,2,0,1,0,0,0,0,1,1,0,2,2,0,0,0,1,0,1,0,0,1,0,0,0,1,1,0,1,0,1,1,0,1,1,0,1,1,0,2,0,2,1,1,2,0,1,0,0,1,0,1,0,1,0,1,1,1,2,1,2,0,0,1,0,2,1,0,0,0,0,0,1,0,1,0,0,0,0,1,1,1,1,0,1,0,0,0,0,0,1,0,0,1,0,0,0,0,0,1,0,1,1,1,0,1,0,0,0,1,1,0,2,1,2,1,1,2,1,1,1,0,2,2,0,1,0,1,0,0,2,0,0,1,0,1,1,1,1,0,2,1,0,0,0,0,1,0,0,1,0,1,0,0,0,0,1,1,1,2,0,0,2,0,0,0,0,0,0,2,0,1,0,0,2,2,2,0,0,1,1,0,1,1,1,1,0,0,0,0,0,2,0,1,0,0,1,0,0,0,0,0,0,1,0,0,1,1,1,1,0,0,1,0,2,1,2,2,0,1,1,0,0,1,2,0,1,1,0,0,1,0,1,2,2,1,1,0,0,0,0,2,0,0,0,1,0,0,0,1,0,0,0,0,1,1,1,0,1,1,1,2,1,1,1,1,1,1,1,2,1,2,0,1
L104,1,0,1,2,1,0,0,1,1,1,2,1,2,0,1,0,1,2,0,0,0,0,1,2,1,0,0,2,1,0,1,1,0,1,1,0,0,0,0,1,2,0,1,1,1,0,1,1,2,0,2,1,1,1,0,1,1,0,1,0,0,1,0,1,1,0,1,1,1,0,0,1,0,1,1,0,0,0,1,1,0,1,0,1,0,0,1,0,0,0,0,0,1,1,0,1,0,0,0,0,0,0,0,0,2,1,0,2,1,2,2,0,1,0,1,0,1,0,1,1,0,1,0,0,1,0,0,0,0,1,1,0,1,0,1,0,0,0,1,1,0,0,1,1,0,0,0,0,0,0,1,1,0,1,0,0,1,0,0,2,1,0,1,2,0,0,1,0,1,1,1,0,1,0,1,1,1,1,0,1,0,0,2,0,0,1,1,0,0,2,1,0,0,1,0,0,0,2,0,0,1,0,0,0,0,0,1,0,0,0,0,0,1,1,1,0,1,1,0,0,0,0,1,2,0,0,1,0,1,0,0,0,0,0,0,0,1,2,1,0,0,1,1,1,1,0,1,0,0,0,2,0,1,0,0,0,0,0,1,1,0,0,0,1,0,0,1,1,1,1,2,0,1,0,1,0,0,1,0,0,0,1,0,1,2,1,1,1,1,1,0,0,0,0,1,1,0,0,2,1,1,1,0,0,1,2,1,1,0,1,0,0,0,0,0,0,0,0,0,1,0,0,1,0,2,1,1,1,1,1,0,1,0,1,0,1,1,1,0,1,0,0,1,0,1,2,1,0,2,2,0,1,0,0,0,1,1,0,0,1,1,0,0,0,1,0,2,2,0,0,0,0,2,0,1,1,2,0,0,0,1,0,0,0,2,0,0,0,0,1,1,0,0,0,0,1,1,1,0,0,0,1,1,0,1,0,1,1,1,2,0,2,0,0,0,0,0,0,2,2,0,1,0,0,0,0,0,1,0,1,1,0,2,1,1,2,0,2,2,0,0,2,0,0,0,0,0,0,2,0,1,0,0,1,0,0,0,1,0,1,0,0,1,2,1,1,1,0,1,0,0,2,0,0,1,1,0,0,1,1,0,1,1,1,0,1,0,0,1,0,1,0,0,0,1,1,1,2,0,1
L105,2,2,0,1,0,1,0,0,0,2,1,1,1,0,0,1,2,2,0,1,0,0,0,0,0,0,0,0,0,1,2,1,0,1,2,0,1,0,0,0,2,0,2,1,1,0,0,1,1,0,0,0,1,0,0,2,0,1,1,0,1,0,0,1,0,1,0,0,0,0,0,2,0,1,1,2,0,2,1,0,0,0,1,1,0,1,0,0,1,0,0,1,0,1,0,1,0,0,2,0,0,1,1,0,1,1,2,2,0,1,2,0,2,1,1,0,2,0,0,1,0,1,0,0,1,0,0,0,0,2,1,1,1,1,0,0,0,1,0,2,1,0,0,1,1,1,0,1,0,1,0,0,1,1,0,0,1,2,0,1,0,1,2,0,2,0,0,1,0,1,0,0,0,0,0,1,1,2,1,2,0,1,2,0,0,1,1,0,1,2,0,1,1,1,0,0,1,0,0,2,1,0,0,1,1,1,0,1,1,0,1,0,0,0,2,1,2,0,1,1,0,1,0,1,0,1,1,0,0,0,0,1,2,0,1,0,0,2,1,0,1,0,1,0,0,0,0,1,0,0,0,1,0,1,2,1,0,1,1,1,1,0,1,0,1,2,0,0,0,0,0,0,0,1,0,1,0,2,0,0,1,0,0,2,1,1,0,0,1,1,1,0,1,0,1,0,1,0,1,0,0,0,0,0,2,0,2,2,1,0,0,0,0,0,0,1,0,0,0,0,1,1,1,0,1,0,1,0,0,1,2,1,0,1,0,0,2,1,0,1,0,0,0,1,0,2,1,0,0,1,0,1,1,0,0,0,0,0,1,1,0,0,0,1,0,1,0,1,0,0,0,0,0,0,0,0,1,0,0,0,0,1,0,1,0,0,0,0,0,1,0,0,0,0,0,0,1,0,0,1,0,1,0,1,1,0,1,0,0,0,0,1,0,0,2,0,1,1,0,0,0,0,0,0,0,0,0,0,0,0,1,1,0,0,0,0,0,1,1,0,0,0,0,2,1,1,2,0,1,0,2,1,0,0,0,0,2,0,0,1,2,0,0,1,1,0,1,1,0,0,0,1,1,0,0,0,1,1,0,1,1,0,0,2,0,0,1,1,1,1,1,0,0,2,1,0,1,1,1,0
L106,1,1,2,1,1,1,0,1,1,1,1,1,2,0,1,1,2,2,0,0,1,0,0,0,0,0,1,0,1,1,1,0,1,1,0,1,1,0,1,2,2,0,0,0,2,1,0,0,2,1,0,1,0,1,0,1,1,0,1,0,0,0,0,0,1,0,0,0,1,0,1,1,0,1,1,1,0,1,1,1,0,0,1,0,0,0,2,0,1,1,1,0,0,0,2,0,2,0,0,2,1,1,0,2,1,1,1,1,0,2,0,1,1,0,0,0,1,0,1,1,0,1,0,0,1,0,0,0,0,1,1,1,0,0,0,1,0,0,0,1,0,0,0,0,0,1,0,0,0,1,1,0,0,2,1,0,0,0,0,1,1,2,2,2,0,0,0,1,0,1,1,1,1,1,0,0,0,1,1,1,0,0,1,0,0,1,0,0,1,0,2,1,0,0,0,0,1,1,0,1,1,2,0,0,1,1,0,0,1,1,1,0,2,1,0,0,1,1,1,1,0,0,0,1,0,1,2,1,0,0,0,0,0,0,2,1,0,2,1,0,1,1,1,1,1,0,2,0,1,0,0,2,1,0,1,0,1,1,0,1,1,0,1,1,1,2,1,2,0,0,0,0,1,0,0,0,0,1,2,1,0,1,0,2,0,0,0,0,0,0,2,1,1,1,0,2,1,0,0,1,1,0,0,1,1,1,1,1,0,1,0,1,0,0,0,1,0,1,1,0,0,0,1,0,0,0,0,0,1,1,1,1,0,2,1,1,2,1,0,2,2,0,0,1,0,0,2,1,0,1,0,2,0,0,0,0,0,0,1,0,0,0,2,0,0,0,1,1,0,0,0,0,2,0,1,0,0,1,0,0,0,0,0,0,0,0,1,1,1,1,1,0,0,0,0,0,0,0,2,1,2,0,1,0,1,1,0,0,1,0,1,1,0,0,0,0,1,1,0,1,1,1,0,0,0,0,1,0,1,1,0,0,1,1,0,0,0,2,1,0,0,0,0,0,0,1,1,1,0,0,1,1,0,0,0,1,1,0,0,1,1,0,0,1,1,1,0,0,0,0,0,0,0,0,0,1,1,0,0,1,0,1,0,0,0,0,1,1,0,0,0,0,1,0,2,1,1,1,0,1
L107,1,0,0,1,0,1,1,0,0,0,1,1,1,0,2,2,1,1,1,0,0,2,0,1,1,0,2,1,2,1,0,0,1,2,0,1,1,1,1,0,1,1,2,1,0,2,0,1,1,0,0,1,0,0,0,1,0,1,0,1,0,0,0,0,0,0,1,0,2,0,1,2,1,0,1,2,0,0,0,0,0,0,1,1,0,1,2,1,0,0,0,0,0,1,1,1,0,0,1,0,1,0,0,1,0,1,0,0,0,0,1,0,0,0,0,0,1,2,1,1,0,2,1,0,1,0,1,1,0,1,0,0,0,1,0,2,1,2,0,2,2,0,2,0,1,0,1,1,0,0,1,1,1,1,1,0,0,0,1,2,0,1,1,2,1,0,0,0,1,2,0,1,0,1,1,1,1,1,1,1,0,1,0,0,0,1,1,0,2,1,1,1,0,0,2,1,1,1,0,2,1,1,1,2,1,2,0,1,1,1,1,0,2,0,1,0,2,0,0,1,0,1,0,2,0,0,0,2,0,0,0,0,0,0,1,1,0,0,0,0,0,0,1,2,2,0,0,1,0,1,0,1,0,1,0,1,2,0,1,0,0,0,0,0,0,1,1,0,0,0,1,0,0,1,0,1,1,1,1,0,0,1,0,0,0,1,1,0,0,0,1,1,1,0,0,1,0,0,1,0,0,0,1,1,0,0,1,1,0,0,2,0,0,0,0,1,1,0,0,1,0,1,0,0,0,0,0,2,0,0,1,1,0,1,0,1,0,0,1,0,2,2,0,1,1,1,0,0,0,1,1,0,1,0,1,0,0,1,0,0,2,0,1,1,1,1,0,0,0,0,1,1,1,0,1,1,2,0,1,0,0,1,0,0,0,0,0,1,0,0,1,1,0,0,0,0,1,2,0,0,0,1,1,0,1,0,0,0,1,0,1,1,1,0,0,1,0,0,0,1,0,1,0,0,1,1,1,0,0,1,0,0,1,0,0,1,0,1,1,0,0,1,1,0,0,0,1,0,0,1,1,0,0,0,0,1,1,0,0,1,2,0,0,2,0,0,0,1,0,0,1,1,0,0,0,0,0,1,1,0,0,0,1,0,0,0,0,1,0,0,0,0,1,0,2,0,2,1,0,0
L108,1,2,0,1,0,0,1,2,1,0,1,1,2,0,1,1,1,2,0,1,0,2,0,0,0,0,1,0,0,1,1,1,1,1,1,2,0,0,0,2,0,0,1,0,0,1,0,0,1,0,0,1,0,1,0,1,0,0,0,1,0,0,0,1,1,1,2,1,1,0,0,1,1,1,1,1,0,1,1,1,1,1,0,1,0,0,1,0,1,0,2,0,0,2,1,0,1,0,0,1,0,0,0,1,1,0,1,1,0,2,1,1,0,0,1,0,1,1,0,0,0,0,0,1,1,0,0,0,0,1,2,1,1,1,0,1,0,2,1,0,1,1,2,0,0,0,2,0,0,0,2,1,0,0,1,0,0,1,0,1,0,2,2,1,0,0,0,0,1,0,0,0,1,2,1,1,1,1,0,0,0,0,1,0,0,0,1,1,1,2,0,1,0,1,0,1,1,0,0,0,1,0,0,0,1,1,0,0,1,0,1,0,0,0,2,1,0,0,1,1,0,1,0,2,1,0,0,2,1,1,0,0,1,0,1,2,0,1,0,1,0,0,1,2,0,0,1,0,0,0,0,1,1,0,0,0,0,0,2,1,0,0,1,0,0,1,0,1,0,0,1,0,0,1,1,1,0,1,0,2,0,0,0,0,1,1,2,0,1,1,0,1,0,1,2,1,0,0,0,1,0,0,0,1,0,0,2,2,2,0,1,0,0,2,2,0,1,1,1,1,0,1,1,0,1,0,0,2,0,2,0,0,0,1,1,1,2,1,2,2,0,1,0,1,0,1,0,2,1,1,2,0,1,0,2,1,1,0,1,1,1,0,0,1,0,0,1,1,1,1,0,0,0,0,0,0,1,0,0,0,1,1,0,0,0,0,2,1,1,1,1,0,0,0,0,1,0,0,0,1,1,2,0,0,1,1,0,0,1,1,0,2,0,1,0,0,0,2,1,1,0,1,0,0,0,0,0,0,1,0,0,0,0,0,1,0,0,0,1,0,0,1,0,0,1,0,0,0,0,1,1,0,0,1,1,1,1,0,0,0,0,0,0,2,1,0,1,0,0,1,0,2,0,0,0,0,1,0,1,0,1,0,2,1,0,0,1,0,0,0,1,0,1,0,0,0,0,0,1,0
L109,0,1,1,0,1,0,0,0,0,1,0,0,1,0,1,0,2,0,0,1,0,0,1,0,0,0,1,0,1,1,0,0,2,1,1,0,0,0,0,1,0,1,1,0,0,1,0,2,1,2,1,0,1,1,0,1,0,1,1,1,1,0,0,0,1,0,0,0,1,0,0,1,0,2,1,2,0,1,0,1,1,1,1,1,0,1,1,1,2,1,1,0,2,1,0,0,1,0,0,1,0,0,0,0,2,0,1,0,0,2,1,0,1,0,0,0,2,0,0,0,2,2,0,0,0,0,2,1,1,1,0,1,1,2,1,1,0,2,0,1,1,1,1,0,0,0,2,1,0,0,1,0,1,0,0,0,0,0,2,1,0,0,0,2,0,0,1,0,0,2,0,1,1,0,1,1,1,2,1,2,0,0,1,0,0,1,1,0,2,1,0,1,2,1,0,0,1,0,1,1,0,1,0,2,1,2,0,1,0,1,1,0,0,0,1,0,1,0,1,2,0,1,0,0,0,1,0,1,0,0,0,0,0,0,2,2,1,0,2,1,2,1,1,0,0,0,0,0,0,0,1,0,0,0,0,0,2,0,0,0,1,0,0,1,1,1,1,0,0,0,0,1,2,0,0,2,0,2,1,0,0,0,2,1,1,0,1,0,1,0,1,0,1,1,1,1,0,0,1,0,0,0,0,0,0,2,1,1,1,0,1,0,0,0,1,0,2,0,1,1,0,0,0,1,1,0,0,1,1,1,1,1,0,2,1,1,1,0,1,0,2,1,0,1,1,1,0,1,1,0,0,0,0,0,0,0,0,0,2,0,0,0,1,0,0,0,1,0,0,0,1,0,0,1,0,0,2,1,0,0,0,0,0,0,0,1,2,0,1,1,0,0,1,1,0,0,1,2,0,1,1,1,1,1,1,0,0,0,1,1,0,1,0,0,0,0,0,1,1,0,0,1,0,1,1,0,0,0,1,0,1,0,0,0,0,1,1,0,0,0,1,0,1,0,0,1,2,0,0,1,0,1,0,0,0,0,0,2,0,1,0,0,2,1,1,1,1,1,0,0,0,1,1,1,0,1,1,1,0,1,1,0,1,1,0,1,1,1,0,1,2,0,1,0,2,1,0,0,1,1
L110,0,0,0,1,0,1,0,1,2,1,1,1,2,2,0,0,2,0,0,0,1,0,0,0,0,1,2,0,1,1,2,1,2,0,1,0,0,1,1,0,1,0,1,1,0,1,0,1,2,0,0,2,1,0,0,2,0,1,1,0,0,1,0,0,0,1,0,1,0,1,0,2,1,0,1,1,0,1,2,0,1,0,0,0,0,0,2,0,0,0,0,0,0,1,2,2,0,0,1,1,0,0,0,0,0,1,1,0,2,0,1,1,1,0,0,0,1,0,1,1,0,1,0,0,0,0,1,1,0,0,0,1,0,1,1,1,1,0,0,1,0,0,2,0,0,0,0,1,0,0,2,1,2,0,2,0,1,0,1,1,0,2,1,2,0,0,2,2,0,0,1,0,0,0,0,0,0,1,2,0,0,0,1,0,0,0,0,2,1,1,1,1,2,1,0,1,1,0,1,1,2,1,0,0,1,0,0,1,1,0,1,0,1,0,2,1,1,2,0,0,1,0,0,1,1,0,0,1,1,0,0,0,0,0,1,1,0,1,1,0,0,1,0,1,0,0,0,0,0,0,0,0,1,1,0,0,1,0,1,2,1,2,1,1,1,1,1,1,1,2,2,0,0,0,0,0,0,1,1,1,0,1,1,0,2,2,1,0,1,1,0,2,1,1,1,0,1,1,1,0,0,0,0,0,1,2,0,2,2,1,1,1,1,0,2,0,0,0,1,0,0,0,0,0,0,1,0,1,0,0,0,1,0,1,0,1,1,0,0,1,0,1,0,0,0,1,0,2,1,0,1,0,1,0,2,2,0,0,0,1,1,0,1,1,0,0,2,1,0,0,0,0,1,0,1,0,0,0,0,1,0,0,0,0,0,0,1,1,1,2,0,0,0,1,0,0,1,1,0,0,0,1,1,0,0,0,0,1,0,0,0,0,2,0,0,1,0,1,0,0,0,1,0,0,0,1,0,0,0,0,0,0,0,0,1,0,0,0,0,0,0,0,0,0,0,1,1,0,0,0,2,1,0,1,0,0,2,0,0,1,0,0,0,1,0,0,0,0,0,0,1,0,0,0,0,0,0,0,0,1,0,0,1,1,0,0,1,1,0,0,0,1,0,2,1,2,1,1,0,1
L111,1,0,0,1,0,1,0,0,2,0,2,1,0,0,0,1,1,1,1,1,0,0,0,1,1,1,0,1,0,1,0,2,0,1,1,2,1,2,0,0,0,0,1,0,0,1,0,0,1,0,0,0,0,0,0,0,2,1,1,1,0,0,0,2,2,1,2,1,0,2,0,0,1,0,0,0,0,2,0,1,0,1,0,1,0,1,1,0,0,1,0,1,0,0,0,0,1,0,0,0,1,1,0,0,1,1,1,1,1,1,1,2,2,0,1,0,0,1,0,0,0,2,0,0,0,0,0,2,1,1,1,1,1,0,1,1,1,0,0,2,0,0,0,1,0,0,0,1,0,1,1,1,0,1,0,0,0,1,1,0,0,1,0,2,1,0,0,0,1,0,0,2,0,0,1,1,1,1,1,1,0,1,1,0,0,1,0,0,1,1,1,1,0,0,0,0,1,0,1,0,0,1,1,1,1,1,0,1,2,0,1,1,1,0,0,1,0,0,1,1,0,0,0,0,1,1,1,1,1,0,0,1,0,0,1,2,0,1,0,1,0,0,1,0,0,0,2,0,0,0,0,2,0,0,0,0,1,1,1,2,1,0,1,0,0,1,1,1,0,0,2,0,0,1,0,0,0,1,0,1,0,1,0,1,1,0,1,0,0,2,1,1,0,0,1,0,0,0,1,2,0,0,0,0,1,1,1,0,0,0,0,0,1,0,1,1,0,1,1,1,0,0,0,0,0,0,0,0,2,1,1,0,0,1,1,0,1,0,1,0,2,1,1,0,1,1,0,0,1,1,0,2,1,0,0,1,1,1,0,0,1,0,0,1,0,0,0,1,0,0,0,0,0,0,0,0,0,0,2,0,0,0,0,0,2,0,0,0,1,0,0,0,1,1,0,0,0,2,0,0,2,1,0,0,0,0,0,0,0,0,0,0,0,0,1,0,0,2,0,2,0,0,1,0,0,0,0,0,0,0,0,0,1,0,0,0,0,0,1,0,1,1,0,1,0,1,1,1,0,1,0,0,1,0,0,0,0,1,0,2,0,1,0,1,0,0,0,0,2,1,2,0,1,0,0,0,1,0,0,0,0,0,1,0,0,0,0,1,1,0,2,0,1,1,1,1,0,1,1,1
L112,0,2,1,1,0,0,1,0,1,0,1,2,0,0,1,1,1,0,0,2,0,2,0,0,0,0,1,0,1,0,1,0,1,1,1,1,1,1,1,0,1,1,2,0,0,0,0,1,1,1,0,0,2,0,1,1,0,0,0,0,0,1,0,2,1,0,1,0,1,1,0,1,0,2,1,1,0,0,1,1,0,0,0,1,0,1,0,0,1,0,0,0,1,0,0,2,1,0,0,0,1,0,0,1,1,0,1,0,0,1,0,0,1,0,1,0,1,1,0,1,1,0,0,0,1,0,1,0,0,1,1,1,0,0,0,0,1,0,0,1,0,1,0,2,0,1,1,1,0,0,1,1,1,2,1,0,1,0,1,1,1,1,0,2,1,0,0,0,0,1,1,1,1,1,1,2,1,1,1,1,0,0,1,0,2,1,1,0,0,1,1,1,1,0,0,0,1,0,1,1,1,0,1,0,2,1,0,1,0,0,1,0,1,0,2,1,2,1,2,1,0,0,0,1,1,1,1,2,0,0,0,0,1,0,0,0,0,0,0,1,1,0,1,1,1,0,1,1,0,0,1,1,0,1,0,0,0,1,1,1,1,0,0,0,1,1,1,1,0,0,0,0,0,0,1,2,1,1,0,0,0,0,0,0,1,1,1,0,2,1,0,1,0,2,1,1,0,1,0,1,1,0,0,0,0,1,1,2,1,1,1,0,0,0,1,0,1,0,1,0,0,0,0,0,1,0,0,1,0,1,0,1,1,2,0,0,2,0,0,0,1,1,0,1,0,0,1,1,2,0,1,1,0,0,0,1,0,1,0,0,2,0,1,1,0,0,1,0,0,2,1,0,1,0,0,1,2,0,0,0,0,0,1,0,0,2,0,0,0,1,2,0,0,0,0,0,0,0,0,1,1,2,0,0,1,0,0,0,2,0,1,2,1,0,0,1,0,2,1,1,0,0,1,1,2,0,0,0,1,0,1,0,0,0,0,0,0,0,2,0,0,0,0,1,0,0,1,1,0,2,1,0,0,0,2,1,1,1,0,2,1,0,0,1,1,0,0,1,1,0,0,0,0,0,0,0,0,1,1,1,0,0,0,0,0,1,0,1,0,1,0,0,0,0,0,0,0,1,0,0
L113,1,1,0,1,0,0,0,0,0,1,1,1,2,1,1,1,1,1,0,0,1,1,0,1,0,0,1,1,0,0,2,2,1,1,1,0,1,1,0,2,1,0,0,0,0,1,0,0,0,0,0,1,0,0,1,0,1,0,1,0,0,1,0,0,0,1,1,1,0,0,0,0,1,0,0,0,0,0,0,1,2,0,0,1,0,1,2,0,1,0,1,2,1,1,0,1,0,1,0,0,0,0,0,1,1,2,1,0,2,0,2,0,1,1,1,0,2,1,0,2,2,1,1,1,2,0,0,0,1,2,0,1,0,1,0,1,1,2,2,0,2,0,1,0,0,0,1,1,0,0,1,1,1,1,1,0,0,0,0,1,2,1,2,0,0,0,1,0,1,0,0,1,1,1,1,0,1,1,0,0,0,0,1,0,2,1,1,1,1,0,1,1,0,0,0,0,1,0,1,0,2,0,0,2,0,2,0,2,0,1,1,0,2,0,1,1,1,0,1,0,0,2,0,1,1,1,0,1,1,1,0,0,0,0,0,1,0,0,0,0,1,1,1,1,0,0,1,0,1,0,0,0,1,0,0,0,0,0,1,1,2,0,2,1,2,0,1,0,0,0,1,0,0,1,0,1,0,1,1,1,1,0,0,1,2,0,1,0,1,0,1,0,2,1,1,2,0,0,0,1,0,1,1,0,0,1,2,0,0,0,1,1,1,2,0,1,0,1,2,0,1,0,0,0,0,0,0,1,0,0,1,1,0,1,0,0,0,0,0,0,0,0,1,1,1,1,0,1,0,1,0,0,1,0,0,2,0,0,1,2,0,0,1,2,0,1,1,1,0,0,0,0,1,0,2,1,2,0,0,0,0,2,0,0,0,0,1,0,1,1,0,0,0,0,0,1,1,0,0,0,1,1,0,0,1,0,1,0,0,0,0,0,1,0,1,0,1,1,0,1,0,2,0,0,0,0,0,0,0,0,1,0,1,1,0,0,0,0,0,0,0,0,0,0,0,0,2,0,2,2,2,0,1,0,0,1,1,1,0,2,0,0,1,0,1,0,1,0,0,1,0,0,0,0,0,0,1,2,0,1,0,1,1,1,0,0,0,1,1,0,1,1,1,1,1,0,2,2,0,0
L114,0,0,1,1,0,0,0,0,0,1,1,1,1,1,0,2,1,1,0,2,0,1,0,0,0,0,1,0,1,1,1,1,0,1,0,1,1,1,1,0,1,0,1,0,1,1,0,1,1,0,0,0,0,0,0,2,0,0,0,0,0,1,1,1,0,0,0,1,0,0,1,1,0,0,1,1,0,1,0,0,1,0,0,0,0,0,2,0,0,0,1,0,0,0,0,2,1,0,0,0,0,0,0,0,0,0,2,2,0,1,0,0,1,0,0,1,2,1,0,1,0,1,0,0,2,1,2,1,0,2,2,1,0,1,0,0,0,2,0,0,0,1,1,1,0,0,0,0,0,0,1,0,2,1,0,0,0,1,0,1,0,0,0,1,0,0,1,1,0,0,1,1,0,0,0,1,0,1,1,2,1,0,1,0,0,0,0,0,0,1,0,1,0,1,0,0,2,0,2,2,1,1,1,2,0,0,1,2,2,1,1,0,1,0,0,1,0,0,1,1,0,0,0,1,0,1,1,0,2,0,0,0,0,0,1,0,0,0,0,0,0,0,1,0,1,1,0,1,0,0,0,1,1,1,2,0,2,0,1,1,2,0,1,1,0,2,0,1,1,0,1,2,1,1,1,2,0,2,0,2,1,0,0,1,1,0,1,1,1,0,1,2,1,1,0,0,1,1,0,2,2,0,1,0,0,1,2,2,0,1,1,0,0,0,1,1,1,0,1,1,0,0,0,0,0,1,1,0,0,1,1,0,0,0,0,0,1,0,1,2,1,2,0,0,0,1,1,2,1,1,0,0,0,1,0,1,0,0,1,2,1,2,0,0,1,0,0,0,0,0,1,0,1,0,2,1,2,0,0,0,0,1,0,0,1,0,0,1,0,0,1,0,0,0,0,1,1,1,0,1,2,0,1,1,1,0,0,2,0,0,1,0,0,0,0,0,0,1,0,1,0,0,0,1,0,0,1,0,1,0,1,0,2,0,0,0,0,0,1,0,0,0,1,0,0,0,1,0,0,2,1,2,1,0,0,0,1,0,0,1,2,1,0,1,0,0,1,1,1,1,1,1,0,0,0,0,1,1,0,0,2,0,0,1,0,1,0,1,1,0,1,1,0,0,1,0,0,1,0,0
L115,2,0,0,1,0,0,0,0,1,0,0,0,0,1,0,2,1,1,0,2,1,0,0,0,0,0,2,0,0,0,0,1,2,2,1,0,1,2,0,1,0,0,2,1,1,0,0,0,1,0,0,1,0,0,2,1,1,0,1,1,1,0,0,0,2,1,0,0,0,0,0,0,1,0,2,0,0,1,0,1,0,0,1,2,0,1,1,0,1,1,0,1,0,1,0,1,1,0,0,0,1,0,0,1,1,2,2,1,0,1,1,2,1,0,0,0,0,1,0,2,0,0,1,0,2,0,2,1,1,1,1,1,0,1,1,1,0,0,0,1,0,1,1,0,0,0,0,0,0,1,1,0,0,1,0,0,0,1,2,0,1,1,1,1,0,0,0,1,2,1,2,1,0,1,1,1,2,1,1,1,0,0,0,0,0,1,1,1,1,1,0,1,0,1,0,0,1,0,0,0,1,2,0,0,0,1,0,1,0,0,0,0,2,0,2,1,2,0,1,0,0,0,0,2,0,1,0,2,2,0,0,0,1,0,1,1,0,1,0,0,0,1,0,1,2,0,0,0,0,0,1,2,2,2,1,0,2,2,0,0,1,0,1,1,1,2,1,1,0,0,2,0,1,2,0,2,0,1,1,0,0,1,1,0,1,0,1,0,1,1,1,0,1,1,1,0,1,1,0,2,1,1,1,0,0,1,1,2,0,0,1,0,0,1,1,1,1,1,1,2,1,1,0,0,1,1,0,0,0,0,0,1,1,1,0,0,0,1,1,2,2,1,0,0,1,2,1,0,0,1,0,0,0,1,1,0,0,0,0,0,1,0,0,1,0,0,0,0,0,1,0,0,0,0,0,0,1,0,0,0,0,1,0,0,0,0,1,0,2,2,1,1,0,1,0,1,0,0,1,0,0,0,0,0,0,1,0,1,2,1,0,1,0,0,0,1,0,0,0,1,0,0,0,0,0,1,1,0,0,1,2,0,0,2,1,0,0,2,1,0,1,1,0,0,1,2,1,1,0,2,1,0,0,0,0,0,0,0,0,0,1,0,0,0,0,0,1,0,1,0,0,2,1,0,1,1,0,2,0,1,1,0,1,1,0,1,0,0,0,0,0,0,2,0,2,1,0,0,0,1
L116,0,0,2,1,0,0,1,0,0,1,1,0,2,1,1,0,2,2,0,0,1,2,0,0,0,0,2,1,1,1,0,2,2,1,0,2,1,0,0,1,0,0,1,0,0,0,0,1,0,2,0,2,0,1,0,0,0,0,0,2,1,0,0,0,0,0,1,0,0,0,0,0,1,0,1,0,0,1,1,0,0,1,2,1,0,0,1,0,0,1,0,0,0,1,1,2,1,0,2,2,0,1,0,0,0,0,1,1,1,0,2,2,1,0,1,0,1,0,0,1,0,2,0,0,1,0,1,0,1,2,0,1,1,0,1,2,0,0,0,1,0,0,0,0,0,0,1,2,0,0,1,0,1,1,1,0,0,1,0,1,0,1,0,1,1,0,1,2,1,1,0,1,0,0,0,1,1,2,2,0,1,1,0,0,0,0,1,1,0,1,0,1,0,1,0,1,0,0,0,1,1,0,0,1,2,1,0,1,0,1,1,1,1,0,2,0,1,1,1,0,0,0,0,0,1,1,1,1,1,0,1,1,2,0,0,1,0,1,0,0,0,1,2,1,0,0,0,1,1,0,0,1,1,0,2,0,1,1,0,0,0,0,1,0,1,0,1,0,1,0,1,0,0,0,1,2,0,2,0,1,0,1,1,0,0,1,1,0,2,2,1,1,1,1,1,2,0,0,2,1,2,0,1,0,0,1,1,1,1,0,1,0,0,0,1,1,0,0,1,0,1,1,0,1,1,1,0,0,1,1,0,2,0,1,0,0,1,1,0,1,0,0,0,0,0,2,2,0,0,1,0,1,1,1,0,1,0,0,2,1,1,1,0,0,0,0,1,0,0,2,2,0,0,1,2,0,2,0,0,0,0,0,0,0,1,1,0,1,1,2,1,0,1,0,0,1,1,1,0,0,1,1,1,0,1,1,0,0,1,0,2,1,1,0,1,0,0,1,0,2,0,0,1,0,0,0,0,0,0,0,0,0,1,1,1,0,0,1,1,0,0,0,1,0,0,1,0,1,0,2,0,0,0,1,1,0,0,1,0,1,0,1,0,0,0,1,0,1,0,0,2,2,1,0,0,0,2,0,1,0,1,0,0,2,0,0,1,0,1,1,1,0,0,2,1,1,0,1,1,0
L117,1,0,0,0,0,1,0,0,1,1,1,1,0,1,0,2,0,0,0,0,1,2,0,0,0,0,2,0,0,2,1,1,1,0,0,1,1,0,1,1,1,0,1,0,0,1,0,1,1,0,0,1,1,0,0,1,1,0,0,1,0,0,1,0,1,0,2,0,1,1,0,0,0,0,1,1,1,1,0,1,0,0,2,1,0,0,1,1,1,1,1,0,0,2,0,1,0,1,1,0,1,0,0,0,0,0,1,1,0,1,1,1,0,0,1,0,1,0,0,0,0,1,0,1,1,1,1,0,1,2,1,0,1,1,0,1,1,1,0,1,2,1,0,0,0,0,1,0,0,1,1,0,0,0,0,0,0,0,0,1,0,2,0,2,0,0,1,1,1,0,0,1,0,1,0,0,1,1,2,1,0,2,1,0,0,1,0,0,2,0,0,2,0,1,0,0,1,0,2,0,0,1,0,1,2,2,0,2,1,0,1,0,0,0,1,1,0,1,1,1,0,1,0,0,1,1,0,1,0,0,0,0,0,1,1,1,0,0,0,1,0,0,2,0,0,0,1,0,0,1,1,0,0,0,0,0,1,1,0,1,2,0,2,1,1,0,0,2,0,1,0,0,0,1,1,1,0,1,0,0,0,0,0,0,1,2,1,0,1,0,1,0,0,1,0,0,1,0,0,0,0,0,0,0,0,2,0,0,0,0,0,0,0,0,2,2,1,0,0,1,0,0,0,0,2,0,0,0,1,0,1,1,0,2,0,1,0,0,1,2,2,2,1,0,0,1,2,1,1,0,2,1,1,1,1,1,1,0,0,1,2,1,1,1,0,0,0,0,0,0,0,0,1,0,1,0,0,1,0,0,0,1,0,0,0,0,1,0,2,0,0,0,0,0,0,1,2,1,0,1,1,0,0,1,0,2,0,0,1,0,1,0,1,1,1,0,0,2,1,1,0,0,0,2,0,0,0,0,0,0,1,0,0,0,0,0,0,0,0,0,0,1,0,0,0,1,2,1,1,0,1,0,0,0,1,0,0,1,1,0,0,1,0,0,0,0,2,1,0,0,1,1,1,0,0,0,0,0,0,1,1,0,1,2,0,1,0,1,0,0,1,0,1,1,0,0,1,2,1,0
L118,0,1,1,0,0,1,0,0,1,2,0,0,1,0,0,2,1,0,0,2,0,1,0,0,0,0,0,0,0,1,1,0,1,1,0,0,0,2,0,0,0,0,1,0,0,1,0,1,1,0,0,0,0,0,0,2,0,1,1,1,0,0,0,2,1,0,0,0,0,1,0,1,1,1,1,0,0,1,0,1,0,0,2,1,0,0,2,0,1,1,1,0,1,0,0,1,1,0,1,0,1,0,0,2,1,0,1,1,1,1,0,0,0,0,0,1,2,0,0,0,0,0,1,1,2,0,0,0,1,0,0,1,1,1,0,0,0,1,0,1,1,1,0,0,1,0,1,0,0,0,1,0,2,0,0,0,0,2,0,1,1,2,2,1,1,1,0,0,1,1,1,1,0,1,1,0,1,1,0,0,0,0,1,0,0,1,1,0,0,1,1,2,0,0,1,0,0,0,2,1,2,1,1,0,1,1,0,1,2,0,1,0,1,1,1,0,1,0,2,1,1,0,0,1,1,1,1,1,0,1,0,0,1,0,1,2,0,1,2,0,1,1,2,2,1,0,1,1,0,1,0,1,1,0,0,0,1,0,1,1,2,1,1,0,0,0,2,1,1,0,0,0,0,0,0,1,0,1,0,0,0,1,0,1,1,0,1,0,0,1,1,0,0,2,2,1,1,0,0,0,0,0,1,0,0,2,2,1,1,0,1,1,0,1,0,1,1,0,1,2,1,0,0,0,0,0,1,1,1,2,1,1,0,0,1,0,1,1,1,0,0,1,0,0,1,1,2,1,1,0,1,0,0,0,1,1,1,0,1,0,1,0,0,0,0,0,1,0,0,0,0,1,2,0,2,1,2,0,0,0,0,2,0,0,2,1,1,1,1,2,0,0,0,0,0,1,0,0,0,0,0,0,0,1,0,2,0,1,1,0,0,1,0,1,2,0,1,1,1,0,1,0,1,0,1,0,0,1,0,1,0,0,0,1,0,1,0,0,1,0,1,0,0,1,0,1,0,1,1,0,0,0,0,1,1,1,1,0,0,1,1,0,1,0,0,0,1,1,1,0,0,0,0,0,0,0,1,1,0,0,0,0,1,2,0,0,1,0,1,0,1,0,0,1,1,2,1,0,0,2
L119,1,0,1,1,1,0,0,0,0,0,1,0,2,1,1,0,2,1,0,0,0,1,0,0,1,1,1,1,2,1,1,0,1,1,2,2,1,0,0,0,2,2,0,0,0,2,0,0,0,0,0,0,0,0,0,0,0,0,0,1,1,0,0,0,0,1,1,0,0,2,1,1,0,0,2,0,0,1,2,2,1,0,1,2,0,2,2,0,1,0,0,0,1,2,0,2,1,0,0,0,1,0,0,1,1,1,1,1,0,0,2,0,2,0,2,0,0,0,0,0,0,0,0,0,0,0,0,1,1,1,0,1,0,0,1,0,0,0,0,2,0,0,0,0,0,0,2,2,0,0,0,0,0,1,2,0,0,2,2,1,0,1,0,0,1,0,1,0,0,0,0,1,0,2,1,1,1,0,1,0,1,1,1,2,0,0,1,0,0,1,0,0,0,0,0,1,1,0,1,0,1,1,0,1,1,1,1,1,1,0,1,0,2,0,1,0,0,2,1,0,0,1,0,1,0,0,2,1,0,0,0,0,1,0,1,0,0,1,0,1,0,0,1,0,0,0,0,0,0,1,1,0,1,0,0,0,1,2,1,1,2,0,1,0,1,1,1,1,2,0,0,0,0,0,0,0,1,1,1,0,0,0,0,1,1,1,0,0,2,0,0,2,0,0,1,1,2,0,1,0,1,0,1,0,0,2,1,0,0,1,1,0,0,0,1,1,0,0,2,0,0,0,0,0,0,1,1,1,1,0,0,0,0,0,0,0,0,0,0,2,1,0,0,0,1,2,1,0,1,2,2,1,1,0,0,2,1,0,0,0,0,0,1,2,0,1,1,0,0,0,0,0,1,0,0,2,1,0,0,1,0,1,0,0,0,1,0,0,1,2,0,0,0,0,0,2,2,1,0,1,1,1,2,1,0,1,1,1,1,0,0,2,0,0,0,0,1,2,0,0,0,0,0,1,0,0,0,0,0,1,0,0,1,1,0,1,0,0,1,0,0,1,0,0,0,0,1,1,1,0,1,0,1,0,1,0,1,0,0,0,2,0,0,1,0,0,1,0,1,0,0,1,0,0,0,0,1,1,0,1,1,0,0,2,0,1,1,1,0,0,2,1,1,0,1,0,0,1,0,0
L120,1,1,0,1,1,1,1,0,1,1,1,0,1,0,0,1,2,0,0,0,0,1,0,0,1,1,1,1,0,1,1,1,0,1,0,2,1,1,1,0,2,0,0,0,0,0,0,1,1,0,0,0,1,0,0,2,1,1,0,1,0,0,0,0,0,0,0,0,1,0,0,1,0,0,0,1,0,0,0,0,0,0,0,2,0,1,0,0,0,1,1,0,0,0,1,1,0,0,0,0,1,1,0,0,1,0,1,1,0,1,1,0,0,0,0,0,0,0,1,1,1,0,0,0,1,0,1,0,1,1,1,0,1,2,0,0,1,1,1,1,0,1,1,0,0,0,1,0,0,0,0,0,0,1,0,0,0,1,0,0,0,1,2,0,0,0,2,1,0,2,1,1,1,1,2,1,1,2,1,0,0,1,1,1,1,0,0,0,2,1,2,1,0,1,0,1,1,0,1,1,1,1,0,1,1,1,0,0,2,1,0,0,1,0,0,0,2,0,0,0,0,1,0,0,0,1,0,2,2,0,0,0,1,1,2,1,0,1,0,0,1,1,2,1,0,1,1,0,0,0,1,2,0,0,1,1,0,1,0,1,1,0,1,1,1,2,1,2,0,2,1,0,1,1,0,1,0,1,1,1,0,1,0,1,0,0,0,1,0,0,1,0,1,2,2,2,0,0,1,0,1,0,0,0,0,0,1,1,1,0,1,0,0,1,0,0,0,0,0,1,0,0,0,0,1,1,0,0,1,0,1,1,1,0,0,2,0,0,0,0,1,0,0,0,0,1,0,1,0,2,1,0,1,0,1,1,1,1,0,1,2,1,1,0,0,0,2,0,1,0,0,0,0,1,2,1,1,0,1,0,1,0,0,1,0,0,0,1,0,2,0,0,0,0,1,1,1,0,0,0,2,1,1,0,2,1,0,1,0,1,0,2,0,0,0,0,0,1,0,2,1,1,1,1,0,0,0,1,1,1,0,0,1,1,0,1,0,0,0,0,1,0,2,1,0,1,1,0,0,0,1,0,1,0,0,0,0,0,0,1,1,0,0,0,0,1,1,0,1,0,0,1,0,0,0,0,0,1,1,1,0,1,0,1,0,0,0,0,1,0,0,1,0,0,1,0,1,0,1,0
L121,0,0,0,1,0,1,0,1,1,0,1,0,2,0,1,1,0,0,0,1,1,1,0,0,0,0,2,0,1,1,2,1,1,1,0,1,2,1,2,1,0,0,0,0,0,0,0,1,1,0,1,1,1,0,0,1,2,0,1,2,0,0,1,0,1,0,0,0,0,0,1,0,0,2,1,1,1,2,0,2,1,0,1,2,0,0,2,0,1,0,0,0,1,0,0,2,2,0,1,0,0,0,0,0,1,0,1,2,1,0,1,1,1,0,0,0,1,1,0,1,0,1,0,0,0,0,0,0,1,1,0,2,0,1,1,1,0,1,0,1,1,1,0,0,0,0,0,1,0,0,1,0,1,1,2,0,0,0,0,1,1,0,0,0,0,0,1,0,1,1,0,0,0,1,0,1,2,2,1,1,0,1,2,0,0,0,1,0,1,0,0,1,1,1,0,0,1,1,1,1,0,2,1,1,2,0,0,1,2,2,0,1,1,0,0,1,1,1,1,0,1,2,0,1,2,0,1,0,1,0,0,0,0,0,1,0,0,1,0,0,1,0,1,0,1,0,1,1,0,1,0,1,1,0,2,0,1,0,0,0,2,0,1,1,1,1,0,1,0,0,1,0,1,0,0,0,1,0,1,1,0,1,0,1,2,0,0,0,0,1,1,0,0,1,1,1,0,1,1,0,0,0,0,1,0,1,0,0,2,0,2,1,0,1,1,0,1,1,0,0,0,0,0,1,1,1,0,1,0,1,1,0,0,1,0,0,2,1,0,0,1,1,0,0,0,0,1,0,2,1,1,1,0,0,1,1,0,1,0,1,1,0,0,2,0,0,1,1,1,0,1,0,0,0,0,1,0,0,0,0,0,1,1,0,0,1,0,0,1,1,0,1,1,0,1,2,0,1,1,0,0,0,2,0,1,0,1,0,1,1,1,1,0,0,0,1,1,2,0,1,0,0,1,0,0,0,0,0,0,2,2,0,1,0,0,1,0,0,1,0,0,1,0,0,0,0,0,0,1,1,0,0,0,0,1,1,0,1,0,1,0,1,0,1,2,0,2,1,0,1,1,1,0,0,0,1,0,0,0,0,1,1,1,1,0,0,0,0,1,0,1,0,0,1,1,1,1,0,0,0
L122,1,1,2,0,0,0,0,1,1,0,2,1,1,0,0,0,2,2,0,0,0,0,0,0,0,0,2,1,1,0,1,1,0,1,0,1,1,0,1,1,1,0,2,1,0,0,0,2,0,0,0,0,1,0,0,0,1,1,0,1,0,0,0,1,1,0,1,1,0,1,0,2,1,0,2,1,0,1,1,1,2,0,1,0,0,0,1,1,1,0,1,0,1,0,0,0,0,0,1,2,0,0,0,0,2,1,2,0,1,1,1,1,1,1,1,0,0,2,1,1,1,1,0,1,2,1,1,1,0,1,1,0,0,1,1,1,1,1,1,1,1,1,1,1,0,0,1,1,0,0,2,0,1,1,0,1,0,0,2,2,0,2,2,2,0,1,2,1,1,0,0,0,1,1,0,2,1,0,1,1,1,0,0,0,0,0,1,0,0,0,1,2,1,0,0,0,2,1,2,1,0,0,0,0,1,1,0,0,0,0,1,0,1,0,1,0,2,1,1,0,1,1,0,1,0,0,0,1,0,0,0,0,0,0,0,1,0,2,0,1,1,0,2,0,1,0,0,0,0,1,0,2,1,0,0,1,0,2,0,0,1,0,2,2,1,1,1,1,0,0,1,1,0,1,0,0,0,0,0,1,0,1,1,1,1,0,1,0,0,0,1,1,1,0,1,0,0,0,1,1,0,1,0,1,0,1,2,2,1,0,1,0,0,0,0,1,0,0,0,0,0,0,1,0,1,2,0,1,0,2,1,2,0,1,0,1,1,1,0,0,1,1,0,0,1,1,0,1,1,0,2,1,0,1,1,2,0,1,0,0,0,0,0,1,1,1,0,1,1,0,1,0,1,0,0,2,0,1,0,0,1,1,1,0,0,1,1,1,0,2,0,0,0,1,1,1,1,1,0,0,1,2,1,1,1,1,1,1,1,1,1,1,0,0,0,0,1,1,1,1,0,0,0,0,0,1,0,0,2,0,0,0,1,0,0,1,0,0,1,0,0,0,1,0,0,0,2,0,1,1,1,0,0,1,0,1,0,1,0,1,2,0,0,0,0,1,1,0,0,0,1,0,1,0,0,0,0,0,1,2,2,0,2,2,0,1,0,1,0,0,0,0,0,0,1,1,0,2,0,0
L123,0,1,2,0,1,0,1,1,1,1,1,0,1,0,0,2,0,2,0,0,1,1,0,0,1,0,1,1,0,1,1,0,0,1,0,1,0,0,1,0,1,1,2,0,0,1,1,1,1,0,1,0,0,0,0,1,1,1,0,1,0,0,1,0,2,0,1,0,1,0,1,0,1,1,1,0,1,1,1,1,0,0,1,2,0,0,0,1,0,0,1,0,1,1,0,2,0,0,1,0,1,1,0,2,1,1,1,0,0,1,1,0,0,0,2,1,2,0,0,1,0,2,0,0,1,0,1,0,0,0,0,0,1,1,0,0,1,0,2,0,0,1,0,0,0,1,1,1,1,0,1,1,1,2,1,0,0,2,0,1,0,1,0,1,0,0,0,2,1,0,0,0,0,1,0,1,1,0,0,2,0,0,1,0,0,2,0,0,1,0,1,1,1,0,0,0,0,1,0,2,1,1,1,1,1,0,0,1,1,0,0,0,2,0,1,1,1,0,2,0,0,1,0,0,2,1,1,2,1,1,0,0,0,0,0,1,0,0,0,1,1,1,0,0,0,0,1,0,0,0,0,2,2,0,1,0,1,0,0,0,1,0,2,1,0,1,0,0,1,0,0,0,1,1,1,0,0,1,2,0,0,1,0,2,1,0,0,0,1,0,1,0,0,0,1,1,0,0,1,2,0,0,0,0,0,2,1,1,1,0,0,0,0,0,0,1,0,0,0,1,1,1,2,0,1,2,0,1,0,0,1,2,0,2,0,1,1,1,0,1,1,1,0,1,0,2,1,1,0,1,1,0,0,1,0,0,0,0,1,2,2,1,0,0,0,0,1,0,1,0,0,0,1,0,1,1,1,0,0,0,1,1,0,0,0,0,0,0,2,1,1,0,0,0,1,0,0,1,0,0,0,0,1,0,1,2,0,0,2,0,0,1,1,0,0,0,1,0,0,2,1,0,0,0,0,0,1,0,1,1,1,0,1,0,0,0,0,0,1,0,0,0,0,0,1,0,1,1,0,0,0,0,1,0,0,1,0,0,0,1,0,0,1,1,0,0,1,0,0,0,0,1,1,0,0,0,0,0,0,0,1,0,0,1,1,1,1,1,0,2,2,1,0,0,0,1,1,1,0,1
L124,1,2,0,1,0,0,1,0,0,1,0,1,1,1,2,0,0,1,0,1,0,0,0,0,0,0,0,0,2,0,1,0,2,0,1,1,1,1,1,0,1,0,1,0,0,1,0,1,1,1,1,2,0,2,0,2,1,0,0,1,0,1,0,1,0,0,1,0,1,0,0,1,0,1,2,1,0,0,1,0,1,0,1,2,1,0,1,1,1,0,2,1,0,1,0,2,1,0,0,0,0,0,1,1,2,1,0,0,1,1,0,0,2,0,0,0,0,1,0,2,1,1,0,0,0,0,1,1,2,0,0,1,0,1,0,0,1,1,0,2,1,1,1,1,0,0,2,2,0,0,1,1,0,0,1,0,0,0,1,1,1,2,0,0,0,0,0,2,0,1,0,1,0,1,0,0,1,1,0,2,0,0,1,0,0,0,1,0,0,1,2,0,0,0,1,0,1,0,1,2,1,0,0,0,1,0,1,0,1,2,0,0,1,0,1,0,2,1,0,0,1,0,0,0,1,0,1,0,0,0,0,1,0,0,0,2,0,1,0,1,0,0,0,2,1,0,2,2,0,0,1,1,2,1,0,0,1,1,0,1,2,1,2,0,0,1,1,1,0,1,0,1,1,0,0,1,0,0,2,1,0,2,0,1,1,2,0,1,1,0,0,1,1,1,2,1,0,0,0,1,0,0,1,1,0,1,2,2,0,1,0,0,0,0,0,1,1,1,1,1,0,1,1,0,0,2,0,1,1,2,1,1,0,1,1,0,1,2,2,1,0,0,0,0,1,0,1,1,1,1,1,1,1,0,1,1,0,0,1,2,1,0,0,1,0,0,0,1,0,0,1,0,1,2,1,0,1,0,1,0,1,1,0,0,0,0,0,0,2,2,1,0,0,1,0,0,0,0,0,0,0,1,2,2,1,2,0,1,0,1,0,0,0,0,1,0,0,0,1,0,0,0,0,0,0,2,0,0,1,0,1,0,0,0,0,0,0,0,1,0,0,1,1,1,1,0,1,1,0,1,1,0,1,0,0,0,0,0,1,1,0,0,1,1,0,2,1,1,1,0,1,0,0,0,0,0,0,2,0,1,2,0,0,2,1,0,0,1,0,0,1,1,1,0,0,0,0,1,0,0
L125,0,0,0,1,0,0,0,1,0,2,2,1,2,1,0,1,2,0,0,1,0,0,0,0,1,0,1,0,0,0,2,0,0,2,1,0,1,0,1,0,1,0,1,0,0,0,1,1,1,0,0,2,1,1,0,0,0,1,1,0,0,0,0,0,1,0,1,0,0,0,0,1,0,0,1,1,0,1,1,1,1,0,1,0,0,1,2,0,1,0,0,0,0,1,0,2,2,0,0,0,1,1,0,1,1,1,1,1,0,1,2,0,2,1,2,0,1,1,0,0,0,1,0,0,0,0,0,1,0,1,1,1,0,1,0,1,1,0,1,0,1,1,2,0,0,0,1,1,0,0,2,2,1,0,1,0,0,1,1,0,0,1,1,0,1,0,2,0,0,1,0,0,0,0,0,2,1,1,2,0,1,0,2,0,0,1,1,1,1,0,1,0,0,0,1,0,2,1,1,1,1,1,1,0,0,0,0,2,2,0,1,1,0,1,1,0,2,0,0,1,1,1,0,1,0,1,1,2,1,1,0,0,0,0,0,1,0,1,0,0,0,0,1,1,0,0,2,2,0,0,0,1,1,0,1,0,1,0,0,0,1,1,0,0,0,2,2,0,0,0,0,0,0,0,0,1,1,1,0,1,0,0,0,2,1,1,1,0,1,1,0,1,1,0,0,0,0,0,1,0,1,0,2,0,0,1,2,1,1,0,1,0,0,0,0,1,0,0,1,1,0,0,0,0,0,1,1,0,0,0,1,0,0,1,0,0,1,0,1,0,1,0,0,0,0,1,1,1,1,1,1,0,0,1,0,1,0,1,1,0,0,0,0,1,1,1,1,0,1,0,0,0,1,0,1,0,2,0,1,0,0,1,0,1,0,2,0,0,1,0,1,0,0,1,0,0,1,1,0,2,1,0,0,0,1,2,0,1,1,1,0,0,0,0,1,0,0,0,0,1,0,0,0,1,0,0,0,0,0,1,0,0,2,0,0,1,0,0,0,0,0,1,1,0,0,1,1,0,0,2,1,0,0,1,0,1,0,0,1,2,0,0,0,1,0,0,0,0,0,0,0,1,0,0,0,0,1,0,0,2,0,0,0,1,0,1,0,0,1,0,0,0,0,0,1,0,0,1,0,0
L126,1,1,1,1,0,1,0,1,0,1,1,1,2,0,0,0,1,2,0,1,0,2,1,0,1,0,1,0,0,1,2,0,0,0,0,2,1,1,2,1,0,1,0,0,1,0,0,1,0,0,1,1,1,0,0,0,1,1,0,0,0,1,0,1,1,0,0,0,0,1,0,2,2,0,0,1,0,0,0,1,2,0,0,2,0,0,0,1,0,1,0,0,0,1,0,0,0,0,1,2,0,0,0,0,2,1,1,1,1,1,0,1,0,0,0,0,2,1,0,2,0,1,0,0,0,0,1,0,0,2,0,0,0,1,1,2,0,1,0,1,1,0,0,1,0,0,0,0,0,1,1,0,1,2,1,0,0,1,0,1,0,1,1,1,1,0,0,1,0,1,0,0,0,0,0,1,1,0,1,1,0,0,0,0,0,1,1,0,0,1,2,0,0,1,0,0,1,0,2,1,1,1,0,0,0,0,0,0,0,0,0,0,2,1,1,0,1,1,0,0,0,1,0,1,2,1,1,1,1,1,0,0,0,0,0,0,0,1,1,1,1,1,1,2,0,0,1,2,0,1,1,2,0,0,0,0,1,1,1,1,0,0,1,0,0,0,0,0,1,1,0,0,0,0,0,0,0,2,1,1,0,1,0,1,1,0,1,0,2,1,1,1,0,1,1,1,0,1,0,0,1,0,0,0,0,0,1,0,0,0,1,0,0,0,0,0,0,0,0,1,0,1,0,0,1,0,0,0,0,1,1,1,0,1,1,0,2,1,0,2,0,1,0,0,1,0,2,0,1,2,0,0,1,0,0,0,0,1,1,1,0,0,0,1,0,0,0,1,0,0,0,0,1,1,0,1,0,0,0,0,0,0,1,0,1,1,0,1,2,2,2,0,0,1,0,0,1,1,0,1,1,0,0,0,1,0,0,2,2,0,0,1,1,0,1,0,0,0,0,1,0,2,1,0,0,1,1,0,2,0,1,1,2,0,0,1,0,0,0,0,1,0,2,0,0,1,1,0,1,0,2,0,0,1,0,1,0,0,0,2,0,0,1,0,0,0,1,1,1,0,0,2,0,0,0,0,0,0,1,0,0,1,2,1,0,0,1,0,1,0,1,2,1,1,2,1,1,1,0,0
L127,1,1,0,0,0,0,1,0,1,1,1,2,1,1,0,0,1,2,0,0,0,0,0,0,1,0,1,0,0,2,1,0,1,2,2,1,1,1,0,0,1,1,2,0,2,1,0,0,1,0,1,0,0,1,0,1,1,0,0,1,0,0,0,0,1,0,0,0,0,0,0,2,1,0,1,1,0,0,0,1,1,1,0,1,0,0,2,0,0,1,1,0,1,1,0,2,0,0,1,0,1,0,1,1,1,0,2,1,0,0,1,1,1,0,1,0,1,0,0,1,0,2,1,0,1,0,0,0,1,0,2,0,0,1,1,0,0,0,0,1,0,2,0,2,0,0,1,1,0,0,2,0,1,1,2,0,1,2,0,2,1,1,1,2,1,1,1,0,0,0,1,0,1,0,1,1,1,2,1,1,0,0,0,0,0,1,1,1,0,2,1,1,0,1,0,0,0,0,0,1,0,1,0,0,2,1,1,1,0,1,1,0,2,0,2,0,1,0,0,2,0,0,0,0,0,0,1,1,1,0,0,1,0,0,0,0,0,0,0,0,0,0,1,2,0,0,1,0,0,0,1,1,1,0,1,0,1,0,0,0,0,0,0,1,1,0,0,1,0,0,1,0,1,0,0,1,0,1,1,0,0,0,0,0,1,0,0,0,1,0,1,1,1,1,0,1,1,1,2,0,1,0,0,0,0,1,1,1,2,0,0,0,0,0,1,1,0,0,0,1,0,0,1,1,0,1,0,1,0,0,1,0,0,0,1,0,2,0,0,1,1,0,0,0,0,2,2,0,1,0,1,1,0,1,1,1,1,1,0,0,1,0,1,1,0,0,0,1,1,1,0,0,0,1,1,2,1,0,0,0,1,1,0,0,0,1,1,1,0,1,0,0,0,1,0,1,2,0,0,1,1,1,1,0,1,1,0,1,1,1,0,1,0,0,0,0,1,1,0,2,0,0,1,0,0,0,0,0,0,0,1,1,0,0,1,1,0,1,0,0,1,1,1,0,1,0,1,0,0,1,1,0,0,0,0,0,0,0,0,1,1,0,1,0,0,0,1,1,1,1,0,0,0,0,0,0,1,2,1,2,1,0,0,0,0,0,0,0,1,0,0,0,0,1,1,1,1,1,0,1
L128,1,2,1,0,0,1,1,0,1,0,1,0,1,1,0,2,2,2,0,0,0,1,0,0,0,1,1,0,0,0,1,1,1,1,1,1,0,0,1,0,2,0,1,0,1,0,1,2,1,1,0,0,1,0,1,1,0,0,0,0,0,1,0,0,0,0,0,0,1,1,0,0,0,0,2,1,0,0,0,1,0,1,1,0,0,0,0,0,0,0,0,0,1,2,1,1,0,0,0,0,0,1,0,1,1,0,1,2,1,0,0,0,0,0,0,0,1,0,0,0,0,2,0,0,1,0,1,0,0,1,0,1,0,2,0,1,0,2,2,0,1,1,2,1,0,1,2,0,0,0,1,2,1,1,0,0,0,0,1,1,0,0,1,0,0,1,0,2,0,0,1,0,1,0,0,0,1,2,1,2,0,1,1,0,0,1,0,0,1,0,1,1,0,0,0,0,1,0,2,1,2,0,0,0,1,1,1,1,1,0,1,0,1,0,1,1,1,0,1,0,0,0,0,2,1,1,0,0,0,0,0,0,0,0,2,0,0,2,0,0,0,0,0,2,1,0,0,0,0,0,0,1,1,0,1,0,1,1,0,0,0,0,1,0,0,0,1,1,1,1,1,0,0,2,0,1,0,2,0,1,0,0,2,0,2,1,1,1,1,2,0,0,0,1,1,0,0,0,1,1,1,0,1,0,1,2,1,1,1,0,0,0,0,0,1,1,0,1,1,1,1,0,0,0,0,2,0,1,0,2,0,2,0,1,0,0,2,0,0,1,1,1,1,0,0,1,0,0,1,2,0,2,0,0,1,1,0,0,0,0,1,0,0,0,0,0,1,1,0,1,0,0,1,0,2,1,1,0,0,0,0,1,0,0,1,0,0,0,1,1,1,0,0,2,0,0,1,2,0,1,1,1,1,1,0,1,0,1,2,2,0,0,0,0,0,1,0,1,0,0,0,0,0,0,0,0,1,0,2,1,1,1,2,0,0,0,0,0,1,0,1,0,2,0,0,0,1,1,0,1,0,0,0,0,0,0,1,0,0,1,2,0,1,2,1,0,1,1,0,0,1,0,0,0,0,1,0,0,0,0,1,0,1,1,1,0,0,0,1,0,2,0,1,0,0,0,1,1,0,0
L129,1,1,2,0,0,0,0,0,2,0,1,2,1,0,0,1,2,1,0,0,0,0,1,0,0,0,2,0,0,1,1,0,0,1,0,1,0,0,0,0,1,0,0,0,0,1,0,1,1,1,0,0,0,0,0,1,1,0,0,1,1,1,1,0,1,0,1,2,0,0,0,1,0,0,1,1,0,1,1,1,2,0,1,1,0,0,0,0,1,0,0,0,1,2,1,1,1,0,1,0,0,1,0,0,1,0,2,2,0,1,1,0,0,0,0,0,1,1,0,2,0,1,0,0,0,0,1,0,1,2,1,0,0,1,2,0,1,0,0,1,0,0,1,2,0,0,1,1,0,0,0,0,1,0,0,0,0,1,0,1,0,1,0,2,1,0,0,1,1,1,1,1,0,1,0,2,1,2,0,0,1,0,1,1,0,1,0,1,0,1,1,1,0,1,0,0,0,1,1,2,1,0,0,2,2,0,0,1,1,0,1,0,0,0,1,0,1,0,0,1,0,0,0,0,1,1,1,2,0,0,0,0,0,0,1,2,0,0,0,1,1,1,1,0,1,0,0,0,0,0,0,1,0,1,1,0,2,0,2,1,0,0,1,1,0,2,1,1,0,1,1,0,1,0,1,1,0,0,0,1,0,0,0,1,1,1,1,0,0,0,0,0,1,1,0,1,0,0,1,1,0,0,0,0,0,1,2,1,0,0,1,0,0,1,1,0,0,0,0,1,1,1,0,0,1,0,1,0,1,1,1,1,1,1,1,0,1,1,0,0,2,1,0,0,1,1,2,0,0,2,1,2,0,0,1,1,0,0,0,0,1,0,0,0,0,1,1,1,1,0,0,0,2,0,1,1,1,1,0,0,0,1,0,0,1,0,1,1,2,0,0,0,0,0,0,0,0,2,0,1,0,2,0,0,2,2,0,1,0,1,0,1,0,0,0,0,0,2,0,1,0,0,1,0,0,1,1,0,1,1,1,0,0,1,0,0,0,1,1,0,0,0,0,0,0,1,2,0,1,1,1,2,1,0,1,0,0,1,0,0,1,0,1,0,1,0,2,0,0,0,0,0,0,0,0,0,1,1,0,1,0,0,1,2,0,0,1,2,2,1,1,0,1,0,0,0,1,1,0,1
L130,1,2,1,1,0,0,1,0,0,1,1,1,1,0,0,1,1,0,0,1,0,0,0,0,0,1,1,0,1,0,2,0,0,2,1,1,0,0,1,0,2,0,1,0,1,0,0,2,1,1,0,0,1,0,0,0,2,1,0,0,0,1,0,0,2,0,0,0,0,0,0,1,1,0,1,0,0,0,1,2,0,1,0,0,0,0,2,0,0,1,0,0,1,0,1,0,2,0,1,0,0,0,0,1,0,1,1,1,1,1,1,2,0,0,0,0,1,0,0,1,0,2,0,1,1,0,1,1,0,1,1,1,1,1,0,0,1,0,1,2,0,0,0,1,0,0,0,0,0,1,1,0,0,0,0,0,0,0,2,1,0,1,1,2,1,1,1,2,1,0,0,0,0,1,0,1,1,1,1,0,0,0,1,0,1,1,0,0,0,0,1,1,0,0,1,0,1,0,0,1,1,1,1,0,0,1,0,0,0,0,0,0,1,0,2,1,0,0,1,0,1,0,0,1,0,0,0,1,1,0,0,0,0,1,0,1,0,1,1,0,0,0,1,0,1,0,1,0,1,1,0,2,0,0,1,0,0,1,1,1,1,0,2,2,0,2,1,1,1,0,1,0,1,0,0,1,0,0,0,0,0,0,0,0,0,1,1,1,1,1,0,0,0,0,2,0,0,1,0,0,0,0,1,0,0,1,0,0,2,1,1,0,0,1,0,0,0,0,0,0,1,1,1,1,0,0,0,0,0,0,1,0,0,1,0,1,1,1,0,2,1,1,0,0,0,1,1,1,0,0,1,1,1,0,0,0,0,0,0,1,0,1,1,1,0,0,0,1,0,0,0,0,1,0,1,1,0,0,0,0,0,2,0,0,0,0,1,0,0,1,0,0,0,0,1,1,0,0,1,0,0,1,1,0,0,0,0,2,2,1,0,2,0,0,0,0,0,1,2,2,0,0,0,0,0,1,0,0,0,0,1,0,1,0,1,0,0,1,1,0,0,0,1,0,0,0,0,1,1,1,1,0,0,0,1,0,1,0,0,2,2,1,0,1,0,1,0,0,0,0,1,1,0,0,0,0,0,1,1,0,0,0,1,2,0,1,0,2,1,0,1,0,1,0,1,0,2,1,0,1
L131,0,2,1,1,2,0,0,1,1,0,1,1,2,2,0,2,0,0,1,0,0,0,0,1,0,0,0,0,1,1,0,0,1,0,1,1,0,0,1,0,2,2,0,1,1,0,0,2,2,0,0,0,1,0,0,1,1,0,0,1,0,0,0,0,1,0,1,0,0,0,0,2,0,1,1,1,0,1,2,0,0,0,2,1,0,2,1,0,0,0,0,0,1,1,0,1,0,0,0,1,0,1,0,0,1,0,0,1,0,1,0,0,2,0,1,0,1,1,0,0,0,2,0,0,1,1,0,0,1,1,0,2,1,1,0,1,0,0,0,1,2,0,0,0,1,0,2,1,0,0,0,0,2,1,1,0,0,2,0,0,0,0,0,2,1,1,1,0,0,1,0,0,0,1,0,0,1,1,0,2,1,1,2,0,0,1,0,0,0,0,1,0,1,1,0,0,0,0,2,0,0,0,0,0,1,1,0,0,1,2,2,0,1,0,1,0,2,2,1,0,0,0,1,1,1,2,2,2,0,1,0,0,0,0,1,0,1,0,0,0,0,0,2,0,1,1,0,0,0,1,1,0,0,0,1,1,0,1,1,0,0,0,0,2,1,1,1,0,0,1,0,1,2,1,0,0,0,1,0,0,0,1,0,0,2,1,1,0,1,0,2,1,2,1,2,1,0,1,1,2,1,0,0,1,0,2,1,0,1,1,1,2,0,0,0,0,0,0,0,1,0,0,0,0,2,0,0,1,1,1,0,1,0,2,0,0,0,0,1,0,2,0,1,0,1,0,0,0,1,1,1,0,1,0,2,0,0,0,2,1,2,0,0,1,0,0,0,1,1,0,0,0,1,0,0,2,0,0,0,0,0,1,0,0,0,0,0,0,1,0,1,0,0,0,0,1,1,1,0,2,1,0,1,0,0,1,0,0,0,1,1,0,0,0,1,0,1,0,0,0,0,2,0,0,1,1,1,0,0,0,0,0,2,1,2,0,0,0,1,0,1,0,1,0,0,1,1,1,0,1,1,1,0,0,0,0,1,0,1,1,1,0,1,1,1,0,0,1,1,0,0,2,1,0,0,1,0,1,0,1,0,0,0,0,0,1,0,1,1,0,0,1,0,1,0,0,1,1,0,1
L132,1,0,0,0,0,0,0,0,0,0,1,1,0,1,0,1,2,1,1,0,0,0,0,0,0,0,1,0,0,1,1,1,1,0,2,0,2,0,0,0,0,1,1,1,2,2,0,2,1,0,0,1,0,0,1,0,0,1,0,0,1,0,0,0,0,1,0,0,0,1,0,1,0,1,2,0,0,0,0,2,1,0,0,1,1,0,0,0,0,0,0,0,0,1,0,1,0,0,0,0,1,0,0,1,0,1,1,1,0,1,2,0,1,0,0,0,1,0,0,0,0,1,0,0,2,1,1,0,0,0,1,2,0,2,0,1,0,2,0,0,0,0,1,1,0,0,1,0,0,0,1,1,0,1,1,1,1,1,0,1,0,1,2,1,0,0,0,1,0,1,0,1,0,0,0,1,2,1,0,2,0,0,1,0,0,0,1,0,1,2,0,0,0,1,1,1,1,0,0,2,2,1,1,2,1,0,1,1,1,1,2,0,1,0,1,0,0,0,0,1,0,0,0,1,2,1,0,1,1,0,0,0,0,0,1,1,0,0,0,0,1,0,2,1,2,0,0,1,0,0,1,1,0,0,0,0,2,1,0,0,2,0,1,0,0,1,1,2,0,2,2,0,1,0,0,0,0,0,0,0,0,2,0,0,2,2,0,0,0,0,1,1,0,2,0,1,0,1,0,0,0,0,0,0,0,0,2,0,0,0,1,0,0,0,1,0,0,0,0,1,0,0,0,0,0,0,1,0,0,2,1,0,0,0,0,0,1,0,0,1,2,1,1,1,0,2,1,0,1,1,1,2,0,0,0,1,0,0,0,1,1,0,1,1,1,0,0,1,0,1,0,1,1,1,1,0,2,0,0,0,0,2,0,1,2,1,1,0,2,0,1,1,0,1,1,1,0,1,0,2,2,1,0,1,1,0,1,0,0,1,2,2,0,0,1,0,1,1,0,1,0,1,0,0,0,0,0,0,2,0,2,0,0,1,1,0,1,0,2,0,0,0,1,0,0,0,2,0,1,1,1,1,0,0,1,0,0,0,0,0,1,0,0,0,0,1,1,1,0,1,1,2,1,0,0,0,0,0,0,2,1,0,1,0,1,1,0,0,0,1,0,0,1,0,1,0,1,1,0,1
L133,2,1,1,1,0,0,0,0,1,2,0,1,2,0,1,0,0,1,1,1,0,0,0,0,1,0,1,2,0,1,0,1,1,2,2,1,1,1,0,1,1,1,1,0,2,1,0,0,1,1,0,1,1,0,0,1,1,1,1,0,1,1,1,0,0,1,0,1,1,1,0,1,0,1,1,0,0,0,2,2,1,0,0,0,0,0,0,0,2,1,0,0,0,0,0,0,1,0,1,0,1,0,0,2,0,0,1,0,0,2,2,1,1,0,2,0,1,1,0,0,0,1,1,0,0,0,0,1,2,1,1,0,0,1,1,0,1,0,1,0,0,2,0,0,0,0,0,0,0,0,0,0,0,2,2,0,0,1,2,2,0,1,0,1,0,1,1,1,1,1,0,1,0,0,0,1,1,1,1,1,0,0,1,0,0,1,1,0,1,0,1,1,1,0,1,0,2,0,1,1,1,0,2,1,1,1,0,1,1,0,1,0,1,0,0,1,0,0,0,0,1,1,0,0,0,0,0,1,0,0,0,0,0,2,0,1,1,1,1,0,1,1,1,0,1,0,0,0,0,0,0,2,0,1,1,1,0,0,0,1,1,1,1,2,0,1,1,1,0,1,1,0,1,1,1,0,0,1,0,0,1,1,0,0,2,0,0,0,1,0,0,1,0,0,1,0,1,0,1,2,1,0,0,0,0,2,1,1,1,1,0,0,0,0,1,0,0,1,0,1,1,1,0,0,2,2,0,1,1,0,2,1,0,1,1,0,0,1,0,1,1,0,0,0,0,2,2,0,0,1,1,2,0,0,2,0,0,0,1,1,2,0,0,1,0,1,1,0,0,0,0,0,0,0,2,0,1,0,1,0,0,2,0,0,0,1,1,0,1,2,1,0,0,2,0,1,0,1,0,0,1,1,0,1,0,1,0,0,1,1,0,2,0,0,1,0,1,1,0,1,1,0,0,0,0,0,0,0,1,0,1,0,0,0,1,0,0,0,0,0,1,0,0,0,1,0,0,0,0,2,0,1,0,1,1,0,0,1,0,1,2,1,0,0,0,1,1,1,0,0,1,2,0,0,0,0,0,0,1,1,0,0,1,1,0,0,1,1,0,1,1,0,0,1,1,1,1,1,0,1
L134,1,1,0,2,0,0,0,1,1,0,0,1,1,0,1,0,0,1,0,0,0,2,0,1,1,0,0,0,0,1,1,1,1,0,2,1,2,0,0,0,1,0,2,0,2,0,0,0,1,0,0,2,0,0,0,1,1,1,1,0,1,0,0,1,1,0,1,0,1,1,1,2,0,2,2,1,0,2,0,1,0,0,0,0,0,2,1,0,0,0,2,0,0,0,1,2,1,1,0,0,0,0,0,0,2,1,2,0,0,0,0,1,1,0,1,1,1,0,1,1,0,1,2,1,1,1,1,0,1,1,1,1,1,0,0,1,1,0,1,0,0,0,0,0,0,0,1,2,0,0,2,0,0,1,0,0,0,0,2,1,0,2,0,0,1,0,0,1,0,0,0,1,0,0,1,2,1,0,1,0,1,1,2,0,0,0,1,0,0,1,1,0,0,0,1,0,1,0,0,1,0,1,0,0,2,1,1,2,2,1,2,1,1,0,1,0,0,1,0,0,0,1,0,1,0,1,0,1,0,0,0,0,0,0,1,0,0,2,0,0,2,0,1,0,1,0,1,0,0,0,1,0,1,0,0,0,2,1,0,0,0,0,1,1,2,1,0,1,0,0,1,1,0,0,0,1,0,2,0,0,0,0,1,1,2,1,2,0,1,1,1,0,0,0,1,0,0,1,0,0,0,0,2,0,0,1,1,1,1,0,2,0,0,0,1,0,0,1,1,1,0,1,0,0,0,1,0,0,0,2,1,1,0,1,0,0,2,1,0,0,1,0,0,1,2,1,1,0,0,2,0,0,0,0,0,0,0,0,1,1,1,0,0,1,0,0,1,1,0,1,0,1,0,0,1,1,0,0,0,0,0,0,0,0,0,2,0,0,1,0,0,0,0,0,0,2,0,0,1,0,0,1,1,1,2,2,0,1,1,1,0,0,0,0,1,0,0,1,0,1,1,0,0,0,0,0,0,0,0,0,1,0,0,0,1,1,0,0,0,0,0,0,1,0,1,0,1,1,0,1,0,2,1,1,0,0,1,0,0,0,0,0,0,2,0,0,1,1,0,1,1,2,0,0,0,2,0,0,0,1,2,1,0,0,1,2,0,1,1,0,1,0,0,0,0,0,0,1,1,1
L135,0,2,1,1,0,0,1,0,0,1,1,0,1,0,1,0,0,0,0,1,1,2,0,0,0,0,1,1,0,2,1,0,1,0,0,1,0,0,0,0,0,1,0,0,1,1,0,1,2,0,1,2,1,0,0,0,1,1,1,0,0,0,0,1,1,1,1,0,0,0,0,2,0,1,0,1,0,1,1,0,0,0,1,1,1,2,0,1,1,1,1,1,1,1,0,1,0,0,1,0,0,1,1,0,0,1,2,1,1,1,1,0,1,0,0,0,1,1,0,0,1,2,0,0,2,0,0,2,1,2,1,1,0,1,0,1,0,1,0,0,1,0,1,0,1,0,1,1,0,0,1,1,0,1,0,0,1,0,0,0,0,1,1,0,0,0,0,2,1,1,0,0,0,1,1,1,0,2,1,1,0,0,0,0,0,0,0,1,0,2,0,0,0,1,0,0,2,0,1,1,1,2,1,0,1,1,0,1,1,0,1,0,2,1,1,0,0,0,0,1,0,0,0,2,2,0,2,1,1,0,0,0,0,0,2,1,0,1,1,0,1,2,2,0,0,0,0,0,0,0,0,0,1,0,2,1,1,1,1,1,2,0,2,1,0,1,0,0,0,1,1,1,1,1,0,0,0,2,1,1,1,0,0,0,2,1,1,0,1,1,2,0,0,1,0,1,0,0,1,2,2,0,0,0,0,2,2,0,0,0,0,0,0,0,0,1,1,1,0,1,1,1,0,0,2,2,0,1,0,0,2,1,1,1,1,0,0,0,0,1,1,1,0,0,2,1,2,1,2,0,1,1,1,0,2,0,0,1,1,1,2,0,0,1,1,0,1,2,0,0,0,0,1,0,1,1,1,0,0,0,0,0,0,0,1,0,1,1,0,0,1,0,0,0,0,0,0,1,0,0,0,2,0,0,1,2,1,0,2,0,1,2,0,0,1,0,2,0,1,1,0,1,0,0,1,0,0,0,1,0,1,0,0,1,0,0,0,1,2,0,1,0,1,0,0,1,1,1,0,0,1,0,1,0,1,1,1,0,0,1,2,0,0,1,1,0,0,0,0,1,0,0,0,0,0,0,0,0,1,1,0,0,1,1,0,0,0,2,1,1,0,0,0,2,1,2,0,0,0,1
L136,1,1,1,1,0,0,1,1,0,1,1,0,0,1,1,1,0,2,0,0,0,1,0,0,0,0,0,0,1,1,1,1,1,1,2,1,0,2,1,1,1,1,2,0,0,1,0,0,0,0,1,0,1,0,1,0,2,0,1,2,0,0,0,0,0,0,0,0,1,0,0,0,0,1,0,0,0,0,1,1,0,0,0,1,0,1,0,1,1,1,0,1,0,1,0,1,1,0,1,0,0,0,0,0,1,1,2,0,0,1,1,0,0,0,2,0,1,1,1,2,1,0,0,1,0,1,1,0,2,0,0,1,0,0,1,1,1,0,0,0,1,0,0,1,2,0,1,1,0,0,1,0,1,1,0,0,1,1,2,0,0,2,0,1,1,1,0,1,0,0,0,0,0,0,1,0,0,0,0,1,0,0,1,0,0,0,2,1,0,2,1,1,0,1,0,1,1,0,0,0,1,1,0,1,1,2,0,2,0,1,2,0,1,0,1,2,2,0,1,0,0,1,0,1,0,0,2,1,1,0,0,2,0,0,0,0,1,1,0,2,2,1,1,0,0,1,2,1,0,0,0,1,1,0,1,1,1,1,2,0,2,0,1,2,1,0,2,2,0,1,2,0,0,0,0,2,0,2,2,0,0,1,0,1,1,1,0,0,0,1,1,1,1,0,0,0,1,0,0,0,1,1,1,0,0,1,1,1,0,0,1,0,0,0,1,1,0,0,1,1,0,0,1,0,0,1,0,1,0,1,0,2,0,1,0,0,0,0,0,1,2,2,0,1,1,2,1,0,0,1,0,1,0,0,1,1,1,0,1,1,0,1,1,0,0,0,1,0,0,0,1,0,0,1,0,0,2,1,1,0,1,0,1,1,1,0,0,1,2,0,0,0,0,1,0,0,1,0,0,1,1,2,1,0,1,1,0,1,0,1,1,2,0,0,0,1,0,2,1,2,0,0,1,0,0,0,1,0,1,0,2,0,0,1,0,2,0,1,1,0,0,0,0,0,1,1,0,1,0,1,0,0,0,0,0,0,0,0,0,1,0,0,0,1,0,0,2,0,1,0,1,1,0,0,0,0,1,2,1,1,1,1,0,1,1,0,1,1,0,1,0,1,0,2,0,1,1,1,0,1
L137,0,0,0,1,0,0,0,0,0,0,2,0,1,0,0,1,2,1,0,1,0,1,0,0,0,0,0,1,1,0,1,0,1,2,0,0,0,0,2,1,0,0,0,0,0,0,0,1,0,0,0,1,0,1,0,1,0,0,0,1,1,0,0,0,2,0,1,1,2,0,0,0,0,0,0,1,0,0,0,1,0,0,1,2,0,0,1,1,0,1,1,0,0,0,1,2,0,0,2,2,0,0,1,1,1,0,2,0,1,0,2,2,0,1,1,0,1,0,0,1,0,1,1,0,2,0,0,0,2,0,0,2,1,0,0,1,0,0,0,0,1,0,0,0,0,0,0,0,0,0,0,0,0,0,1,0,0,1,0,2,2,0,1,1,1,1,0,2,0,0,1,0,1,2,0,1,2,1,0,0,0,0,1,0,0,1,0,1,0,2,0,0,0,0,1,0,1,0,1,1,2,0,0,1,0,2,0,0,0,0,1,0,0,0,1,1,1,0,1,0,0,0,1,0,1,1,1,0,0,0,0,1,1,1,1,1,0,0,0,0,0,0,1,1,0,0,0,0,0,1,0,1,1,0,1,0,0,0,1,0,2,0,2,1,1,0,1,0,0,0,1,1,0,1,0,2,0,2,0,1,0,0,0,0,1,0,0,0,0,1,0,2,2,1,1,1,0,2,1,0,1,0,0,0,1,0,1,1,0,0,0,0,0,0,2,1,0,0,0,0,0,1,1,0,0,0,1,1,1,0,0,1,0,1,1,1,2,0,0,1,0,0,0,0,0,1,1,2,2,0,0,0,0,0,0,1,1,0,1,1,1,0,0,2,0,0,1,1,0,0,2,0,1,0,0,1,1,0,0,0,0,0,0,0,0,0,0,1,1,1,0,1,0,0,0,1,0,1,0,1,2,2,0,0,0,2,0,0,1,1,1,1,0,0,0,1,0,1,0,1,0,1,0,0,0,1,0,0,0,0,2,0,0,0,1,1,1,2,1,0,0,0,2,0,0,0,0,0,0,2,0,1,0,0,1,0,0,0,0,1,1,0,0,1,0,1,2,0,0,0,1,0,0,0,0,0,1,2,0,0,1,0,1,0,0,0,1,0,1,0,1,0,0,0,0,0,1,1,0,2
L138,0,0,1,1,0,0,1,1,0,0,2,0,0,1,0,2,2,0,0,0,0,0,0,0,0,0,1,0,1,1,1,0,1,0,0,2,2,1,1,1,0,0,0,0,0,2,0,2,2,0,0,1,1,0,0,1,0,0,1,1,1,1,1,0,0,1,0,0,1,1,0,0,0,0,1,0,1,1,1,1,1,0,0,1,1,1,2,1,1,0,0,0,0,1,1,0,1,0,1,0,0,1,0,1,1,1,0,2,0,1,1,1,1,1,0,1,1,1,0,0,0,1,0,1,1,2,0,0,0,1,1,1,1,0,0,0,0,0,1,0,0,0,2,1,0,0,1,2,0,1,1,0,0,2,2,0,0,0,0,2,1,2,1,1,0,0,0,0,0,1,0,1,0,0,1,1,1,2,1,1,1,0,1,1,0,1,0,0,1,0,0,2,0,0,0,0,1,0,0,1,1,2,1,1,1,0,0,1,1,0,2,0,2,1,1,1,2,0,0,0,0,0,0,1,1,1,1,2,0,1,0,2,1,1,1,1,0,2,0,0,1,0,1,1,0,0,2,1,0,1,0,1,1,0,2,1,2,0,1,0,1,0,2,1,0,1,2,1,0,0,2,0,0,0,0,0,0,1,0,1,0,0,0,0,1,1,0,0,1,1,1,1,0,1,0,0,0,1,0,1,0,0,0,0,0,0,2,0,0,0,2,0,0,1,2,1,0,0,1,0,0,1,0,0,0,1,0,0,1,1,2,1,0,2,0,0,2,0,2,0,1,0,0,0,1,1,1,0,1,1,0,1,0,1,1,1,0,0,1,0,0,0,0,1,0,1,0,2,0,0,0,0,0,1,0,2,0,0,1,0,0,2,1,0,0,1,1,0,0,1,0,0,1,1,0,1,1,2,0,0,1,1,1,1,0,2,0,1,1,1,0,0,0,0,1,0,0,1,0,1,0,0,0,0,0,0,0,0,2,0,2,1,1,0,0,0,0,0,2,1,1,0,1,1,0,0,2,1,0,2,1,1,0,0,0,0,2,0,0,1,2,0,1,0,0,1,1,0,0,0,0,0,0,0,0,0,1,0,0,1,1,1,1,2,1,1,0,0,2,1,1,0,0,0,1,0,0,0,0,1
L139,0,1,1,0,0,0,0,1,0,1,0,0,1,1,0,1,1,1,1,0,0,1,0,0,0,1,0,0,2,0,1,0,0,1,2,0,0,1,1,0,2,1,1,0,2,0,0,1,1,0,1,0,1,1,1,2,0,1,1,0,0,0,0,0,0,0,0,0,0,1,0,1,0,1,1,1,0,1,0,0,1,1,0,0,0,0,1,0,0,0,0,1,0,1,1,2,0,1,0,0,0,0,0,2,1,2,0,0,2,0,1,0,0,0,1,0,0,1,1,0,0,2,0,0,2,1,0,1,1,0,1,1,0,1,0,0,1,0,0,2,1,0,1,1,0,0,0,1,0,0,1,0,1,1,0,0,0,1,1,0,0,1,2,0,0,1,0,1,0,1,0,0,0,1,1,1,1,0,0,1,1,0,1,0,1,1,1,0,0,2,1,0,0,2,0,0,1,1,1,1,0,1,2,1,2,1,0,1,1,0,0,0,1,0,1,1,0,0,0,0,0,1,0,2,1,0,2,0,1,0,0,0,0,0,2,1,1,1,0,0,1,2,0,0,0,0,1,0,0,0,1,0,0,0,0,1,2,1,0,0,1,0,0,0,0,2,1,1,0,1,2,0,1,1,0,0,0,1,2,2,0,1,0,1,0,0,1,0,1,0,1,0,0,0,0,1,1,0,1,1,0,0,0,0,0,2,0,1,1,0,0,0,0,0,0,1,1,0,1,1,1,0,0,0,0,0,0,0,0,1,0,1,1,0,1,0,1,0,1,2,2,2,0,0,1,1,1,0,1,1,1,0,0,0,1,2,0,1,0,1,1,0,0,0,2,1,2,0,0,0,0,0,1,0,2,1,2,1,1,0,0,0,1,0,1,0,0,0,2,0,0,0,0,0,0,1,0,1,0,0,1,0,1,0,1,1,0,0,1,1,1,1,0,0,0,0,0,0,0,0,0,0,0,0,0,0,0,0,1,0,0,0,1,0,0,0,0,1,1,0,0,0,1,0,0,1,0,0,0,0,0,0,0,0,1,0,0,0,0,1,2,0,1,1,0,0,2,1,0,0,0,1,0,0,0,1,0,0,0,0,1,1,1,1,0,1,1,0,0,0,1,1,0,0,1,0,0,1,0,0
L140,1,1,0,0,0,0,0,0,0,1,0,0,1,0,2,2,2,1,0,1,0,2,0,0,0,0,2,0,0,0,0,0,2,2,1,1,1,0,0,1,2,1,0,0,0,1,0,0,2,1,0,1,0,0,0,0,0,0,1,1,2,0,0,0,0,0,0,0,0,1,0,0,0,0,0,1,0,1,1,0,0,1,1,1,1,0,0,0,0,0,0,0,1,1,0,1,0,0,0,0,0,1,0,0,1,0,1,1,0,1,1,0,2,0,0,0,1,0,0,1,0,2,0,0,1,0,0,0,1,1,2,1,1,1,0,0,0,1,0,2,0,0,1,0,0,0,1,1,0,1,2,1,0,0,2,0,1,1,0,1,0,2,1,0,1,1,0,0,0,0,0,2,1,0,0,0,1,2,0,1,0,2,0,0,0,0,1,0,1,1,0,0,1,0,0,0,2,2,1,1,2,0,0,2,2,0,0,2,1,0,0,1,0,1,0,1,0,0,0,1,1,0,0,1,0,0,0,2,1,2,0,0,0,0,1,1,1,1,0,0,1,1,1,2,0,0,1,0,0,0,0,2,1,0,1,0,1,1,0,0,2,0,1,0,0,1,0,0,0,0,0,0,0,1,0,1,1,1,1,1,0,0,0,1,1,0,0,0,1,0,1,0,1,1,1,0,0,0,1,1,1,0,0,0,0,2,1,2,0,0,1,0,1,0,0,1,0,0,1,0,0,1,1,0,0,1,0,1,0,2,1,1,2,2,1,0,1,0,1,0,0,0,0,0,0,0,1,2,0,2,1,1,0,0,1,0,0,2,1,1,1,0,0,0,1,1,1,1,0,0,0,1,0,1,1,2,2,0,0,0,1,1,1,0,1,1,1,1,1,2,1,0,0,2,0,1,1,1,0,2,1,0,0,1,2,0,0,1,1,0,0,2,0,0,1,0,0,1,0,0,0,1,0,0,1,0,0,0,0,0,2,0,0,1,1,1,0,0,1,0,1,0,1,2,0,0,1,0,0,2,1,0,0,0,0,0,2,0,0,2,1,0,1,1,0,0,2,1,0,0,0,2,0,0,0,0,1,2,0,0,1,0,2,0,1,0,1,0,1,0,0,0,1,0,0,1,1,1,0,1
L141,1,1,0,2,0,0,1,0,0,2,2,0,1,2,1,2,1,1,0,0,1,1,1,0,1,0,1,0,1,0,0,1,1,1,1,2,1,1,1,0,1,0,0,1,1,1,0,1,1,1,1,0,0,1,0,1,1,1,0,2,0,0,0,0,0,1,1,0,1,0,0,0,0,1,2,1,0,1,1,2,1,1,1,2,0,0,0,1,0,0,0,0,0,1,1,0,0,0,0,1,0,0,0,1,1,1,1,0,0,1,2,1,1,1,1,0,2,0,0,1,0,0,0,0,1,0,0,0,1,2,0,0,1,1,0,0,0,1,0,1,0,0,2,0,0,1,1,1,0,2,1,0,1,2,0,0,0,0,0,1,0,0,1,1,0,0,0,0,0,1,0,0,1,1,1,0,1,0,0,2,1,0,1,0,0,2,1,0,0,2,0,1,0,1,0,0,1,0,0,0,2,1,2,0,1,2,0,2,0,1,1,1,0,0,0,1,1,0,1,0,0,1,0,1,1,1,1,2,1,1,0,0,0,1,0,0,0,0,1,0,0,0,0,1,1,0,0,0,1,1,0,2,0,0,0,0,0,1,2,2,0,0,2,0,1,1,2,1,1,1,0,0,2,0,0,1,0,0,0,1,0,1,0,1,1,2,1,1,0,0,2,0,1,1,1,0,1,0,0,1,0,0,2,0,1,1,2,1,0,1,1,0,1,1,0,1,0,0,2,1,0,1,1,0,1,0,0,0,1,0,1,0,0,1,2,0,0,1,1,1,1,2,1,0,1,1,0,0,0,0,0,2,0,0,1,1,0,1,0,1,1,0,0,1,0,0,0,2,0,1,0,0,2,0,2,0,2,0,1,0,0,0,0,0,0,0,2,0,0,0,0,0,0,0,0,0,0,0,0,1,1,0,0,1,1,0,0,1,2,0,1,0,0,0,0,1,1,1,0,0,0,0,0,1,0,0,0,0,1,1,2,0,1,0,0,0,0,1,2,0,1,1,1,0,0,1,2,0,1,1,1,0,1,1,0,1,0,1,0,1,1,0,0,0,0,0,1,0,1,0,0,1,0,0,0,0,0,0,2,2,0,2,1,1,0,0,0,1,1,0,0,1,0,0,0,1,1,1,0,1
L142,2,1,2,0,0,1,0,1,0,1,1,1,1,0,1,0,2,1,0,0,0,2,1,0,0,1,1,1,1,1,0,0,1,1,0,0,1,0,0,1,1,1,0,0,1,0,0,0,1,0,0,2,2,1,1,1,1,0,0,0,1,0,1,1,0,0,1,0,0,0,0,1,0,0,1,1,1,0,1,1,0,1,1,0,0,0,0,0,1,0,1,0,2,1,1,1,1,0,0,0,2,0,0,0,2,1,1,0,0,1,1,0,2,0,0,1,2,1,0,1,0,1,1,0,2,0,1,1,1,1,1,0,0,2,0,1,1,2,1,2,0,1,1,0,0,0,1,2,0,1,1,0,0,1,1,0,0,0,0,0,0,0,1,1,0,0,1,1,0,1,0,1,0,0,0,0,2,1,1,2,0,0,1,1,0,1,0,1,0,1,1,1,0,0,1,0,1,0,1,1,1,1,0,2,0,0,0,0,1,0,1,0,0,1,0,1,0,1,1,0,1,0,0,1,1,0,1,1,1,1,1,0,0,0,0,1,0,0,0,0,0,1,2,1,0,0,0,1,0,0,0,0,2,1,0,1,0,1,0,0,0,0,1,0,0,1,1,1,1,0,2,1,0,0,1,1,0,2,1,0,0,1,1,0,1,1,0,1,1,0,0,1,0,0,1,0,0,0,0,0,1,0,1,0,0,0,1,2,2,0,0,0,0,0,1,0,0,0,0,0,0,2,0,0,1,0,0,1,1,0,1,2,0,1,0,0,1,1,1,1,0,0,0,2,1,1,1,0,0,1,0,0,0,1,1,1,0,0,2,1,2,0,0,1,0,1,1,2,0,0,0,0,1,1,1,1,1,0,0,0,1,0,0,0,1,0,1,1,0,1,0,0,0,1,0,2,1,1,1,0,1,1,2,0,1,2,0,0,1,2,1,1,1,1,1,0,0,1,0,1,0,1,0,0,0,0,0,0,0,1,0,0,0,0,0,1,0,0,1,0,0,1,1,1,0,1,1,1,0,2,0,2,1,1,0,0,0,0,1,1,0,0,0,2,0,0,1,0,1,0,0,1,0,0,0,0,1,1,1,2,1,0,1,0,1,0,0,1,1,1,1,1,0,0,0,0,1,2,0,1
L143,1,0,2,1,0,0,0,1,0,0,2,0,1,0,0,2,0,0,0,2,0,0,1,0,0,0,0,0,1,0,0,0,0,0,1,1,0,1,1,1,1,0,0,0,0,2,0,0,1,1,0,1,1,1,1,0,0,0,1,0,0,0,0,0,0,0,1,0,1,0,0,0,1,2,1,1,0,0,0,1,1,1,0,1,0,0,0,0,1,1,0,0,0,0,0,0,1,1,0,0,1,0,0,1,0,0,1,1,0,1,1,0,1,0,0,1,0,0,0,0,0,0,0,0,1,0,0,0,2,0,0,0,1,1,1,0,1,1,2,1,1,1,1,0,1,0,0,2,0,0,1,1,0,1,2,1,1,1,1,1,1,1,0,2,0,0,1,1,0,2,1,1,0,1,1,1,1,0,0,1,1,1,2,0,0,1,0,1,1,2,0,0,0,1,1,0,1,2,0,2,1,0,1,1,1,0,1,1,1,1,0,1,1,0,2,2,2,1,1,0,0,0,0,1,0,0,0,1,1,0,0,0,0,1,1,0,1,1,0,2,1,1,1,1,1,0,0,0,0,0,0,0,1,0,1,0,1,1,0,1,0,0,2,2,1,1,1,0,2,2,1,2,0,1,0,2,0,0,2,1,0,0,1,0,1,2,1,0,0,0,0,0,1,2,2,1,2,1,0,2,0,0,0,0,0,0,0,1,0,0,0,0,0,0,1,0,0,0,0,0,1,1,0,0,1,0,0,2,0,0,0,2,0,1,0,1,0,1,1,1,1,1,1,1,1,1,0,0,1,1,0,1,1,0,1,0,0,0,1,0,1,1,0,1,1,0,2,0,1,0,0,0,1,1,0,2,1,0,0,0,0,1,0,0,0,0,0,0,2,1,2,0,1,1,0,0,1,1,0,1,2,1,0,0,1,0,2,2,0,0,0,1,0,0,0,0,0,2,0,1,0,0,0,0,0,0,0,0,0,0,0,0,0,0,2,1,1,1,0,0,0,0,1,1,0,0,1,0,0,0,1,0,0,0,0,0,0,1,1,1,1,0,1,1,0,1,1,1,0,0,1,1,0,0,0,1,1,1,0,1,0,0,1,0,1,1,1,0,1,1,2,1,0,1,0,0,1,0,1,0
L144,0,1,1,0,0,0,0,2,0,0,0,1,1,2,0,2,0,1,0,0,0,0,0,0,0,0,0,0,1,0,1,0,1,1,1,2,2,1,2,2,1,1,0,0,1,0,0,2,1,0,0,1,0,0,0,1,2,1,1,0,0,1,0,1,1,0,2,1,0,0,0,0,0,1,1,0,0,1,0,1,2,1,0,1,0,0,1,0,1,1,0,0,1,0,0,0,0,0,0,0,0,0,0,0,1,1,0,1,1,1,1,1,2,0,1,0,1,1,1,0,0,0,0,1,1,0,1,1,0,1,0,0,0,1,0,2,1,0,0,0,1,0,0,0,0,0,1,0,0,1,2,0,0,2,2,0,0,1,0,2,0,0,1,2,0,1,1,0,1,0,0,1,0,0,1,2,0,1,1,2,1,2,2,0,0,1,0,0,1,0,1,0,0,1,0,0,1,0,2,1,1,1,1,2,1,0,1,0,0,2,1,0,2,0,2,1,0,0,1,0,0,1,0,0,1,0,0,0,0,0,1,0,0,0,0,2,0,0,0,0,0,0,1,1,1,0,2,0,1,1,0,2,0,1,0,0,1,1,1,2,0,0,2,2,0,1,1,1,1,1,2,0,1,2,0,0,0,0,1,1,0,0,1,1,2,0,0,0,0,0,0,1,1,2,0,0,0,1,0,0,1,0,2,0,0,1,1,1,0,0,1,1,0,0,0,1,1,0,0,1,1,1,1,0,0,1,1,1,0,1,1,0,0,1,0,0,0,1,1,0,0,1,0,1,0,2,1,0,1,2,1,1,0,0,0,1,0,0,0,0,2,0,1,0,0,0,1,1,0,0,0,0,2,1,1,1,0,0,0,0,1,0,1,0,1,1,1,0,1,0,0,0,0,0,0,1,0,2,0,0,0,0,2,0,1,0,0,0,1,2,0,0,0,0,1,1,0,1,0,2,0,0,0,0,0,0,1,0,1,0,1,0,1,0,0,0,0,0,2,0,0,0,0,0,0,1,0,0,1,1,2,1,1,0,1,0,0,1,0,0,2,0,0,1,0,2,2,0,1,0,1,1,0,1,0,0,0,2,1,0,1,0,0,1,0,1,0,2,1,1,0,0,0,0,1,1,1,2,0,1
L145,0,1,0,1,0,0,1,1,1,0,0,0,1,0,2,0,2,1,0,1,0,1,0,0,1,0,2,0,1,0,2,0,1,0,1,0,1,0,0,0,1,1,1,0,2,1,0,1,0,0,0,1,0,0,1,1,0,1,0,1,0,0,1,1,0,1,1,2,0,1,0,1,0,2,1,0,0,0,0,2,2,1,1,0,0,0,0,1,0,0,0,0,1,2,1,1,1,1,0,0,0,0,0,0,1,1,2,0,0,2,1,0,2,1,1,0,0,0,0,0,0,1,0,1,1,1,0,0,0,1,1,2,1,1,1,1,1,0,1,1,1,1,2,1,0,1,1,1,0,0,1,1,1,1,0,0,0,1,2,1,0,1,1,2,0,0,1,1,1,0,0,0,1,1,1,1,1,1,0,1,1,0,0,0,0,0,0,0,0,1,1,2,0,1,0,1,1,0,0,1,0,1,0,0,1,1,0,0,0,0,0,0,1,0,1,0,1,1,1,0,0,0,0,2,0,0,1,1,0,0,0,0,1,0,1,1,0,1,0,2,1,1,1,0,1,0,0,1,0,0,0,0,2,0,0,0,0,1,0,2,1,0,2,0,1,1,1,0,0,1,1,1,0,0,0,1,0,1,0,1,0,0,1,1,0,1,0,0,0,1,0,1,0,1,2,1,0,2,0,0,0,0,0,1,0,2,1,1,1,0,0,0,0,0,1,0,0,0,1,1,0,1,0,0,0,0,0,1,1,0,0,0,0,0,0,0,0,0,1,1,0,0,0,0,0,1,2,1,0,0,0,2,0,0,0,1,0,0,1,2,1,1,1,0,1,0,1,1,0,0,1,1,1,1,0,1,2,0,0,0,0,0,0,0,0,0,0,0,2,1,1,1,0,0,0,0,1,0,1,0,1,1,0,1,0,0,1,0,1,0,1,1,0,0,1,0,0,0,0,2,0,0,0,0,0,0,0,0,0,0,2,0,2,1,0,0,0,0,1,0,0,0,0,1,0,1,2,1,0,2,0,1,0,0,0,0,0,1,0,0,1,0,2,1,1,1,1,0,0,0,0,1,0,0,0,0,0,0,1,0,0,2,0,1,1,0,0,0,0,0,0,0,0,1,0,0,1,1,0,0
L146,1,1,0,0,0,1,0,1,1,2,1,2,0,1,1,2,1,1,1,1,0,1,0,1,1,0,1,0,1,1,0,2,1,0,0,2,2,0,0,0,1,1,0,0,1,0,0,0,0,0,0,1,1,0,0,0,0,1,0,2,0,0,0,1,1,0,0,1,0,2,0,1,1,2,1,1,0,1,0,1,2,0,0,0,0,0,2,1,1,1,1,1,0,1,0,0,1,2,0,1,1,1,0,0,0,1,2,1,1,2,2,0,0,0,1,0,2,1,0,2,0,0,0,0,2,0,0,2,0,1,2,0,0,1,0,1,2,0,0,1,1,0,1,0,0,0,0,0,0,0,1,0,0,0,1,1,0,0,1,1,0,1,1,1,1,0,1,0,0,0,0,0,1,2,0,1,1,0,1,0,0,0,2,0,1,0,1,2,0,1,0,2,0,1,0,0,1,0,1,0,2,2,0,0,1,1,0,1,1,1,1,0,1,0,1,0,1,1,0,1,0,0,0,2,1,0,0,2,2,0,0,0,0,0,0,0,0,1,1,0,0,0,1,2,0,0,1,0,0,2,0,1,0,0,1,0,1,2,1,1,1,0,0,0,0,1,0,1,0,0,2,1,1,1,1,1,0,1,0,1,0,0,0,0,1,1,1,0,0,1,0,0,0,1,1,0,0,2,0,0,1,0,0,0,0,1,1,2,1,0,1,0,0,1,2,0,0,0,0,1,0,1,0,0,0,1,0,1,1,0,1,1,0,0,0,0,1,1,0,0,1,0,0,0,1,1,2,1,0,0,2,1,1,0,0,2,0,0,1,1,0,0,1,0,0,0,1,2,0,1,0,0,0,1,2,1,0,1,0,0,0,1,0,0,0,1,0,0,1,1,0,0,0,0,0,2,0,1,0,0,0,2,1,0,1,0,0,2,0,0,0,2,1,0,0,2,1,0,1,1,0,0,0,0,0,0,1,0,1,0,0,0,0,2,1,0,0,1,1,0,0,0,0,0,1,1,0,1,0,2,0,0,1,1,0,0,2,0,0,0,1,1,0,0,0,1,1,1,0,0,0,1,0,1,0,0,0,0,0,1,0,0,0,0,0,1,0,2,1,0,2,0,1,0,0,0,1,0,0,1
L147,1,2,1,1,1,0,1,0,0,1,1,0,2,1,1,1,2,0,0,0,0,1,0,1,0,0,1,0,0,0,1,1,2,1,1,1,1,2,0,0,1,0,2,0,0,0,1,0,2,1,0,1,1,1,1,0,1,0,0,2,0,0,0,0,0,0,0,0,0,0,0,1,0,1,1,0,0,0,1,0,0,1,2,1,0,0,0,0,1,1,1,0,0,2,1,2,0,1,2,0,0,0,0,0,1,1,1,1,0,2,0,1,1,0,0,0,2,1,0,1,0,1,0,0,1,0,2,0,0,0,0,1,1,1,2,1,0,1,0,0,1,0,0,0,1,0,1,0,0,0,1,1,1,0,2,0,0,1,0,0,0,1,1,1,0,0,1,0,1,0,0,0,1,0,1,0,2,2,2,1,0,0,2,0,0,1,1,0,1,0,1,0,1,0,0,0,1,0,1,1,2,1,0,1,1,1,0,0,0,0,1,0,0,0,2,0,2,1,0,0,0,0,0,1,1,0,1,1,1,0,0,0,0,0,1,2,0,1,1,0,1,1,1,2,1,0,1,1,0,0,0,0,0,0,0,0,1,2,0,0,0,1,0,0,1,0,0,1,0,1,0,0,1,1,0,0,0,1,0,2,1,0,0,2,1,0,0,1,1,1,0,1,1,1,0,0,1,2,2,1,0,0,1,0,0,1,0,1,2,0,1,0,0,0,0,2,0,1,1,1,0,1,0,0,0,0,0,0,0,1,0,1,0,1,0,0,1,0,0,0,1,2,0,0,0,0,1,2,0,0,0,0,1,0,1,1,0,2,1,1,0,0,1,1,0,0,1,1,0,0,0,0,0,0,1,1,0,0,0,1,0,1,0,0,0,0,0,0,1,2,1,0,0,0,0,2,0,1,0,2,1,0,0,1,1,1,1,0,1,1,1,1,0,0,1,0,1,1,0,2,1,2,0,1,0,1,0,0,0,0,1,0,1,2,2,1,1,0,1,0,1,1,0,2,0,0,0,1,1,0,0,0,1,1,0,1,0,0,0,2,1,0,1,1,0,1,2,0,0,0,0,1,0,0,0,0,0,2,0,0,2,0,0,1,0,0,0,2,1,0,0,1,0,0,1,0,1,1,0,1
L148,0,1,1,2,0,0,0,2,0,1,1,1,0,0,0,2,0,1,0,1,0,0,0,0,0,0,0,1,1,1,1,0,1,0,1,0,1,0,0,1,2,0,1,0,1,0,0,1,1,0,0,2,0,0,0,0,2,0,1,2,0,0,0,0,1,1,1,0,1,1,0,2,0,1,0,2,0,1,1,1,1,1,0,1,1,0,0,0,0,0,1,1,1,1,1,1,1,0,0,1,0,0,0,1,1,0,2,2,1,1,0,0,1,0,0,0,1,1,0,2,1,0,0,0,1,1,1,0,2,1,1,1,0,1,2,0,0,2,1,1,2,1,1,0,0,0,1,2,0,0,0,0,1,1,2,0,0,0,1,2,1,2,0,1,1,0,0,1,1,1,0,1,0,0,1,0,2,1,1,2,0,0,2,0,0,0,1,1,2,1,0,1,0,1,0,0,2,1,0,1,0,1,0,1,2,0,0,1,1,1,0,0,1,0,1,0,1,1,2,0,0,1,0,2,0,0,0,1,2,1,0,0,0,1,1,0,0,1,0,1,0,0,2,1,0,0,1,0,0,0,0,1,0,0,2,1,1,1,0,1,1,0,1,0,0,0,0,1,1,0,0,0,0,1,0,1,0,1,0,1,1,1,0,0,2,0,0,0,0,2,0,1,1,1,0,1,1,0,2,1,1,0,2,0,0,2,1,0,0,0,0,0,0,0,1,1,0,0,1,0,0,0,0,0,1,1,0,1,0,0,0,1,0,0,0,0,1,0,1,1,0,0,0,1,1,0,1,2,1,1,1,1,0,0,1,1,0,0,1,1,2,0,0,0,0,0,0,0,0,0,0,0,2,0,0,1,0,0,0,0,0,1,0,0,0,0,1,0,1,1,1,0,1,0,0,1,1,1,0,0,2,1,1,1,1,1,0,1,0,0,1,2,1,1,0,0,0,1,0,1,0,0,0,0,0,1,1,0,1,0,2,0,0,1,1,0,0,1,1,0,0,1,1,0,0,0,1,0,0,0,0,0,0,0,0,1,1,0,0,1,0,0,0,1,0,0,0,0,0,1,0,1,0,0,0,1,0,1,0,1,1,0,1,1,1,0,1,0,0,0,1,1,0,0,0,1,0,0,0,0
L149,2,1,0,1,0,0,2,1,1,0,0,0,0,1,0,0,1,1,0,0,0,0,0,0,1,0,2,0,0,1,0,0,1,2,1,1,1,1,1,0,0,0,0,0,1,0,0,2,0,0,1,0,2,2,0,0,0,2,1,1,0,0,0,0,1,0,1,1,1,1,0,0,0,0,0,0,0,1,1,1,1,1,1,1,0,0,0,1,1,1,1,0,1,2,1,0,2,0,1,1,0,0,0,0,1,0,0,1,1,0,0,2,1,0,1,0,1,0,0,0,0,1,0,0,1,1,1,0,1,0,0,2,0,1,0,1,0,0,0,1,0,0,0,0,1,0,2,2,0,1,2,1,0,0,0,0,0,0,1,1,1,0,1,2,1,0,0,1,0,1,1,0,0,1,1,2,1,2,2,1,0,0,0,0,0,1,0,1,1,1,1,1,0,0,1,0,1,0,1,0,1,1,1,2,0,0,0,1,2,0,0,0,1,0,0,0,0,0,1,1,0,0,0,1,1,0,0,0,0,0,0,1,1,0,1,0,1,1,0,0,1,1,1,2,0,0,1,1,0,0,1,0,0,0,0,1,0,1,1,0,1,0,2,0,0,1,1,0,0,0,0,0,1,0,0,0,0,1,0,0,1,0,1,2,2,1,1,0,0,0,1,1,0,1,0,0,1,1,1,0,1,0,1,0,1,1,2,1,1,0,0,0,0,0,1,1,1,1,1,1,0,1,0,0,0,1,0,1,1,0,1,1,1,1,0,0,1,1,1,1,2,0,0,0,0,1,1,1,0,1,0,0,0,0,1,0,0,1,1,1,2,1,0,1,1,0,1,1,0,0,0,0,0,0,0,0,2,0,1,0,0,0,1,0,0,0,0,0,2,1,1,0,0,1,0,1,1,1,1,1,0,1,1,0,1,0,0,0,0,0,1,0,0,0,1,0,1,0,0,2,0,0,0,0,0,0,0,0,1,0,2,0,0,1,0,0,0,0,1,0,0,0,1,1,0,1,1,0,0,1,1,0,0,1,1,0,1,1,0,1,0,0,0,1,0,0,0,0,1,0,0,0,0,0,1,1,1,0,1,0,0,0,1,2,0,1,0,2,0,1,1,0,0,2,1,1,0,1,0,1
L150,1,1,1,0,0,0,0,1,1,0,1,1,2,0,2,0,1,1,0,1,0,1,1,0,0,0,1,0,1,1,2,1,1,2,0,0,0,0,1,1,2,0,0,0,1,1,0,0,1,1,0,0,1,1,0,2,2,0,0,0,0,0,0,1,2,0,0,1,1,0,0,0,0,1,2,0,0,1,1,1,1,1,1,0,1,1,1,0,1,0,1,0,1,1,0,1,0,1,0,0,1,0,0,1,1,1,1,0,0,0,1,1,1,1,0,0,2,0,1,1,0,1,1,0,0,0,0,0,1,0,0,0,1,2,0,0,1,1,0,2,0,0,0,0,0,0,2,1,0,0,1,1,0,0,0,0,0,0,1,0,0,1,0,2,1,0,0,0,1,0,0,0,0,1,0,1,1,0,0,1,0,1,0,0,1,1,0,2,0,2,2,1,0,1,1,0,0,0,0,1,1,0,1,1,1,1,2,1,1,1,1,0,0,2,1,0,1,1,0,0,0,0,0,1,1,0,1,1,2,0,0,2,0,1,1,1,1,0,0,1,2,0,0,2,1,0,2,0,0,0,0,1,1,0,1,0,1,0,0,1,0,0,2,0,0,1,1,2,0,1,1,0,1,0,0,0,1,1,0,0,0,1,0,1,0,1,1,0,1,0,0,1,0,0,1,1,1,0,2,2,1,1,0,1,0,0,1,1,1,1,1,0,0,0,2,2,0,1,2,0,0,1,0,0,1,2,0,1,1,1,1,1,0,0,0,0,1,1,0,2,1,0,0,0,0,1,1,1,0,1,1,1,0,0,2,1,1,1,1,1,0,0,0,1,0,1,1,0,0,0,0,0,0,0,0,0,1,0,0,0,0,1,1,0,0,0,0,0,1,1,1,0,1,0,0,1,0,0,0,1,2,1,1,2,1,1,0,1,1,0,0,2,0,0,1,0,0,1,0,0,0,0,0,0,0,0,0,0,1,0,2,0,1,1,0,0,0,0,2,1,1,2,1,0,0,1,1,0,0,1,1,1,0,0,0,0,0,0,0,0,2,1,1,1,1,0,1,0,1,0,1,1,0,0,0,0,1,0,1,0,0,0,1,1,1,1,1,1,0,1,1,0,0,0,1,0,0,0,0,2
L151,0,2,1,0,0,0,0,0,2,1,1,0,0,0,0,1,1,0,0,1,0,0,0,1,0,1,1,1,0,1,1,0,1,1,1,1,0,2,1,1,2,1,0,1,1,1,1,2,1,1,0,1,1,0,0,0,0,1,1,1,0,1,0,1,1,0,1,0,2,2,0,0,1,1,0,0,1,1,0,2,1,1,1,0,0,1,2,1,0,0,0,0,0,2,0,2,0,1,2,0,0,2,0,1,1,0,0,1,1,1,0,1,1,1,0,1,1,1,0,1,0,0,0,0,2,1,2,1,0,1,0,0,1,1,0,0,1,0,1,1,1,0,0,2,1,0,1,1,0,1,2,1,0,1,2,0,0,1,1,2,0,0,1,2,0,0,1,1,0,1,0,1,1,0,1,2,1,1,1,1,0,0,0,0,1,0,0,2,0,1,0,1,1,0,0,1,1,0,1,1,2,1,0,1,1,0,0,1,1,0,1,0,1,1,0,1,0,0,0,0,1,0,0,0,2,0,0,1,2,0,0,0,0,0,0,1,0,1,0,1,1,0,1,1,1,0,0,0,1,0,1,2,1,1,1,0,1,1,0,1,0,0,0,1,1,1,0,1,1,0,0,0,0,0,0,1,0,0,0,0,0,0,1,0,1,0,2,0,2,1,0,0,0,2,2,0,0,0,0,1,1,0,1,1,0,2,1,2,0,1,1,0,1,0,0,1,0,1,0,0,1,0,0,0,1,0,1,0,1,0,0,2,0,1,0,0,2,1,0,0,1,0,0,0,0,1,0,0,1,0,0,2,1,0,0,1,0,2,1,0,2,1,1,0,0,0,0,0,0,1,0,0,1,0,0,1,0,0,0,0,0,0,0,0,0,0,1,1,0,1,0,0,0,0,0,0,0,1,0,1,1,1,0,1,1,1,0,1,0,0,1,1,0,2,2,1,0,0,0,1,1,0,1,1,0,0,1,0,0,0,1,1,0,1,0,0,0,0,0,0,1,0,0,1,0,1,1,1,0,0,0,0,0,0,0,1,0,0,0,0,1,0,1,1,2,1,0,0,0,1,0,1,1,0,0,0,0,0,0,0,2,0,2,2,0,1,0,1,0,1,1,0,0,1,0,1,1,0,0,0
L152,0,1,1,1,0,0,1,0,0,0,1,1,2,1,1,2,0,1,0,0,0,0,0,0,1,0,0,0,0,1,1,0,1,1,1,2,0,0,0,0,0,0,0,0,0,0,0,1,2,0,0,2,0,0,0,1,2,0,0,1,1,0,0,0,1,1,0,0,0,1,0,0,0,1,2,0,0,1,0,2,1,2,1,1,0,0,0,0,0,0,1,0,1,0,0,1,0,0,0,1,0,0,0,0,1,0,2,2,1,1,1,1,1,0,0,1,1,0,0,1,0,0,0,0,2,0,1,0,1,0,2,1,1,0,0,1,1,1,0,1,2,0,2,2,0,0,0,1,0,0,1,0,0,1,0,0,0,2,0,1,0,1,1,0,2,1,1,0,1,0,0,0,0,1,1,0,1,0,2,0,0,1,1,0,2,0,0,0,0,1,0,1,2,0,0,0,2,1,1,1,0,0,0,1,2,1,1,1,1,1,1,0,1,0,2,1,1,1,1,0,0,2,1,2,0,1,1,1,0,1,0,2,0,0,0,0,0,0,1,1,1,0,0,0,0,0,0,1,0,0,2,0,1,1,0,0,1,0,0,0,0,0,2,1,0,1,1,0,1,1,0,0,0,0,0,0,0,0,1,1,1,0,0,0,0,1,0,0,0,0,0,0,0,0,0,0,2,0,2,1,1,0,1,0,0,2,1,1,1,0,1,0,0,0,0,2,1,0,1,1,0,1,1,0,0,1,1,0,0,1,2,1,0,0,0,0,1,0,1,1,0,0,1,0,1,0,2,1,0,0,0,1,0,0,1,1,0,0,1,0,0,0,0,1,1,0,0,2,0,0,1,0,0,2,0,0,0,0,0,0,0,0,1,0,0,0,0,0,1,2,1,0,0,0,0,1,1,0,0,1,1,1,0,1,0,0,0,0,2,2,1,2,0,0,0,0,0,2,0,1,0,0,0,0,0,0,0,0,0,0,1,0,1,0,0,1,0,1,0,1,0,1,0,1,0,0,1,0,2,1,0,1,0,0,1,1,0,0,1,2,1,0,1,0,0,0,0,0,0,0,0,1,0,0,0,1,0,1,1,0,2,0,1,1,0,1,0,0,1,0,1,0,0,0,1,0,2,2,0,0
L153,1,1,0,1,0,0,0,0,0,1,2,0,0,0,2,0,1,1,0,0,0,0,0,0,0,0,2,0,0,0,1,1,1,0,1,2,0,0,1,2,0,0,1,0,1,0,0,2,1,1,0,1,0,0,0,0,1,0,1,0,1,1,1,1,1,0,0,0,2,0,1,0,0,1,0,0,1,2,0,1,0,0,1,1,0,0,2,0,0,1,1,0,0,0,0,1,0,0,0,0,1,2,0,0,2,0,2,0,0,0,1,0,2,0,0,0,1,0,1,1,0,0,1,0,1,1,2,0,0,0,0,1,0,1,0,1,0,0,0,1,0,2,1,1,2,0,1,1,0,1,1,1,0,2,1,0,0,2,0,0,0,1,1,1,0,0,0,1,1,1,0,1,0,2,1,2,0,1,1,2,0,0,1,1,1,1,0,0,1,0,0,0,0,0,0,1,1,0,2,1,0,1,0,1,1,1,0,0,0,0,0,0,0,0,1,1,1,0,0,0,0,0,0,2,1,0,1,0,2,0,0,0,0,0,1,1,1,1,0,0,0,0,0,0,2,0,0,1,0,0,0,2,0,0,2,1,1,0,0,1,2,0,0,2,0,2,2,1,0,1,0,1,0,1,1,0,0,0,0,0,1,2,0,1,1,0,1,0,2,0,0,0,1,1,2,1,0,1,1,0,0,0,1,2,0,1,2,0,0,0,2,0,1,1,0,1,0,0,1,1,1,1,0,0,0,0,1,1,1,1,1,2,0,1,0,1,0,1,2,0,0,1,0,0,1,1,1,0,1,1,0,1,2,1,0,0,0,0,2,2,0,0,1,1,0,1,1,1,0,0,0,0,2,0,0,1,1,0,0,0,1,1,0,0,0,0,1,0,0,1,0,0,0,1,1,1,1,0,1,1,0,2,0,0,1,2,0,0,0,1,1,2,0,0,1,0,0,1,1,0,0,1,0,0,1,0,0,0,1,0,2,0,0,1,0,0,0,1,0,0,0,1,1,0,0,0,1,0,0,1,1,0,0,0,2,1,0,0,0,0,0,0,0,0,0,0,1,1,0,0,0,1,0,0,1,1,0,0,1,2,1,0,2,1,0,0,0,0,0,1,1,0,0,0,0,1,0,1,0,1
L154,1,1,0,0,0,0,0,0,1,2,2,2,1,1,1,2,0,0,1,0,0,2,0,0,0,0,0,0,1,1,0,0,1,1,0,1,0,0,1,0,1,0,1,0,1,0,0,1,2,1,1,2,2,1,1,1,1,1,0,1,0,0,0,0,0,1,0,0,1,1,1,1,0,0,0,1,0,0,0,1,0,0,0,2,0,0,1,0,1,1,0,0,0,1,0,2,1,1,0,1,0,1,0,1,1,2,2,1,1,0,2,1,1,0,0,0,2,1,1,2,1,2,0,0,0,0,0,1,0,1,2,0,0,1,1,1,1,2,0,1,1,0,1,0,1,0,2,0,0,0,1,1,0,2,1,0,0,0,0,1,0,1,0,1,2,1,0,0,0,1,1,0,1,1,1,1,0,1,0,0,1,0,2,0,0,1,0,0,0,1,0,2,0,0,0,0,0,0,1,1,1,1,1,1,1,1,0,0,0,0,0,0,2,1,1,0,1,0,0,2,0,0,0,1,1,2,1,1,0,1,0,1,0,0,0,0,0,0,1,2,2,0,0,0,0,0,0,0,0,0,1,1,2,0,1,0,0,0,2,0,1,0,2,1,0,0,0,2,1,1,2,0,1,1,0,0,0,2,0,1,1,1,0,0,1,1,2,1,1,2,1,1,1,1,1,2,2,1,1,0,1,0,0,0,0,0,0,1,1,0,0,0,0,1,0,2,1,0,1,0,0,1,0,0,1,0,1,0,0,0,1,1,0,0,1,1,1,0,0,1,2,1,0,0,1,1,0,0,0,2,1,1,0,0,1,1,0,1,0,2,0,0,0,0,1,1,1,1,0,0,0,0,0,1,1,0,0,0,0,0,1,2,0,0,0,0,0,2,1,1,0,0,1,1,0,0,0,1,0,1,1,2,1,1,1,0,0,0,1,1,1,2,1,0,0,0,0,1,0,1,0,2,0,1,0,0,0,0,1,0,0,0,1,0,1,0,0,0,0,1,1,0,2,1,1,0,2,1,0,0,1,0,1,0,0,0,0,2,0,0,2,0,0,0,0,1,2,0,1,0,1,0,0,0,0,0,0,0,0,2,0,0,1,2,0,2,1,0,1,0,1,1,1,0,0,0,0,1,0,1
L155,1,0,0,0,0,0,1,0,0,0,0,1,0,0,1,0,2,0,0,0,0,0,0,0,0,0,1,0,1,1,0,0,2,1,0,2,0,0,0,0,1,0,0,0,1,0,0,1,2,1,0,0,0,0,1,1,1,1,0,2,0,0,0,0,0,0,1,0,1,1,0,1,0,1,1,2,0,0,1,2,0,1,1,1,0,0,2,0,0,1,0,0,0,1,0,1,0,0,1,0,1,1,1,0,0,0,0,0,1,0,1,1,1,0,0,0,1,0,0,2,0,1,1,0,2,0,0,1,0,1,0,1,0,2,2,2,2,1,0,1,1,0,1,0,0,0,1,0,1,1,0,0,0,2,1,1,0,1,1,0,0,0,0,1,1,0,1,0,1,0,1,1,0,1,1,2,1,1,0,0,1,0,1,0,0,1,0,0,0,2,1,1,0,0,0,0,1,1,0,1,1,0,1,0,0,1,1,0,0,1,2,0,1,0,0,1,0,0,1,1,0,0,0,1,2,1,1,1,1,1,0,1,0,1,0,1,0,0,1,0,0,1,1,0,0,0,1,1,0,0,0,1,1,0,1,1,1,1,0,0,2,0,0,2,0,1,0,1,0,1,1,0,0,1,0,0,0,1,0,1,0,0,0,1,1,0,2,0,1,0,1,1,1,0,1,1,0,1,1,0,1,0,0,0,0,2,2,1,1,0,0,0,0,0,1,0,1,0,1,1,0,0,0,1,1,0,0,0,0,0,0,1,0,0,0,0,1,1,0,1,2,1,0,0,1,1,2,0,0,1,2,0,0,0,0,1,0,0,2,0,2,0,1,0,0,1,1,2,0,0,0,0,1,0,1,0,1,0,0,0,1,1,0,0,0,2,1,2,1,1,1,0,0,2,0,0,0,1,1,0,1,1,1,1,1,1,1,2,0,1,0,1,1,1,1,1,1,2,0,0,1,1,0,0,0,0,0,0,0,1,0,0,1,0,0,1,0,0,2,0,0,1,0,0,0,1,0,0,2,0,0,0,0,0,0,0,0,0,0,2,1,0,1,1,0,1,1,1,0,0,0,1,0,0,0,0,1,0,0,1,1,0,2,2,0,0,0,0,1,1,0,0,2,1,1,0,1,0,0,1
L156,1,1,0,2,0,0,1,0,0,1,1,0,1,1,2,0,2,0,0,2,1,0,0,1,0,0,1,0,0,2,1,0,1,0,0,0,0,0,1,1,1,0,0,0,1,2,0,2,0,0,1,1,1,0,1,1,0,0,0,1,1,1,0,0,0,1,0,0,0,0,1,0,0,1,0,0,0,1,1,1,2,0,1,1,0,1,1,0,1,1,1,0,0,0,2,1,0,0,1,0,0,0,0,1,1,1,2,1,1,0,1,1,1,0,0,1,2,2,0,1,0,0,0,0,2,0,0,2,0,1,1,1,0,0,0,0,0,0,1,0,1,1,1,0,0,0,1,1,0,1,1,0,0,1,1,0,1,1,2,1,0,0,2,1,1,0,1,0,0,0,0,1,0,2,0,1,1,0,0,1,0,1,0,1,0,0,0,0,1,0,1,0,0,0,0,1,1,0,0,1,0,0,1,0,1,0,1,2,2,0,1,0,1,0,0,1,1,0,2,0,0,0,1,0,1,0,1,1,1,0,0,0,0,0,0,0,0,1,1,1,1,0,0,1,1,0,0,1,0,0,0,0,1,0,2,0,0,1,0,0,0,0,1,0,1,1,1,1,0,1,0,1,0,1,0,1,0,2,0,1,1,0,2,0,0,0,0,0,2,1,0,1,1,0,1,0,0,1,0,1,0,0,0,1,0,2,2,1,1,1,1,0,0,1,0,1,0,1,0,0,0,1,0,1,0,1,0,1,0,2,1,2,1,1,1,1,0,0,0,1,0,0,1,0,1,1,2,1,0,2,2,0,1,0,1,2,0,0,0,1,1,0,0,0,0,0,0,0,0,0,1,1,0,1,2,2,1,0,1,0,0,1,0,1,0,1,0,1,2,2,0,0,0,0,0,0,0,1,0,0,1,1,0,0,1,0,0,1,1,1,0,1,0,0,1,1,0,1,0,1,1,1,2,0,0,0,0,0,1,2,0,0,0,0,1,0,0,1,1,0,0,0,0,0,1,0,1,0,0,1,0,0,0,0,0,0,0,0,0,1,0,0,1,1,0,1,2,1,0,2,0,0,0,0,0,0,1,2,1,1,2,1,1,0,0,2,0,1,1,0,0,0,1,1,0,1,0,1,1,0
L157,1,0,1,2,1,0,1,0,1,0,0,2,0,1,0,0,1,2,0,0,0,1,0,1,0,0,1,1,1,1,2,2,1,1,0,0,0,0,0,1,2,1,1,1,0,0,0,1,1,0,0,1,0,0,0,0,1,0,1,0,0,0,0,0,0,2,1,0,1,1,0,2,0,1,0,0,0,1,1,2,2,1,1,0,0,0,1,0,0,0,1,0,1,1,1,2,1,0,1,1,0,0,0,0,2,1,1,1,0,1,1,1,1,0,1,0,0,0,0,1,0,2,0,0,0,1,1,1,1,2,0,0,1,0,0,0,0,1,0,2,1,1,1,0,0,0,2,0,0,0,0,0,0,0,2,0,1,1,0,2,0,0,1,1,0,0,1,0,1,0,0,0,0,0,1,0,0,1,2,1,0,0,1,0,0,1,1,0,1,2,1,1,0,0,0,1,1,1,1,1,0,0,1,0,1,0,1,1,2,2,0,0,1,0,1,0,0,0,1,0,0,0,0,0,0,1,1,0,1,0,0,0,0,0,2,2,0,0,1,1,0,1,0,0,0,0,0,0,0,0,0,0,1,0,1,1,1,0,0,1,1,0,0,0,0,0,0,0,0,0,0,1,0,2,0,0,1,1,2,2,0,0,1,0,2,0,2,0,2,1,1,2,0,1,0,0,1,0,0,0,1,0,1,1,1,1,2,2,0,0,0,0,0,0,0,1,0,0,1,0,0,1,1,0,0,1,0,1,1,2,0,0,0,0,0,0,1,0,1,0,2,2,0,0,1,0,2,1,1,1,0,1,0,1,2,2,0,1,0,1,1,0,1,0,2,0,0,0,0,0,1,0,1,0,0,1,0,0,0,0,0,1,0,0,1,0,0,0,1,1,0,0,0,0,0,1,0,2,0,2,1,2,0,0,0,0,0,0,2,1,1,2,0,1,2,1,0,0,1,1,0,0,1,0,0,1,0,0,1,0,1,1,0,0,0,0,0,0,1,1,1,0,0,0,0,0,0,0,1,2,1,1,0,0,1,0,0,1,0,0,1,0,0,1,0,0,1,0,0,0,2,1,1,1,0,1,1,1,1,2,1,0,1,1,0,1,0,2,0,1,1,0,0,1,0,0,0,1,0,1
L158,1,2,1,1,0,1,1,2,1,1,1,0,2,0,0,1,2,1,0,0,0,0,0,0,1,0,0,1,1,2,0,1,0,2,0,1,1,2,0,2,1,1,2,1,0,1,0,2,0,0,0,1,0,0,0,1,0,0,2,0,0,0,0,0,0,0,1,1,1,0,0,1,0,0,0,0,0,1,1,2,2,0,0,2,0,0,0,1,0,0,0,0,2,0,0,2,1,0,1,0,0,0,0,2,0,1,2,0,0,1,0,1,1,0,1,0,0,0,0,0,0,1,0,0,0,0,0,0,0,0,1,0,0,1,0,0,0,2,1,1,1,1,1,1,0,0,2,1,0,0,1,1,0,2,0,0,0,1,0,0,0,1,0,0,1,0,0,1,1,0,1,1,0,1,0,2,1,2,1,0,0,0,0,1,0,1,1,1,0,0,1,1,1,0,0,1,1,0,1,0,2,1,0,1,1,0,1,1,1,0,2,0,1,0,0,1,1,0,1,1,0,0,0,2,0,0,0,2,2,1,0,0,0,0,0,1,0,0,0,1,0,0,1,1,1,0,0,0,0,1,0,0,1,0,2,0,0,0,0,1,2,0,1,1,1,2,1,1,0,0,1,0,2,2,0,1,0,2,0,2,0,1,1,1,2,0,0,1,1,0,0,1,0,1,0,0,0,0,0,0,1,1,0,0,0,1,1,1,1,0,0,0,0,0,0,0,0,0,0,1,0,0,0,0,1,2,0,1,1,1,0,0,1,1,0,0,1,0,0,0,0,1,0,1,2,1,2,0,2,1,1,0,0,1,1,0,1,0,1,1,1,1,0,0,1,0,2,2,0,0,0,0,1,1,1,1,1,0,0,0,0,0,0,1,0,1,0,0,1,2,0,0,0,1,0,0,1,2,0,1,1,1,1,0,0,1,0,1,1,1,1,0,0,0,0,1,0,2,0,1,0,1,0,0,1,0,1,0,2,0,0,1,1,0,1,1,0,0,1,1,0,0,1,0,0,0,1,1,0,1,0,1,1,1,0,0,1,0,0,2,2,1,1,1,1,0,0,1,1,0,0,0,0,0,0,0,1,0,1,2,2,1,0,2,0,0,1,1,0,0,1,0,0,0,2,1,0,1,0,1
L159,0,1,0,1,0,0,1,1,0,0,1,0,0,0,1,1,0,1,1,0,0,1,0,0,1,0,1,1,1,0,0,1,2,1,1,0,1,0,0,0,1,0,0,0,0,0,0,1,0,0,0,1,1,1,0,0,0,0,0,1,0,1,0,0,0,0,0,0,2,0,2,1,0,0,0,1,0,1,0,0,2,0,0,1,0,0,2,0,1,0,0,0,1,1,0,0,0,1,1,0,1,0,0,1,0,1,2,1,1,1,1,2,0,0,1,1,0,0,0,1,0,0,1,1,2,1,0,2,1,2,2,1,0,1,0,0,1,1,1,1,0,1,0,1,0,0,0,0,0,1,2,0,0,1,0,1,1,2,1,2,1,1,0,2,0,1,1,2,1,1,0,2,1,0,0,2,1,0,1,1,0,0,2,0,0,0,1,0,0,0,1,2,0,0,0,0,2,0,0,2,1,2,0,0,2,1,0,2,1,0,2,0,1,0,0,1,0,0,2,0,1,0,0,1,0,1,0,1,1,0,0,0,1,0,0,0,0,1,0,0,0,0,0,0,1,1,2,2,2,1,0,2,1,1,1,0,0,0,1,0,0,0,1,1,0,2,1,2,0,0,0,0,1,0,0,0,1,0,0,0,0,0,0,0,1,2,0,1,0,1,1,2,2,1,0,0,0,2,0,2,0,0,0,1,0,2,1,0,0,0,0,0,0,0,0,2,0,0,1,1,0,0,1,0,0,2,0,0,2,1,1,1,0,2,1,0,0,1,1,0,0,0,0,0,0,0,0,0,1,1,2,1,2,0,1,1,0,0,2,0,1,0,0,1,0,0,1,1,0,0,0,1,1,0,0,0,0,0,0,0,1,2,0,0,2,1,1,0,1,1,0,0,0,1,0,1,1,1,0,0,1,2,2,1,1,1,2,1,1,2,0,0,0,0,1,0,1,1,1,0,0,0,0,0,1,0,0,0,1,0,1,0,1,0,1,2,1,0,1,0,0,1,0,0,0,0,1,0,1,1,1,2,0,1,1,1,0,0,0,0,1,0,0,0,2,0,1,0,1,0,0,1,0,0,0,0,0,1,0,0,0,0,1,1,0,0,0,1,0,0,1,0,0,0,1,2,1,1,0,0
L160,1,1,1,1,0,0,0,1,1,0,0,1,0,0,1,1,1,1,1,1,0,0,0,1,0,0,2,1,1,1,1,0,0,1,2,1,0,1,0,0,1,1,1,0,0,1,0,0,1,0,0,0,0,1,1,1,1,1,0,1,0,0,0,0,2,0,1,0,0,0,0,2,0,0,1,0,0,0,1,1,0,0,0,0,0,1,2,0,1,0,0,0,0,0,1,0,0,0,0,1,0,0,1,0,1,1,1,0,0,0,2,1,1,0,0,0,0,0,0,0,0,1,0,0,1,1,0,0,1,1,2,0,0,1,1,0,1,2,1,1,0,2,1,1,0,0,1,1,0,1,2,1,1,1,1,0,0,1,0,1,0,1,1,1,1,0,2,2,1,0,0,0,1,2,0,0,1,1,1,1,1,2,0,0,0,1,2,1,1,1,0,1,0,1,0,0,0,0,1,0,2,0,0,1,1,2,1,1,0,2,1,0,0,0,1,1,0,0,0,0,0,0,0,1,1,1,1,1,0,0,0,1,1,0,1,0,0,1,0,0,2,0,0,1,0,0,0,1,0,0,1,1,1,1,1,1,1,0,1,1,2,0,1,1,0,0,0,0,0,1,1,1,0,2,0,0,0,1,1,1,0,0,0,1,1,0,0,1,0,0,1,0,0,1,1,0,1,1,1,0,0,0,1,0,0,1,1,1,1,1,0,0,0,0,2,1,0,0,1,0,0,1,0,1,1,0,0,0,0,1,0,1,0,0,1,1,1,0,0,1,1,0,1,1,1,2,0,0,0,1,0,1,1,0,0,1,0,0,2,0,0,0,0,1,0,1,1,2,0,1,0,0,1,0,1,1,1,0,0,0,0,0,0,0,1,1,1,0,0,2,0,0,0,1,1,2,1,0,0,0,0,0,2,0,1,1,1,2,0,0,1,1,0,0,1,0,0,0,1,1,0,1,0,1,0,0,0,0,1,1,2,0,0,0,1,1,0,1,0,0,1,0,2,0,0,0,1,0,0,0,1,0,0,1,1,0,0,0,0,1,0,1,1,0,0,0,0,0,0,1,1,0,0,0,1,1,2,1,1,0,1,2,1,0,0,0,1,0,2,1,0,0,1,0,0,0,2,2,0,1
L161,2,2,1,1,0,0,0,1,0,0,1,0,1,1,1,2,2,1,1,0,0,0,0,0,0,0,0,0,1,0,2,0,1,2,1,0,1,1,1,1,0,2,0,0,0,0,0,1,2,0,0,1,1,0,0,1,1,0,1,2,0,1,1,0,1,1,1,0,1,1,2,2,0,1,0,0,0,1,0,1,0,0,0,0,0,0,2,0,1,0,0,0,0,0,1,1,0,0,1,0,0,1,0,1,1,2,1,0,1,1,2,0,1,1,1,0,0,1,1,0,0,0,1,0,1,1,0,0,2,1,0,1,1,2,1,0,0,1,0,2,0,0,0,1,0,0,1,2,1,0,1,0,0,2,0,0,0,1,0,2,0,1,1,1,1,1,2,1,2,1,1,1,0,1,1,1,1,0,0,1,0,1,1,0,0,2,1,1,0,0,0,0,0,1,0,1,1,1,0,2,1,0,1,0,0,2,1,0,2,1,2,0,1,0,1,0,1,1,0,0,0,0,0,1,0,1,1,0,0,0,0,0,1,1,0,1,1,1,0,1,1,0,2,1,0,0,0,0,1,1,1,1,0,0,0,0,2,0,0,2,2,1,1,2,0,2,0,2,0,0,0,0,1,0,1,0,0,0,1,0,0,0,1,2,1,0,1,0,1,1,0,0,0,1,1,1,0,1,1,1,2,0,0,0,2,2,2,0,1,0,0,0,0,1,1,1,0,0,1,1,0,0,0,0,1,1,0,1,1,2,1,2,0,1,1,0,0,0,0,1,0,2,0,0,1,1,2,1,1,1,0,1,0,1,1,1,0,0,1,1,2,0,1,2,0,1,0,0,1,0,0,0,2,1,0,1,2,0,0,0,0,1,0,0,0,0,0,1,1,1,0,0,0,1,0,0,0,0,1,0,1,2,0,0,2,0,1,1,0,0,1,0,0,1,1,0,1,0,0,0,0,2,0,0,2,0,0,0,1,0,2,1,1,2,0,1,1,0,2,0,0,0,0,0,0,0,1,0,0,1,1,0,0,1,0,0,0,2,0,0,2,0,0,1,1,0,1,1,0,0,0,1,0,0,0,1,0,1,1,0,1,0,0,2,0,1,0,1,1,1,2,0,0,1,1,0,0,1,0,1
L162,1,0,1,0,0,0,2,0,0,0,1,2,0,0,0,2,0,0,0,0,1,0,0,0,0,0,1,1,0,1,1,1,0,1,0,0,1,0,1,0,2,0,0,0,0,1,0,0,2,0,0,1,0,1,0,2,0,0,2,0,0,0,0,0,0,1,0,0,1,0,0,0,1,0,0,2,0,1,2,1,0,0,0,1,0,1,2,0,0,0,1,0,0,0,0,2,2,2,2,1,1,1,0,0,0,1,2,0,0,2,1,0,0,0,0,0,1,0,0,1,0,0,0,0,0,1,0,0,2,1,1,1,0,1,0,1,0,0,0,1,1,0,1,1,0,0,1,0,0,0,0,2,0,1,1,0,0,0,1,0,0,0,1,1,0,0,0,1,1,1,0,1,2,0,0,1,1,1,0,2,0,0,1,0,0,1,0,0,1,1,0,0,0,1,1,0,1,1,1,0,1,1,1,0,2,1,1,2,0,1,2,0,2,0,0,1,1,1,1,0,1,0,0,2,0,1,1,0,1,0,0,0,1,0,2,1,0,1,0,1,1,0,0,1,1,0,0,1,1,0,0,2,1,0,1,1,0,0,0,1,0,0,1,0,0,1,0,2,0,0,0,0,0,1,0,1,0,2,0,0,0,1,1,0,2,2,1,0,0,0,1,2,0,0,1,0,0,0,0,0,1,1,1,0,1,1,0,1,2,0,1,0,1,0,0,0,0,1,1,0,0,1,0,0,0,1,0,1,2,0,1,1,0,1,1,1,1,2,1,0,2,0,0,0,1,0,2,0,2,2,0,0,1,2,1,1,1,0,1,1,1,0,0,1,0,0,0,2,0,0,0,0,1,1,1,0,2,0,0,0,0,1,0,0,2,1,0,2,0,1,0,1,0,1,0,0,0,0,0,1,1,0,0,0,2,0,0,0,1,1,1,1,0,0,1,0,0,2,1,2,0,0,1,0,0,0,0,0,1,0,0,0,1,1,1,0,0,0,2,0,0,1,0,2,0,1,2,1,0,0,0,1,0,0,1,0,0,0,0,1,1,1,0,0,2,0,2,0,0,1,1,0,0,0,0,0,0,0,1,1,1,0,0,0,0,1,1,0,0,1,2,0,0,0,0,1,0,1,0,0
L163,0,0,1,0,0,0,0,2,0,0,2,2,2,1,0,2,1,1,0,1,0,1,1,1,0,0,1,1,2,0,1,1,0,0,0,2,0,2,0,0,1,1,2,0,1,1,0,1,0,1,0,1,1,0,0,0,0,0,2,0,0,0,0,1,0,0,0,1,1,0,1,0,0,1,0,1,0,1,0,1,1,1,0,1,0,0,1,0,1,0,0,1,1,0,0,0,0,0,1,0,0,0,0,0,2,1,2,1,0,0,0,1,1,0,0,0,2,1,0,1,0,1,0,0,1,1,0,1,0,0,0,1,0,0,0,1,1,2,2,2,0,0,0,1,0,1,0,1,1,0,1,1,1,1,1,0,0,1,1,0,0,1,2,1,0,0,1,1,0,1,0,0,0,0,0,1,2,2,0,0,1,0,2,0,0,1,0,1,2,2,0,1,1,1,0,0,0,0,1,0,1,1,0,2,2,1,0,1,0,1,0,0,1,0,1,1,0,1,0,1,1,0,0,2,2,1,0,0,1,0,1,0,0,0,0,2,0,2,0,2,2,1,2,0,0,0,0,0,0,1,0,0,1,0,0,1,0,1,0,1,0,0,2,1,1,0,0,0,0,1,1,0,0,2,0,0,0,2,0,0,0,1,0,0,1,0,0,0,1,0,1,0,1,1,0,0,1,0,1,1,0,0,0,0,1,1,0,1,0,0,1,0,0,0,0,1,0,0,1,1,0,1,0,1,1,1,0,0,1,0,1,2,0,0,0,0,1,1,1,1,1,0,1,0,0,1,0,1,0,1,0,1,1,0,1,0,0,0,1,0,1,0,2,1,0,0,2,1,0,1,0,0,1,2,2,1,0,0,0,0,0,0,0,0,0,0,0,0,1,0,1,0,1,0,0,0,0,0,0,0,1,0,1,2,1,0,0,1,1,1,0,1,1,0,0,1,0,1,0,2,0,2,0,0,0,0,0,0,0,1,1,0,2,0,1,1,0,1,2,0,0,0,1,0,0,2,1,0,0,2,1,0,1,0,0,1,0,1,1,2,1,0,1,1,0,0,1,1,0,0,2,1,0,0,0,0,0,0,2,0,0,0,1,2,0,0,0,0,0,0,0,1,1,1,1,2,1,0,0,0
L164,1,2,1,1,0,0,1,1,1,1,0,2,1,0,2,1,2,1,1,0,1,1,1,0,1,0,1,0,1,0,2,0,0,2,2,1,0,1,0,0,2,2,1,0,0,0,0,1,1,1,1,0,0,0,0,1,0,0,0,0,0,1,0,0,0,1,0,0,0,2,0,1,0,0,1,0,0,0,1,1,2,0,1,0,0,0,2,0,0,0,0,0,1,0,0,1,2,0,2,2,1,0,0,0,2,1,1,0,1,0,1,1,1,0,0,0,1,0,2,1,0,1,0,0,1,0,0,1,1,0,0,1,0,1,1,1,0,1,0,0,0,1,1,1,2,0,1,1,0,0,1,0,0,1,1,0,1,1,1,0,1,0,0,2,1,0,0,1,1,1,0,1,0,2,0,0,1,0,0,2,1,0,1,0,0,1,2,0,1,1,1,1,1,0,0,1,1,1,0,0,1,0,0,1,1,0,0,1,0,1,2,0,1,0,0,0,2,0,1,1,0,2,1,1,2,1,2,0,1,0,0,0,0,0,1,1,0,0,0,0,1,0,2,0,0,0,1,0,0,0,0,1,1,0,0,0,1,0,1,1,1,0,1,1,0,2,0,1,0,0,1,0,0,1,0,0,0,1,1,0,0,1,0,0,1,0,1,0,1,0,1,2,0,1,1,1,1,1,1,0,2,0,0,2,0,0,1,1,1,0,1,0,0,0,1,0,0,0,0,1,0,0,0,0,1,1,1,0,0,1,1,0,1,1,0,0,2,1,1,0,0,0,0,0,0,1,0,2,0,1,1,0,0,0,2,2,0,0,0,0,1,0,0,2,1,0,0,1,0,0,0,0,1,0,1,1,1,0,1,0,1,0,1,0,0,0,0,0,0,1,0,0,1,0,0,0,0,1,1,0,2,1,1,0,0,1,1,1,0,1,1,1,0,0,0,0,0,1,0,1,0,0,0,0,0,0,2,0,0,1,0,0,0,1,0,0,0,0,1,0,1,1,1,0,0,0,1,1,1,0,1,0,1,0,2,1,0,0,0,1,1,0,0,2,0,0,1,1,1,0,0,1,0,0,0,0,0,1,0,0,1,0,1,1,0,0,2,0,1,1,1,0,0,0,2,0,1,0,0,1
L165,0,1,0,1,0,0,0,0,0,1,1,1,2,1,0,2,1,1,0,2,0,2,1,0,1,0,0,2,1,0,1,0,2,2,1,2,2,1,1,1,1,0,0,0,1,0,0,0,1,0,0,1,1,0,1,0,1,0,0,1,0,0,1,0,1,0,1,0,1,1,2,1,0,1,0,0,0,1,0,0,1,0,0,1,0,0,0,0,0,0,1,1,0,1,0,2,1,0,2,0,0,1,0,0,0,0,2,1,1,1,1,0,0,0,2,0,1,0,1,1,0,0,0,0,1,0,0,1,2,1,0,0,0,1,1,0,1,1,1,2,2,1,0,0,1,1,0,1,0,0,2,0,1,1,2,0,1,0,2,1,1,2,0,1,2,1,2,2,1,0,0,1,0,1,0,1,1,1,0,1,1,0,2,1,1,1,0,1,1,0,1,1,0,0,0,0,1,0,1,1,0,0,0,1,1,1,0,1,1,0,0,0,2,0,1,1,1,1,0,2,0,0,0,0,1,2,0,0,1,1,1,0,0,0,0,1,0,0,0,0,2,0,1,1,0,0,1,1,1,0,1,1,1,0,2,1,1,1,2,2,2,0,1,0,0,1,1,0,0,1,1,0,0,1,1,2,0,0,1,1,0,0,0,0,1,0,0,0,0,1,0,1,2,2,0,0,1,0,0,0,0,1,0,0,0,1,1,1,1,0,1,0,0,0,0,1,2,0,1,1,1,0,1,0,1,0,0,0,2,2,0,1,0,2,0,0,0,0,0,0,1,0,0,0,1,2,1,1,1,1,2,0,0,0,1,1,0,1,0,1,1,0,1,1,0,0,1,1,0,0,0,0,1,0,1,0,0,0,1,0,0,0,0,0,1,1,0,1,1,0,1,0,2,0,1,2,0,1,0,0,1,0,1,1,0,0,1,0,1,0,0,1,1,0,0,0,0,0,0,0,0,0,0,0,0,1,1,0,1,0,0,1,0,0,0,0,0,1,0,0,0,0,1,0,0,1,1,0,0,1,0,0,0,0,1,2,1,1,0,0,1,0,1,0,0,1,0,0,0,0,1,1,0,0,0,0,1,1,1,0,0,0,1,1,0,1,0,0,1,0,1,0,0,0,2,1,1,2,0,1
L166,1,0,1,1,1,0,1,0,1,0,1,1,1,0,0,1,1,0,0,1,0,1,0,1,1,0,0,0,2,0,2,1,1,2,1,0,1,1,2,0,0,2,2,0,1,1,0,0,1,1,0,0,0,0,0,0,1,1,1,0,0,0,0,1,2,1,1,0,1,0,0,1,1,0,1,1,0,1,1,1,0,0,1,1,1,0,1,1,1,0,1,0,2,0,1,1,0,0,1,0,0,0,0,1,0,0,1,0,0,1,2,1,0,0,1,0,0,0,0,2,0,0,1,2,1,0,1,1,0,0,1,0,0,1,0,1,0,1,0,1,0,1,1,0,2,1,1,2,1,0,1,1,1,1,0,1,0,0,1,0,1,2,0,1,1,1,2,1,0,0,0,0,0,1,0,0,0,1,0,1,0,0,2,0,0,1,1,1,1,1,1,0,0,0,1,0,1,1,1,2,2,1,0,2,2,1,0,0,0,0,2,0,1,1,1,1,1,0,1,1,2,1,0,0,1,1,0,0,0,2,1,0,1,0,2,2,0,1,0,0,0,1,0,1,1,0,0,0,0,0,1,1,1,0,0,1,2,1,1,0,1,0,0,1,0,1,1,2,0,0,0,0,0,2,0,1,0,0,0,0,0,0,1,1,1,1,0,0,0,2,0,0,1,1,1,0,0,0,0,1,0,0,0,1,0,1,2,1,0,1,0,0,0,0,2,1,0,0,0,0,0,2,0,0,1,2,0,2,1,1,0,1,0,0,0,0,1,1,0,1,1,0,0,2,1,1,2,1,0,2,0,0,1,1,2,2,0,0,1,1,1,1,0,0,1,0,1,0,0,0,2,1,0,2,2,1,1,0,0,0,0,0,0,0,0,1,0,1,2,0,1,0,0,1,0,1,1,0,0,1,2,1,0,0,1,0,1,0,1,1,2,0,0,0,0,0,1,1,0,1,0,0,0,0,0,0,0,0,0,0,1,0,0,1,0,0,0,0,2,0,1,0,1,0,0,1,1,0,0,1,1,1,0,0,1,0,0,0,0,0,0,0,0,0,0,0,1,0,0,1,1,1,0,0,0,0,0,0,0,2,0,0,1,1,0,0,0,0,1,1,1,0,0,1,1,0,0,1,0,0
L167,1,0,1,1,0,1,1,1,0,0,1,0,1,1,0,1,1,1,0,0,0,0,2,0,1,0,1,0,0,1,0,0,1,2,1,0,1,0,0,0,1,1,1,0,0,1,0,0,0,0,0,0,1,0,0,1,1,0,0,1,1,1,1,0,0,0,0,0,1,1,1,2,1,1,2,1,0,1,1,1,2,0,0,1,0,0,1,0,0,0,2,1,1,1,0,1,0,0,1,2,0,1,1,1,2,0,0,2,1,2,2,1,0,0,0,0,1,0,1,0,0,2,0,1,0,0,1,2,0,1,0,1,0,0,1,2,1,1,0,2,2,0,2,0,1,1,2,0,0,0,0,0,1,0,1,0,1,1,1,1,0,1,2,2,0,0,0,2,0,1,1,2,0,2,1,2,1,1,1,0,0,0,1,0,1,2,2,1,0,1,0,1,0,0,1,0,0,0,0,1,0,1,2,0,0,1,0,1,0,1,0,0,2,0,1,0,1,0,0,1,0,1,1,0,2,2,0,1,2,0,0,0,0,0,1,2,0,2,1,0,0,0,1,1,0,0,1,0,0,0,0,0,1,0,2,0,0,1,0,0,1,0,1,1,0,2,1,1,1,1,1,0,0,1,0,1,0,1,2,2,0,1,0,1,2,0,2,0,0,1,0,0,1,1,1,0,1,0,0,1,0,0,1,0,1,2,1,1,1,0,1,0,1,0,0,0,0,0,0,1,0,0,0,1,1,2,0,0,1,1,0,2,0,2,0,0,1,0,0,1,1,0,0,0,1,0,0,1,0,1,0,1,1,0,2,0,0,0,0,2,2,0,0,2,1,0,1,1,0,0,0,0,2,0,2,0,1,0,0,0,0,0,1,0,1,0,0,1,1,0,1,0,2,1,0,0,0,1,0,1,2,0,1,1,1,1,0,0,1,1,0,1,0,0,0,0,1,2,0,2,0,1,0,1,0,0,1,0,0,0,1,0,1,1,0,0,0,0,2,0,1,0,1,0,1,1,0,0,0,1,1,2,1,1,0,0,0,1,0,0,0,0,1,0,1,1,1,0,0,0,1,1,1,0,1,1,0,0,1,2,0,0,0,1,1,2,0,0,0,0,0,2,0,0,0,0,1,0,0,0
L168,2,0,1,0,1,0,0,0,0,0,0,1,0,1,1,0,0,1,0,2,1,1,2,0,1,0,1,0,1,0,0,1,1,2,2,0,0,1,0,0,1,0,0,0,0,1,0,1,1,1,0,0,0,0,0,1,2,0,0,2,2,0,1,0,0,0,1,1,0,0,0,1,0,0,0,2,0,1,1,0,1,1,1,0,0,1,0,0,0,0,0,0,1,0,0,0,0,0,1,2,0,0,0,1,1,1,2,1,0,1,1,0,1,0,1,0,1,0,1,2,0,1,0,0,2,0,0,1,1,1,1,1,0,0,0,0,1,0,0,0,1,1,2,0,0,1,1,1,0,0,1,1,1,0,1,1,0,0,1,1,0,0,2,1,0,0,0,0,0,1,0,2,1,0,1,1,1,0,1,0,1,0,0,0,1,1,0,1,0,0,0,1,0,1,0,0,0,0,2,2,0,0,1,2,1,0,0,0,1,1,1,0,1,0,0,1,1,0,2,1,1,0,0,0,1,1,1,1,0,1,0,0,0,0,1,1,0,1,0,2,1,0,1,1,1,1,1,1,0,0,0,0,0,1,1,1,0,0,0,2,1,0,2,2,0,1,0,1,1,0,1,1,2,0,1,0,0,1,2,0,0,0,1,1,0,1,2,0,2,0,0,0,1,0,1,0,0,0,1,1,2,0,1,0,0,2,2,0,2,0,1,0,0,0,1,1,0,0,1,0,0,2,0,0,1,1,1,1,1,0,0,2,0,1,1,0,1,1,1,0,1,1,0,0,1,0,1,2,1,1,1,0,0,0,1,1,0,0,0,1,1,1,1,0,1,2,2,2,0,0,0,0,1,1,0,0,1,0,0,0,0,0,1,0,1,0,1,1,0,2,1,0,0,0,1,1,1,1,0,0,1,2,1,0,1,1,0,0,1,0,1,2,0,0,0,0,0,1,1,0,0,0,0,0,0,0,0,0,0,0,1,1,2,0,0,0,1,0,1,0,1,0,0,0,0,1,1,0,1,0,0,1,1,1,1,0,0,0,1,0,1,0,0,1,0,0,0,0,0,1,0,0,0,0,0,1,0,1,1,2,0,0,1,1,1,0,1,1,1,0,2,0,1,0,1,1,1,0,0,1
L169,1,1,1,0,0,0,1,2,1,0,1,0,1,1,1,1,0,0,0,1,0,1,0,0,0,0,0,1,1,2,1,1,0,2,0,1,0,0,0,2,1,0,1,0,1,1,1,0,1,0,0,0,0,1,0,2,1,0,0,0,0,1,0,2,2,0,0,0,1,0,0,1,0,0,0,1,0,1,1,0,2,0,0,1,0,1,0,0,0,0,1,0,1,0,1,1,1,0,0,1,0,0,0,0,1,0,1,0,0,1,2,2,1,0,1,0,1,0,0,1,0,1,0,0,2,2,0,0,1,0,1,0,1,2,0,1,0,2,0,1,2,1,0,0,0,0,1,2,0,0,1,0,0,1,0,0,0,2,0,1,0,2,0,1,1,0,0,1,0,0,0,0,0,1,1,1,2,0,0,1,0,0,1,0,0,0,0,0,0,2,0,1,0,1,2,0,1,1,2,0,1,1,1,1,2,0,0,0,2,0,1,0,2,0,2,0,0,1,0,0,1,0,0,0,1,2,1,0,1,0,0,1,0,0,0,2,0,2,0,0,1,0,0,1,0,0,1,1,0,0,0,1,0,1,0,0,2,0,1,1,1,0,1,1,0,1,0,1,0,1,1,1,0,1,0,1,0,1,0,2,0,1,0,0,0,1,1,0,0,2,0,0,1,0,0,1,1,1,0,0,1,0,0,0,0,1,2,2,2,0,1,1,0,0,1,1,0,0,1,1,0,0,0,1,1,2,1,1,0,1,2,2,0,0,1,0,0,0,0,0,1,1,0,0,1,1,1,0,2,1,1,0,0,0,1,2,0,1,1,0,1,1,2,1,1,0,2,1,0,0,0,0,1,0,1,2,2,0,0,1,1,0,0,0,0,0,1,1,0,1,0,0,2,1,0,1,0,1,0,0,1,0,0,0,1,2,1,1,1,0,0,0,1,0,1,1,1,0,0,2,0,2,0,1,0,1,1,1,0,0,2,0,0,1,1,0,0,0,1,0,0,0,1,0,0,0,0,1,0,1,0,0,1,1,1,0,1,0,0,2,1,1,0,1,0,1,1,0,0,0,1,2,0,0,0,0,1,0,2,0,0,1,1,0,0,0,0,0,0,0,1,0,1,0,1,0,0,1,0,0
L170,0,1,0,1,0,1,0,1,1,0,1,2,2,1,0,2,2,1,0,1,0,2,0,1,0,0,1,0,0,0,1,1,1,1,0,2,0,0,1,1,0,0,0,0,1,1,0,1,1,0,0,1,1,1,1,1,0,1,0,1,0,0,0,1,0,0,0,0,0,0,0,0,1,1,0,1,0,1,1,0,1,0,0,0,1,0,0,0,0,0,0,0,1,0,0,1,1,0,1,0,0,1,0,0,1,0,2,0,0,1,1,0,1,1,0,0,0,0,0,2,1,2,1,2,2,1,0,2,0,1,1,2,2,0,0,1,0,2,0,2,2,0,0,1,0,0,1,1,0,0,0,1,2,1,2,0,0,1,0,0,1,1,0,2,0,0,0,2,1,0,1,0,0,2,0,1,1,0,0,0,1,0,0,0,1,0,0,1,0,2,0,0,0,1,0,0,2,0,0,1,1,1,1,2,0,1,0,0,0,1,0,0,2,0,0,1,1,0,1,1,0,0,0,1,1,1,1,0,2,1,0,0,1,0,0,0,0,0,0,0,1,0,1,1,1,0,2,1,0,0,1,0,1,0,1,0,1,2,2,1,2,0,1,0,0,1,1,0,1,2,0,0,0,1,0,2,0,1,2,1,0,0,0,0,1,1,2,0,2,1,1,0,2,1,2,0,0,0,0,1,0,1,0,1,0,2,1,2,0,1,0,0,0,0,0,0,1,0,1,0,0,0,1,1,1,0,0,1,2,1,0,1,0,1,2,0,0,2,1,0,1,0,0,1,0,1,1,0,0,1,0,1,1,0,1,1,0,1,2,0,2,0,0,1,0,0,1,1,1,2,1,0,1,2,0,1,0,0,0,0,0,1,1,0,0,0,0,0,1,1,0,0,0,0,0,0,1,1,1,1,1,0,0,0,0,1,0,0,0,1,0,0,0,0,0,0,0,2,0,2,0,1,1,0,0,0,0,0,1,0,0,0,1,0,0,0,0,0,0,0,1,1,2,1,1,1,0,1,1,1,0,1,2,0,0,1,1,0,0,2,0,1,0,0,0,0,1,0,0,0,2,1,0,0,0,1,0,0,0,1,0,0,0,0,0,0,0,0,1,1,1,0,0,0,1,0,0,2,0,0
L171,0,1,2,1,0,0,1,1,0,1,1,0,0,0,0,1,1,1,0,0,0,1,0,0,0,0,1,0,1,1,1,0,0,0,0,2,0,0,1,0,1,0,1,1,0,1,1,0,1,0,1,1,1,2,2,0,1,0,1,1,1,0,2,0,0,0,2,0,1,1,0,0,1,1,0,0,0,2,1,0,2,1,0,1,0,1,0,0,0,0,0,0,1,2,0,2,0,0,0,0,0,1,0,0,0,0,2,0,0,1,1,1,0,0,0,1,1,1,0,1,0,1,1,0,2,1,1,1,1,0,0,0,0,2,1,1,2,2,0,1,0,0,1,2,0,0,1,1,0,0,1,0,2,0,0,0,0,0,0,1,0,2,1,1,1,0,0,1,0,0,0,0,0,1,0,2,1,1,0,2,2,1,1,0,0,0,1,0,1,2,0,2,0,1,0,0,2,1,1,0,1,0,1,0,1,2,0,0,2,1,1,0,0,0,1,2,0,0,1,1,1,0,0,0,0,1,0,0,1,0,0,0,1,0,2,0,0,1,1,1,0,0,1,0,0,0,1,1,0,1,2,0,1,1,2,0,1,2,0,1,1,1,0,1,0,2,1,2,0,0,1,0,0,1,0,0,0,0,0,1,0,0,0,1,2,0,0,0,2,0,1,2,0,0,0,1,1,0,1,1,2,0,1,0,1,1,1,0,2,0,1,0,0,1,1,1,0,0,1,0,0,2,0,0,0,1,0,0,1,0,0,1,0,0,0,0,1,1,2,1,1,2,0,0,0,1,2,0,0,0,2,0,0,0,2,0,0,0,1,0,1,0,0,2,0,0,1,2,0,0,0,0,1,0,0,2,2,0,0,0,0,1,0,0,1,0,1,1,1,1,2,0,0,1,0,2,1,0,0,1,2,1,0,0,1,0,1,1,1,2,0,1,0,0,0,0,0,2,0,1,0,0,0,0,0,0,0,0,1,0,1,0,0,0,1,1,0,0,2,1,0,0,2,0,0,1,0,1,1,1,2,2,1,0,2,0,1,1,1,0,0,1,1,1,0,0,1,0,0,0,2,1,0,0,0,0,1,0,1,0,2,0,0,1,0,1,0,1,0,0,0,0,0,0,2,1,1,1,0,1
L172,0,1,1,1,0,0,0,0,1,1,1,2,1,0,1,0,0,0,0,1,0,1,1,0,1,0,2,0,0,1,1,1,0,0,1,1,0,0,1,0,1,0,0,0,0,1,0,0,0,0,0,0,0,2,0,1,2,0,2,2,0,1,0,0,1,0,0,0,1,1,1,1,1,0,0,1,0,2,0,1,0,1,1,2,0,1,1,2,0,1,2,0,1,2,0,1,0,0,1,0,0,1,0,1,0,0,1,1,1,1,2,1,0,0,0,0,2,0,1,0,1,0,0,1,2,0,0,1,1,0,1,2,0,1,0,0,0,1,0,1,0,1,1,0,0,0,0,2,0,0,2,0,0,0,0,0,0,1,1,1,0,0,0,0,0,0,1,2,1,1,2,1,1,1,0,1,1,1,1,0,0,1,2,0,0,1,0,1,0,2,0,1,0,1,2,0,1,2,1,0,0,1,0,2,2,1,0,1,2,0,1,0,1,0,1,1,0,0,2,1,1,1,2,0,1,1,1,2,0,0,1,1,0,1,1,1,0,1,1,1,0,0,0,1,1,0,0,0,0,0,0,1,1,1,1,1,0,1,0,1,0,2,1,1,1,1,1,2,0,0,1,0,0,1,0,1,0,1,0,0,0,1,1,1,0,0,0,0,1,1,0,2,0,0,1,0,0,0,2,0,0,0,1,1,0,2,2,2,1,0,0,0,0,0,0,0,0,0,0,2,1,2,0,0,0,2,0,0,0,0,0,1,1,2,0,0,2,0,0,1,0,0,0,0,0,1,1,0,1,0,0,1,1,0,1,0,0,0,1,0,0,1,0,0,0,0,1,2,0,1,0,0,1,1,1,2,0,1,1,0,2,1,0,0,0,0,1,0,1,0,2,1,0,0,0,0,0,1,0,0,0,1,0,0,2,0,0,0,1,0,1,1,0,0,0,0,0,1,0,1,0,1,0,2,0,1,1,0,1,0,1,0,1,0,1,0,1,0,2,0,0,0,1,1,2,0,1,0,1,2,1,0,0,0,1,0,0,1,0,1,0,1,0,2,0,1,2,0,0,1,0,1,0,0,0,0,0,1,1,0,0,0,1,1,0,1,0,0,1,1,1,1,2,1,1,0,1,2,0,1
L173,0,1,1,1,1,0,1,1,0,1,1,1,0,0,0,0,1,1,0,0,0,0,1,0,0,0,1,0,1,0,2,0,2,2,1,1,1,1,1,0,0,1,0,0,1,0,0,2,0,1,0,1,0,0,0,0,0,0,0,1,0,0,1,0,0,2,1,0,0,0,1,0,1,0,2,2,0,0,0,1,1,1,0,0,1,1,1,0,1,0,0,1,1,2,0,1,0,1,1,0,0,0,0,2,1,1,0,0,0,1,2,1,2,0,1,0,1,0,0,0,0,2,0,1,0,0,0,1,0,1,0,1,0,0,1,2,1,1,0,1,1,0,2,0,0,0,1,2,0,0,0,0,0,0,0,0,0,1,1,1,1,2,1,1,0,0,1,1,0,1,1,0,0,1,0,1,2,0,0,2,0,0,2,0,0,0,1,0,2,1,2,2,0,0,1,0,2,0,1,0,0,2,1,1,1,0,0,1,0,1,1,0,2,0,1,1,2,0,2,1,1,0,0,1,1,1,2,1,0,1,0,0,0,0,1,0,0,0,1,0,0,1,1,0,1,0,0,0,0,1,0,0,1,0,1,0,1,1,1,0,1,0,1,0,1,0,1,1,0,0,1,0,0,1,0,1,0,0,0,0,0,1,0,1,0,0,1,0,1,1,1,1,0,1,1,0,1,0,0,1,0,0,1,0,1,1,1,0,2,0,1,0,0,0,0,1,0,1,0,0,0,1,0,1,1,2,0,0,0,0,1,2,0,1,0,0,0,2,0,1,0,0,0,1,1,1,2,1,1,1,1,0,0,0,2,1,0,0,0,1,1,0,1,1,1,0,2,2,0,0,0,0,0,0,1,1,1,0,0,0,1,1,0,0,1,2,1,1,0,0,0,0,0,0,0,1,1,2,0,0,1,1,1,0,1,1,0,1,1,0,0,1,0,0,0,0,0,2,0,1,0,0,1,0,0,0,0,0,0,1,1,1,0,1,1,0,0,0,1,0,1,1,1,1,0,1,1,1,0,2,1,0,0,1,1,0,0,0,0,0,1,0,1,1,0,0,1,0,0,0,0,1,0,0,0,0,0,1,0,0,0,0,2,1,0,0,0,1,1,0,2,0,0,0,1,0,1,0,0,1
L174,0,0,1,1,0,1,1,1,0,1,0,2,0,2,0,1,1,2,0,1,0,1,0,0,0,0,2,0,0,1,0,0,0,1,1,1,2,0,1,1,2,0,1,1,0,1,0,0,0,0,0,2,0,0,0,0,1,0,1,2,0,0,0,0,0,0,1,0,1,0,0,0,1,1,2,1,0,0,1,0,1,0,0,2,0,0,1,0,0,0,0,0,0,1,1,0,1,0,0,0,0,0,0,1,0,1,0,1,1,1,1,0,1,0,1,0,1,0,1,2,0,1,1,0,0,1,0,1,1,0,1,2,0,1,0,1,0,0,0,1,1,1,1,1,0,0,1,1,0,0,2,0,2,1,1,0,0,0,0,2,1,1,1,2,0,0,0,1,0,1,1,1,2,0,0,0,0,2,1,0,0,0,1,0,0,1,1,1,0,2,0,0,0,0,1,0,0,0,2,0,1,0,1,1,2,0,0,1,2,0,0,0,0,0,0,1,2,1,1,1,1,0,0,1,1,1,1,2,2,0,0,0,0,0,1,1,0,1,0,1,0,1,1,1,0,0,0,0,0,0,0,1,1,1,2,1,1,2,1,0,1,0,0,1,0,0,1,0,0,1,0,0,0,1,0,0,0,1,0,1,0,0,0,0,1,0,1,0,0,1,2,0,1,0,0,0,0,0,0,2,0,0,0,0,0,2,0,1,1,0,1,0,0,0,1,2,1,0,2,2,0,0,0,0,1,0,0,1,0,1,0,1,0,0,0,0,1,0,1,1,1,2,0,1,1,0,1,0,1,0,2,1,1,0,2,1,0,1,1,2,0,2,1,1,1,0,0,1,1,1,0,0,1,0,2,0,0,1,0,0,0,1,0,0,0,0,0,0,1,1,0,0,0,0,0,1,1,0,0,1,0,1,2,1,0,1,0,0,2,1,1,1,0,0,2,0,0,1,0,1,0,1,0,0,0,0,1,0,1,0,0,0,1,1,1,0,0,0,0,0,1,0,2,0,0,0,0,1,1,1,0,0,1,0,1,0,0,0,0,1,2,0,0,1,0,0,2,0,1,1,1,0,0,1,0,1,0,2,1,0,0,0,0,1,0,1,1,0,1,1,0,1,0,0,2,0,1,0,1,0
L175,0,1,0,1,1,0,0,1,1,0,0,0,1,0,1,1,0,1,0,1,0,1,1,0,1,0,1,1,0,2,1,1,1,2,0,1,0,2,1,1,0,0,0,0,0,1,0,1,1,1,0,1,2,0,0,0,2,1,1,0,0,0,1,1,1,0,2,0,0,0,1,1,0,0,0,0,0,2,1,1,0,0,0,1,0,0,1,0,0,0,0,0,1,1,1,1,0,0,0,1,0,0,0,0,0,1,1,1,0,0,2,0,1,1,0,0,1,0,1,1,0,1,0,0,1,1,0,0,1,1,0,0,0,2,1,0,0,1,2,0,0,0,1,0,1,0,2,1,0,0,1,0,0,1,0,0,1,1,0,0,0,0,2,1,0,0,0,1,1,1,0,0,1,1,0,0,0,0,1,1,0,0,2,0,1,1,0,0,1,1,0,0,0,1,1,0,0,0,0,2,1,1,0,1,1,0,0,0,1,1,0,1,0,0,1,0,2,1,2,1,0,1,1,0,2,1,1,2,0,0,0,0,0,0,1,1,1,1,0,0,1,0,2,2,1,0,1,0,0,0,0,0,1,0,1,0,1,0,0,0,1,0,1,0,0,1,1,1,1,0,0,0,0,1,0,1,0,1,0,0,1,1,0,0,0,1,0,0,1,0,0,1,1,2,1,1,0,0,0,1,0,0,1,0,0,1,0,1,0,0,0,0,1,0,0,1,0,1,1,0,0,0,0,1,0,1,0,2,2,0,1,2,1,1,0,0,0,0,0,0,1,1,0,1,1,1,1,0,0,1,2,1,1,0,1,0,0,1,0,1,0,0,1,1,1,0,1,1,1,0,0,0,0,0,0,1,0,1,0,1,0,0,0,0,0,1,0,2,0,1,0,0,0,1,0,2,1,1,0,0,2,0,2,0,0,1,0,1,2,2,0,0,0,1,1,1,1,1,0,1,0,0,0,0,0,0,0,0,1,1,0,0,2,1,0,0,0,0,2,0,1,0,2,1,0,0,0,1,0,2,1,0,0,1,1,0,1,0,0,1,0,0,0,2,0,1,0,0,0,0,0,1,0,0,1,0,2,0,1,1,0,0,0,0,0,0,1,1,1,1,1,0,0,0,0,1,0,1,1,1
L176,1,1,0,2,1,0,0,1,0,1,1,0,2,1,1,1,0,2,0,2,1,2,0,1,1,0,1,0,0,1,1,0,1,2,0,0,2,0,0,0,1,0,1,1,1,1,0,1,2,2,0,1,0,0,0,1,1,0,0,0,0,0,0,2,1,1,1,0,1,0,0,0,1,0,1,1,0,0,1,1,1,2,1,1,0,0,1,0,0,1,0,0,1,2,0,0,1,0,0,0,0,0,0,1,1,0,0,2,0,1,1,1,0,0,1,1,1,1,0,1,0,1,0,0,0,0,0,0,1,1,0,1,0,1,0,1,1,2,0,2,2,1,0,1,0,0,2,0,0,0,0,1,1,1,0,1,0,1,0,1,0,1,1,2,1,0,1,1,0,0,0,0,0,2,0,2,1,0,0,1,1,1,2,0,0,2,1,1,0,0,0,2,0,0,1,0,0,0,1,2,1,0,1,1,2,0,0,0,2,1,1,0,0,0,0,0,1,0,1,0,0,0,0,1,1,1,0,1,1,0,0,0,1,0,0,0,0,1,0,0,1,0,2,2,0,0,1,0,0,0,1,0,1,1,2,1,2,1,1,0,0,0,0,1,1,2,0,1,0,0,1,0,0,1,0,2,0,1,1,0,0,0,0,1,1,0,1,0,0,0,2,0,0,0,1,0,0,1,1,0,0,0,1,0,0,2,1,2,1,0,1,0,0,0,1,0,2,0,2,0,0,2,0,0,0,1,0,0,0,0,1,0,0,0,0,0,1,1,0,2,1,0,0,1,0,0,1,0,0,0,1,1,1,0,2,2,0,0,2,1,1,1,0,1,0,0,2,1,0,1,0,0,0,0,1,0,0,0,0,0,0,1,0,0,0,0,0,0,1,0,1,0,0,1,0,0,1,0,1,1,2,0,0,0,1,1,0,1,1,0,0,1,2,0,0,0,1,0,0,0,1,1,0,0,0,0,0,1,0,1,0,1,1,1,1,1,0,0,2,1,0,0,1,1,0,0,1,0,1,0,0,1,0,0,0,0,0,2,0,2,1,1,0,1,0,0,1,0,0,0,0,2,0,0,0,0,0,0,0,1,1,0,0,0,0,1,0,2,0,1,2,0,1,0,0,1,1,1,0,0
L177,0,1,1,1,0,0,0,0,0,1,0,1,1,0,2,1,0,1,1,1,0,1,0,0,0,0,0,0,1,1,2,0,1,2,0,1,0,0,1,1,0,0,2,0,0,0,0,1,0,1,0,0,2,1,0,0,2,0,0,0,0,0,0,0,1,0,1,0,0,0,0,2,0,0,2,0,1,1,2,1,0,0,1,1,0,0,0,1,1,0,0,0,1,0,1,0,1,0,0,1,0,0,0,1,2,0,2,1,1,0,0,0,1,0,0,0,1,0,0,0,0,2,0,0,1,0,0,0,0,1,0,2,0,2,0,1,0,0,0,2,1,0,1,0,1,0,0,0,1,0,1,0,1,2,1,0,0,1,1,1,0,0,0,1,1,0,0,1,0,0,0,0,1,2,1,1,1,1,1,2,0,0,1,0,0,1,0,0,0,1,0,1,0,1,0,0,0,0,1,1,0,0,0,0,0,1,0,0,2,1,1,0,1,0,1,0,1,1,1,1,0,1,0,1,1,0,0,1,1,1,0,0,0,0,0,1,0,0,1,0,0,0,2,1,0,0,2,0,0,2,0,2,1,1,1,0,1,0,1,2,0,0,2,2,0,0,1,1,1,1,1,1,1,1,0,1,1,1,2,1,1,0,0,0,0,1,0,0,1,1,2,0,0,1,0,1,2,0,1,0,0,1,0,0,1,1,1,1,1,0,0,0,0,0,1,1,1,0,0,2,1,0,0,1,0,0,0,0,1,1,2,0,0,1,0,1,2,0,1,1,1,2,1,1,0,2,0,2,2,0,2,1,0,0,1,2,0,1,0,0,1,0,0,2,1,1,1,1,1,0,2,0,1,0,0,2,1,0,0,0,1,1,0,0,0,1,0,0,2,1,1,0,0,0,0,2,1,2,0,0,1,0,1,0,1,1,0,1,1,1,1,2,0,0,0,1,0,1,0,1,1,0,0,0,0,1,0,0,0,0,1,0,1,1,1,0,0,1,2,0,1,2,0,1,0,1,1,1,0,1,1,1,1,1,1,0,1,1,0,1,2,0,0,1,0,0,0,1,1,0,1,2,0,0,0,0,1,0,0,1,0,0,1,2,0,0,1,0,0,0,0,1,0,0,0,1,0,0,0,0
L178,1,2,0,0,1,0,0,0,1,1,1,2,1,1,0,1,1,2,0,1,0,0,1,0,2,0,0,1,0,0,0,0,1,1,0,1,2,0,1,1,2,1,1,0,0,1,0,2,0,0,1,2,0,2,0,1,1,0,2,1,0,1,1,0,0,0,0,1,1,1,0,0,0,1,1,2,0,1,0,1,2,1,0,1,1,0,0,0,1,1,1,0,1,1,0,1,0,0,1,1,0,1,0,0,1,0,0,2,0,2,2,0,0,0,0,0,1,2,1,0,0,2,0,0,0,0,1,0,1,2,1,0,0,2,1,1,0,1,0,1,0,0,0,0,0,0,1,0,1,0,0,0,0,1,1,0,0,1,1,1,0,0,0,0,1,0,1,2,1,0,0,0,0,0,2,1,0,0,0,2,0,1,1,0,0,1,0,1,0,0,0,1,0,0,0,0,0,0,0,1,1,0,0,0,2,1,0,1,0,1,1,0,1,0,0,2,1,0,2,1,0,1,0,2,0,0,1,1,0,1,0,1,2,1,0,1,1,0,2,0,1,1,0,1,1,0,1,1,1,1,0,1,0,1,0,0,1,1,1,1,2,0,1,1,1,2,0,1,0,0,1,0,0,2,0,0,1,1,1,2,0,0,1,0,0,0,2,0,1,1,0,1,1,1,0,0,0,0,0,2,1,0,1,0,1,1,0,1,1,0,0,1,1,0,0,1,0,0,0,0,0,1,1,0,0,1,0,1,0,0,0,1,0,0,0,0,0,0,0,2,2,0,0,0,2,2,1,0,1,0,1,0,1,0,1,2,0,1,1,1,0,1,1,0,0,0,1,0,0,1,1,0,1,0,1,1,1,0,0,0,0,0,0,0,1,2,1,0,1,1,1,0,0,0,0,0,0,2,0,0,2,0,1,1,0,0,2,1,1,1,1,1,2,0,1,1,0,1,0,1,0,0,0,0,0,0,0,0,0,0,2,0,2,0,0,0,0,1,0,0,1,1,1,0,0,1,0,1,0,1,0,0,0,1,0,0,1,1,0,2,2,1,0,1,0,0,1,0,1,1,0,2,1,0,0,0,0,1,1,0,1,0,2,1,2,1,1,1,2,0,1,0,0,0,2,1,2,1,0,2
L179,1,0,1,0,0,0,1,0,0,1,0,1,2,0,1,1,1,1,0,1,0,2,0,1,0,0,0,0,0,0,1,0,0,2,1,1,0,0,1,0,1,1,2,0,0,1,0,0,1,0,0,0,1,1,1,0,0,1,1,0,1,0,0,0,0,0,0,0,0,2,0,1,0,0,1,1,1,1,1,0,1,1,1,0,1,0,1,0,0,0,0,0,2,2,1,0,0,0,1,0,0,0,0,2,2,0,1,0,0,1,0,1,0,0,0,0,1,1,1,1,0,1,2,0,1,1,0,1,2,2,0,1,0,2,1,0,1,1,0,1,0,1,1,0,0,1,2,2,0,0,0,1,0,0,2,0,1,1,0,0,1,1,2,1,0,0,0,0,0,0,0,1,0,1,0,2,0,0,1,2,0,0,0,1,0,0,1,0,1,1,1,0,0,1,0,0,0,0,2,0,1,2,1,1,0,2,1,1,0,0,2,0,0,0,2,0,0,1,0,1,0,0,0,2,0,0,0,2,0,0,0,1,2,2,1,1,0,2,0,0,0,0,0,1,1,0,1,0,1,0,0,1,1,0,1,0,2,0,1,1,0,0,1,0,1,1,2,0,0,1,1,1,2,0,0,1,0,1,0,1,1,0,0,1,1,1,1,0,2,1,0,1,1,2,0,2,1,1,1,1,0,0,0,0,0,1,1,2,1,0,1,1,1,2,2,1,1,0,1,0,0,0,0,0,1,0,0,0,0,2,2,1,1,1,0,1,0,1,1,0,1,0,0,2,0,2,1,0,0,0,1,1,1,0,0,2,0,0,1,0,2,0,0,1,0,0,2,0,0,0,1,0,0,1,2,0,2,0,1,0,0,1,0,0,0,1,0,1,1,1,0,0,0,0,0,0,0,1,0,1,1,1,0,1,0,0,0,0,1,0,0,2,0,0,0,1,0,0,0,2,0,0,0,0,0,0,0,1,0,0,2,1,0,0,0,2,1,0,2,0,1,0,1,1,0,0,2,0,1,1,1,0,0,0,0,0,0,1,0,1,1,0,0,2,0,0,2,0,0,2,0,1,1,0,0,1,0,0,0,1,2,0,0,0,2,0,0,0,0,1,0,1,0,0,0,1,2,1,1,0
L180,1,0,0,1,0,0,1,0,0,1,1,2,2,0,0,2,1,1,0,0,0,1,0,0,0,1,1,0,1,1,0,0,1,1,0,1,2,1,0,0,2,0,0,0,0,0,0,0,1,0,0,0,0,0,0,1,1,0,0,1,0,0,0,1,0,1,0,0,1,0,0,1,0,0,0,2,0,0,0,1,1,1,0,2,0,0,0,0,0,0,2,0,0,1,1,2,1,0,1,0,0,0,0,0,1,0,1,1,1,0,0,1,2,0,0,1,1,1,0,0,0,0,0,0,2,0,0,1,1,1,1,0,1,1,2,1,2,1,1,1,1,1,1,1,0,0,1,0,0,0,2,0,0,1,2,0,0,1,0,1,0,0,0,1,1,1,1,2,1,0,0,2,0,1,1,1,1,0,0,0,0,0,2,0,0,0,1,0,0,1,0,1,0,0,0,0,1,0,1,0,1,1,2,1,2,0,1,2,2,1,0,0,1,0,0,1,1,0,1,0,0,0,0,2,0,2,0,1,1,0,1,1,0,0,0,0,0,2,1,1,1,0,2,1,0,0,1,0,1,0,0,1,1,0,1,1,1,1,0,0,1,0,2,1,0,0,0,1,1,0,1,0,1,1,0,0,0,1,0,1,0,1,0,1,1,1,1,0,0,1,1,1,1,1,1,1,1,1,1,2,0,0,1,0,0,1,2,0,1,0,2,0,0,0,1,1,1,0,1,1,1,1,1,0,0,0,1,1,2,0,1,0,0,1,0,1,1,0,1,1,1,0,0,1,1,1,2,2,0,2,2,1,0,0,0,2,0,2,1,1,1,0,1,0,1,0,0,0,0,0,0,0,1,0,0,1,2,1,0,0,0,0,2,0,1,1,0,0,0,1,2,0,1,0,0,2,0,0,0,1,2,0,1,1,2,1,0,1,1,0,2,0,1,0,0,2,0,1,0,2,0,0,0,0,0,1,0,1,2,0,0,0,1,1,1,0,0,0,0,0,0,0,1,0,1,0,1,0,1,1,1,1,2,0,0,1,0,0,0,2,0,1,0,2,0,0,2,0,0,1,0,0,0,1,1,0,0,0,0,1,1,0,0,2,1,1,0,1,0,1,1,0,0,0,1,1,1,1,0,0
L181,0,0,2,1,0,0,1,1,1,2,2,0,1,1,0,1,1,1,0,0,0,2,0,0,2,0,2,0,1,0,1,0,1,0,0,2,1,0,0,0,2,1,1,1,0,0,0,0,2,1,0,0,0,0,0,2,2,1,1,0,1,0,1,0,1,0,2,0,0,1,1,2,0,0,0,0,0,0,1,0,1,1,0,1,0,0,2,0,1,0,0,0,1,0,0,1,0,0,1,0,0,0,0,0,2,0,2,1,0,0,1,2,0,0,1,0,0,0,0,1,0,0,0,0,1,0,1,1,2,1,0,1,1,1,0,2,1,2,0,0,0,0,0,0,0,1,2,1,0,0,2,0,0,0,1,0,0,1,0,0,0,0,1,1,0,0,1,1,0,0,0,2,0,0,1,1,0,1,0,0,0,0,1,0,0,1,2,1,0,0,2,2,0,1,0,0,1,0,1,0,2,1,0,1,2,0,1,1,1,0,2,0,2,0,1,1,0,0,1,0,0,0,0,0,1,1,1,2,2,1,0,1,0,1,0,1,0,0,0,1,1,0,1,0,1,0,0,0,0,1,1,1,1,0,1,0,1,1,0,1,2,0,1,2,1,1,1,1,0,1,0,0,0,1,0,0,0,1,0,1,0,0,1,0,1,2,1,0,1,0,1,0,1,1,2,0,0,1,1,0,1,0,0,0,0,1,1,1,1,1,1,0,0,0,0,0,1,0,0,1,1,0,0,2,0,2,0,0,0,2,2,1,1,1,0,0,1,0,0,0,1,1,0,0,1,1,1,2,0,0,1,1,0,0,1,2,0,1,0,1,0,0,1,0,1,0,1,2,0,0,0,1,2,0,0,0,1,0,0,1,0,1,0,0,0,0,1,1,2,2,1,0,0,0,0,0,1,0,0,1,1,0,1,0,2,2,1,0,0,0,0,0,0,0,0,0,0,0,0,0,0,0,0,0,1,1,1,1,0,0,1,1,0,0,0,0,0,0,2,0,1,2,0,0,0,1,1,1,0,1,0,0,0,0,0,1,0,1,0,0,1,0,0,1,1,0,1,0,1,1,0,2,0,0,0,0,1,0,1,2,1,0,0,2,0,1,0,0,0,0,0,0,0,0,1,1,2,2,1,0
L182,1,1,2,1,0,0,0,0,0,0,2,1,2,0,2,1,1,0,0,1,1,0,1,0,0,1,0,0,0,2,1,0,0,0,0,1,1,1,1,0,0,0,1,0,1,0,0,2,1,1,0,1,0,0,0,2,0,0,0,1,0,1,1,0,1,1,0,0,1,1,0,2,1,1,1,1,0,0,2,0,1,0,1,0,0,1,1,0,1,0,1,0,2,0,0,2,2,0,0,0,0,0,2,1,0,0,1,2,0,1,0,1,1,0,0,0,1,1,0,1,0,2,1,0,1,0,1,1,1,2,0,0,0,1,0,0,0,0,1,0,0,0,1,0,0,1,1,0,0,0,1,0,0,1,1,0,1,0,1,0,1,1,1,0,0,0,0,0,1,0,0,1,1,1,0,1,2,1,0,1,2,1,1,1,0,0,1,0,0,1,0,1,1,0,1,0,2,0,0,0,1,2,1,1,1,2,0,1,1,2,2,0,0,1,2,1,0,0,1,1,0,0,0,2,1,0,0,1,1,0,1,0,0,1,1,1,0,0,0,0,0,2,0,1,1,0,1,1,0,0,0,0,0,1,0,0,1,2,0,1,0,0,0,1,0,0,1,0,1,1,0,0,1,0,1,0,0,0,0,0,0,0,0,1,0,0,2,0,0,0,0,0,0,2,1,1,1,0,0,2,0,0,1,1,0,1,0,1,0,0,0,2,0,0,2,0,1,0,0,1,0,0,0,0,1,1,0,0,0,1,0,0,0,1,0,0,0,0,0,0,2,0,0,0,0,1,1,0,0,1,1,2,1,0,0,1,0,0,0,1,2,0,0,0,0,0,2,2,0,0,0,0,1,0,0,0,2,0,0,0,0,0,0,0,0,0,0,1,0,0,1,0,0,1,0,0,0,1,1,1,1,0,0,0,0,0,0,1,1,1,0,1,0,0,1,1,0,1,0,2,0,1,0,1,0,0,0,0,1,0,1,1,1,2,0,0,1,1,2,0,0,0,1,0,0,0,2,0,1,1,1,0,0,0,0,0,1,0,0,1,0,0,0,2,0,2,2,0,0,0,0,2,1,0,1,1,1,0,0,1,0,2,0,0,0,1,0,1,0,1,1,0,0,1,0,2,1,1,0,0
L183,2,0,0,0,1,0,0,1,1,2,1,0,1,0,1,1,1,1,0,1,0,2,0,0,0,0,2,1,0,2,1,0,0,0,0,0,0,1,0,1,2,1,1,0,0,1,0,0,1,0,0,1,1,0,1,1,2,0,1,0,0,1,0,0,2,0,1,0,1,0,0,1,0,0,1,1,0,0,0,1,1,0,1,2,0,0,1,0,0,0,2,0,1,0,1,2,1,1,0,0,1,1,0,0,1,0,0,2,0,2,0,1,1,1,0,0,0,0,0,0,0,1,0,0,1,0,2,1,1,0,0,0,0,0,0,0,2,1,0,2,1,1,1,0,0,1,1,0,0,1,1,0,0,1,0,0,1,2,1,1,1,1,0,0,0,2,2,1,1,1,0,0,1,0,0,1,2,1,0,1,1,1,1,0,0,0,0,0,1,1,1,2,0,1,0,1,2,0,0,0,0,0,1,1,2,0,0,1,2,1,2,0,0,0,1,0,0,1,1,0,0,0,0,0,1,1,1,1,1,0,1,0,0,0,1,0,0,2,0,1,0,1,2,0,1,0,0,1,1,0,0,2,0,1,2,1,0,0,0,0,1,0,1,1,1,0,0,0,1,0,1,0,1,2,0,1,0,2,0,2,0,0,1,0,1,0,1,0,1,1,2,2,0,0,1,1,0,1,0,0,1,0,0,0,0,2,1,1,0,1,1,0,0,0,0,1,1,0,1,2,0,1,0,0,2,1,0,1,0,0,0,1,0,1,1,0,1,1,1,1,0,1,0,0,0,1,1,0,0,2,1,0,0,0,1,1,0,1,0,0,1,1,0,1,0,0,0,1,1,0,0,0,2,0,1,0,1,0,0,0,0,0,1,0,1,0,0,0,1,2,0,2,0,0,1,0,1,1,1,1,0,1,1,0,1,1,0,1,1,1,1,2,0,0,0,1,0,2,0,1,0,1,1,0,0,1,1,0,1,1,1,0,0,0,0,0,0,0,2,0,0,1,0,0,1,2,1,1,0,1,0,1,0,0,1,0,0,0,0,1,0,0,1,2,0,1,1,0,1,0,2,1,0,0,0,0,1,0,1,0,0,0,2,1,0,1,0,1,0,0,1,0,0,1,1,0,1,1,0,1
L184,0,2,0,2,0,0,0,2,1,1,0,1,1,0,0,0,0,0,0,1,0,0,0,0,0,0,2,0,0,1,0,1,0,1,0,2,1,0,0,0,1,0,0,0,0,0,0,1,0,0,0,1,1,0,1,1,0,0,0,1,1,1,0,1,1,0,1,0,0,0,0,1,1,1,1,0,1,1,0,1,2,0,1,1,0,1,1,0,1,0,0,0,1,2,1,0,1,0,0,0,1,0,0,0,2,1,1,0,1,0,1,2,2,0,0,0,1,0,0,2,0,0,1,0,1,1,1,1,1,0,1,0,0,2,1,2,0,1,0,0,0,1,0,0,0,1,1,2,0,0,0,0,0,1,1,0,0,1,0,1,0,1,1,1,0,0,0,0,2,1,0,0,0,0,1,2,2,0,0,1,0,0,1,0,0,1,2,1,0,2,1,0,0,0,1,0,1,1,0,0,0,0,2,0,0,0,1,1,0,0,1,0,1,0,1,0,1,1,1,0,0,0,0,0,1,2,1,0,0,1,0,0,0,0,0,1,0,0,0,0,1,1,2,0,1,0,0,0,0,0,0,2,0,1,1,0,1,2,0,0,1,0,1,1,1,1,2,0,0,0,1,0,0,0,1,1,0,2,0,1,0,0,2,0,1,2,0,0,1,1,1,1,0,1,1,0,1,1,2,0,0,0,0,1,1,1,1,0,0,0,1,1,0,1,2,1,0,0,0,0,0,0,0,0,0,1,0,0,1,0,0,1,0,1,1,0,0,2,1,1,1,1,1,1,0,1,2,0,0,2,0,1,0,0,1,1,0,2,2,1,0,0,0,1,2,0,1,0,0,0,1,0,2,1,0,1,0,0,1,0,0,0,0,0,0,0,0,0,1,2,2,0,1,2,1,1,0,1,0,1,1,0,1,0,2,0,0,0,2,1,0,2,1,0,1,0,0,1,0,1,0,1,0,0,1,1,0,0,1,1,0,0,1,1,0,1,0,0,1,0,0,2,0,1,0,1,1,1,0,1,2,1,1,0,0,0,0,0,0,1,0,0,0,2,0,1,1,0,0,1,0,1,0,0,1,0,1,0,0,0,0,0,1,1,0,1,0,0,0,1,0,0,0,0,0,1,0,0,0,1
L185,0,0,1,1,0,0,0,1,0,1,2,1,1,1,1,1,2,0,0,1,1,1,0,0,1,0,2,1,1,2,1,1,1,2,0,0,2,1,0,0,1,0,0,0,1,1,0,1,1,0,0,0,0,0,0,2,0,0,1,0,0,0,0,0,2,1,0,0,1,2,0,1,0,0,1,2,0,0,0,1,2,0,0,2,1,1,2,1,2,1,0,1,2,1,1,1,1,0,0,1,0,0,0,0,0,0,0,2,1,2,2,0,1,0,0,0,2,0,1,0,0,0,0,0,1,1,0,1,1,1,2,0,0,1,0,0,1,2,0,0,1,2,1,1,0,1,0,1,1,0,1,1,0,0,1,0,0,1,0,0,0,1,2,1,1,0,0,1,0,1,0,2,0,1,2,1,1,2,1,1,0,0,1,0,0,1,0,0,1,1,1,1,0,0,0,0,1,0,2,0,1,1,0,1,1,1,0,1,1,0,1,0,0,1,1,2,1,0,0,2,0,0,0,1,2,0,2,1,0,0,0,0,0,0,0,1,0,1,0,0,2,1,1,1,0,0,2,0,0,0,1,1,0,0,1,0,2,0,0,1,0,0,0,1,1,1,1,0,0,0,1,0,1,0,0,0,0,2,0,1,0,1,1,0,1,0,2,0,0,0,2,1,0,1,1,1,0,1,0,0,1,1,1,0,1,1,0,1,0,0,0,0,1,0,1,1,1,1,1,0,1,1,0,0,0,0,0,1,0,1,1,1,0,1,0,0,0,1,1,1,1,1,0,0,0,0,0,2,1,1,1,0,0,0,0,2,1,1,1,0,0,0,0,0,0,0,1,2,0,0,0,0,0,0,1,0,1,0,1,0,0,0,0,0,0,1,1,0,0,0,0,0,1,0,0,1,0,0,0,1,0,2,0,0,1,1,0,1,1,0,1,2,1,0,1,0,1,0,0,0,0,0,0,0,1,0,1,0,2,1,2,0,0,0,1,0,0,1,1,0,1,0,1,0,1,0,1,0,0,0,1,1,0,1,1,1,1,0,0,1,0,0,0,1,0,0,0,1,0,0,0,1,0,0,0,1,1,1,0,2,2,0,1,1,0,2,1,1,2,1,1,0,0,0,0,2,2,0,0,1
L186,0,2,0,0,0,0,0,1,0,2,0,1,2,0,2,1,1,2,0,0,0,1,1,1,1,0,0,0,0,1,0,0,1,1,1,0,0,1,1,1,1,0,0,0,1,1,1,1,1,0,1,1,0,0,1,2,1,0,0,2,0,0,1,2,0,2,0,0,0,1,1,1,0,0,1,0,0,1,1,1,1,0,1,1,0,0,0,0,1,0,1,0,0,1,0,1,0,0,0,0,0,1,1,0,0,0,0,1,0,1,1,2,0,0,0,1,1,1,0,2,0,0,1,0,1,0,0,1,1,0,2,2,0,0,2,1,0,2,0,1,0,1,1,0,0,1,1,1,0,0,1,0,2,0,1,0,0,0,0,0,0,2,1,1,1,0,0,0,0,1,0,1,0,0,1,2,0,0,1,1,1,1,1,0,1,2,2,0,2,0,1,0,1,0,1,0,0,1,1,1,1,2,2,1,0,1,0,1,1,0,2,0,2,0,1,0,1,0,1,0,0,0,0,1,1,1,0,1,1,0,0,0,0,0,0,2,0,0,1,0,0,0,2,0,1,0,1,1,0,0,0,0,1,1,1,0,1,1,0,1,1,0,1,0,2,1,1,1,1,1,0,0,0,1,1,0,1,0,0,0,0,0,0,0,1,0,0,0,0,2,1,0,1,1,0,0,1,0,2,1,1,0,1,0,0,1,0,1,1,0,2,0,0,1,1,1,0,0,0,2,0,1,0,1,0,1,0,0,1,1,1,1,0,1,0,0,2,2,1,0,1,1,0,1,1,1,0,1,0,1,0,0,0,0,1,0,0,0,0,1,1,1,0,1,0,0,1,2,1,1,0,0,1,2,1,0,0,0,0,0,0,0,0,0,0,0,0,1,0,1,0,0,0,0,0,0,1,0,0,1,1,0,1,0,1,1,0,0,1,1,1,1,0,0,2,1,1,0,0,0,1,0,0,0,0,0,0,0,1,0,0,0,0,0,0,0,0,1,0,0,0,1,1,0,0,1,1,0,1,1,0,1,1,0,2,1,1,0,0,1,2,1,0,0,0,0,0,0,1,0,2,0,0,0,0,0,1,1,0,2,1,1,0,1,0,2,1,1,0,0,2,1,0,0,2,1,1,2,0,1
L187,1,0,1,1,0,0,1,1,0,1,2,0,1,1,0,1,1,1,0,1,1,1,0,0,1,0,1,1,1,1,1,0,1,1,0,0,0,0,2,1,1,1,0,0,1,1,0,1,1,0,1,1,1,2,0,1,1,1,2,0,0,0,0,0,2,0,0,0,0,1,1,0,1,1,0,0,0,1,0,2,1,1,0,0,0,0,1,2,0,0,0,0,0,0,0,0,1,0,0,1,0,0,0,1,1,1,0,0,0,1,0,0,1,1,1,1,0,0,0,0,1,1,0,0,1,0,0,1,1,2,0,2,0,1,1,1,1,0,2,1,1,1,0,1,0,0,0,0,0,1,1,0,1,1,0,0,0,1,0,1,1,1,1,0,0,0,0,0,0,2,0,2,0,0,0,1,0,0,0,2,0,0,2,0,1,0,0,0,0,0,0,1,0,2,0,1,1,0,1,0,1,0,2,2,2,2,1,1,1,0,0,0,0,0,0,1,2,0,1,0,0,0,0,2,1,1,0,0,0,0,0,0,0,0,0,1,0,1,0,1,2,1,1,1,0,0,0,0,2,2,1,1,1,0,2,0,2,1,1,1,2,0,1,1,2,1,2,2,1,0,1,0,1,0,0,0,0,1,1,1,0,0,0,1,1,0,0,0,1,0,1,1,1,1,1,0,0,0,1,1,2,0,0,1,1,0,2,2,1,0,0,0,0,1,1,2,0,1,2,1,0,2,1,0,0,0,0,1,1,0,1,0,0,2,0,0,0,1,0,1,1,1,0,0,0,0,1,0,1,1,0,0,1,1,2,1,1,0,1,0,1,0,0,1,0,1,1,2,1,0,1,0,1,1,1,1,2,0,0,0,1,1,0,0,0,0,0,0,1,2,0,0,0,0,1,0,0,2,0,1,2,1,1,0,2,0,0,0,1,0,0,1,0,0,0,0,1,1,0,1,0,1,1,1,0,1,0,0,0,0,0,0,1,1,0,0,0,1,1,0,1,1,1,0,1,1,0,0,1,1,0,1,0,0,1,1,1,1,0,1,1,0,0,1,0,0,1,1,1,0,0,2,1,1,0,1,1,1,1,2,0,0,1,1,0,1,0,2,0,1,1,0,0,0,0,1,2,0,1,0
L188,0,2,1,2,0,1,0,1,1,0,1,0,2,0,1,0,0,1,0,1,0,1,0,0,0,0,2,0,1,2,1,0,1,1,1,1,1,2,1,0,1,0,1,0,0,0,0,1,1,1,0,1,1,0,0,2,0,1,1,0,1,1,0,1,0,1,0,0,0,1,0,0,0,0,1,0,0,1,0,0,0,0,0,1,0,0,1,0,0,0,1,0,0,1,0,1,0,1,1,0,2,0,0,0,1,0,1,0,0,2,1,0,2,0,0,0,1,1,1,2,0,2,0,0,0,0,0,0,1,1,1,0,0,1,1,0,1,1,0,0,2,1,0,0,0,0,2,2,0,1,2,0,1,0,1,0,0,1,0,1,1,1,0,1,1,0,1,0,1,1,1,1,1,2,0,2,0,0,1,1,0,1,1,0,1,0,1,0,1,1,1,0,1,2,0,0,1,0,2,1,1,1,1,1,1,0,0,1,0,1,1,0,1,0,2,1,1,0,0,0,0,0,0,0,0,1,1,1,1,1,0,1,0,0,0,1,0,0,0,1,0,0,0,1,0,1,1,1,0,0,0,1,0,0,0,0,0,1,1,1,2,0,0,1,0,0,1,0,0,0,1,0,0,1,0,1,0,0,1,0,0,1,0,1,1,0,1,0,0,2,1,1,0,0,1,0,0,0,1,1,1,0,0,1,1,0,1,1,2,0,1,0,0,0,2,1,1,0,1,0,0,1,0,0,0,0,0,1,0,1,1,1,0,1,1,1,2,0,2,0,2,1,0,0,1,2,0,1,0,1,1,0,0,0,2,2,0,0,0,1,2,0,0,2,1,0,0,1,0,2,0,0,1,1,0,1,1,1,0,0,1,0,0,0,0,0,1,0,2,0,0,1,0,1,0,0,0,2,0,1,0,0,1,0,0,1,1,1,0,1,2,1,0,0,0,1,1,0,0,1,0,1,0,0,0,1,1,0,1,1,1,1,1,1,1,0,0,0,1,1,1,1,0,0,0,1,0,0,0,0,0,1,2,0,0,0,0,2,0,0,1,0,0,0,0,0,1,1,0,0,0,1,0,0,0,0,0,1,0,2,0,1,0,0,0,0,0,0,0,0,1,0,0,1,0,0,2,0,1,0
L189,0,1,0,1,0,0,0,0,1,2,1,0,0,1,0,1,2,1,0,1,0,0,0,0,0,0,0,1,0,1,0,0,1,1,2,1,1,1,0,0,2,0,0,0,0,0,0,1,0,1,1,1,1,0,1,0,1,0,2,1,0,1,0,1,2,0,1,0,1,0,1,0,1,2,1,0,0,0,1,1,1,1,1,1,0,0,0,0,0,1,1,0,1,1,0,2,0,1,0,1,0,0,0,1,1,1,0,0,0,1,2,1,1,0,0,0,1,0,0,2,0,2,0,0,1,0,2,0,1,1,1,1,1,1,0,1,0,0,0,0,1,1,1,0,1,0,2,0,0,0,0,0,0,2,1,0,0,0,0,1,1,2,0,1,0,0,0,2,1,1,0,1,0,1,0,2,1,1,1,1,0,1,2,0,0,0,1,0,0,1,1,0,0,2,0,1,1,1,0,1,1,0,0,0,1,2,1,2,1,0,0,0,0,0,1,0,0,1,0,0,0,2,0,1,1,0,0,2,0,1,0,0,0,0,0,1,0,0,1,0,0,1,1,1,1,0,1,1,0,0,1,1,0,0,2,0,0,1,1,2,1,0,1,0,0,2,1,0,0,1,1,1,2,0,0,1,0,2,1,2,0,0,1,1,0,0,1,0,1,1,1,2,1,0,1,1,1,1,2,1,1,0,0,0,0,2,1,1,1,0,0,0,0,0,0,1,0,0,1,0,0,0,1,0,1,2,0,0,0,0,1,1,0,0,0,0,1,1,0,1,0,1,0,1,0,1,2,1,1,1,0,0,0,0,1,0,0,1,1,2,1,0,0,1,0,0,1,0,0,0,0,0,0,0,1,1,2,0,1,0,0,0,0,0,0,0,0,0,0,1,1,0,0,0,0,1,1,2,1,0,0,1,1,0,1,1,0,0,0,1,0,1,0,0,1,1,0,1,0,1,0,0,0,0,1,1,1,0,0,0,1,0,0,0,0,0,0,0,2,0,1,0,2,1,0,0,1,0,1,1,0,2,0,0,0,1,2,2,1,1,2,0,0,2,0,0,1,1,0,0,0,1,0,0,0,2,1,0,0,2,1,1,1,0,0,0,0,1,1,1,0,0,1,0,1,1,1,1,0,0
L190,0,1,0,0,0,0,0,1,0,0,2,2,1,0,1,2,2,1,0,1,0,2,1,0,0,0,1,0,0,0,1,0,0,1,0,1,1,2,1,1,0,0,1,0,1,1,0,0,0,0,0,0,1,0,0,1,0,0,0,0,1,0,0,0,0,0,0,0,0,2,0,0,1,1,2,1,0,1,0,2,1,0,0,2,0,0,1,0,0,1,1,0,1,2,0,1,2,1,0,0,0,0,0,0,1,1,1,2,0,1,0,1,2,0,0,0,0,1,0,0,0,1,0,0,1,0,0,0,1,1,1,1,0,0,0,0,0,2,0,1,0,1,0,0,0,0,0,1,0,0,1,0,1,0,1,1,0,1,1,0,0,0,0,1,1,0,0,1,0,1,0,1,0,1,0,1,0,0,1,2,2,0,1,0,0,0,0,1,1,1,2,1,1,1,1,0,1,0,2,1,0,1,1,1,1,2,0,1,0,0,0,1,1,0,2,0,1,1,0,1,0,0,0,0,1,1,1,0,1,1,0,0,0,0,0,1,0,1,0,0,0,0,1,1,0,0,0,1,0,1,0,1,0,0,0,0,0,2,0,0,1,0,2,2,2,2,0,0,1,0,1,0,0,1,0,0,0,2,1,2,0,0,0,0,2,1,0,0,1,0,0,2,0,1,1,0,1,1,1,1,1,0,1,0,0,0,1,1,2,1,0,0,0,0,0,1,0,0,0,1,0,2,0,1,1,0,0,0,0,1,1,1,0,2,0,0,0,0,1,2,1,2,0,1,1,0,2,1,2,0,1,0,2,1,0,2,1,0,2,0,2,1,1,0,0,0,0,1,1,1,0,1,1,0,1,0,2,0,0,0,1,0,0,1,0,1,0,2,2,0,1,0,0,0,0,0,0,1,0,1,0,0,0,0,0,1,0,1,1,0,2,1,0,0,2,0,0,0,2,0,1,1,0,0,1,0,0,0,0,1,0,0,0,1,0,1,0,1,2,0,1,2,0,0,0,1,1,1,0,0,1,1,1,0,0,0,0,0,0,1,1,0,0,0,0,1,2,0,0,0,1,1,0,0,0,0,0,1,0,0,0,0,0,2,0,2,0,1,1,1,0,0,0,0,1,2,1,0,0,1
L191,0,0,1,1,0,0,0,0,0,2,1,0,1,1,0,1,1,0,0,1,0,1,0,0,0,0,1,0,2,1,1,1,0,1,1,2,0,1,1,0,1,0,2,0,0,1,0,1,1,1,1,0,1,0,0,1,2,1,1,1,1,1,0,2,1,0,1,0,0,0,1,1,0,0,0,1,0,1,0,0,1,0,0,1,0,1,0,0,2,0,0,0,0,1,0,0,0,1,0,2,1,1,0,1,0,0,2,1,1,0,1,1,1,1,0,0,0,1,0,1,0,2,0,0,1,0,0,0,0,1,0,0,0,2,0,1,0,1,1,1,2,1,0,1,0,0,1,2,0,0,0,1,0,0,2,0,0,1,1,0,0,2,0,2,2,0,0,2,0,2,1,1,2,0,1,2,0,2,1,1,1,0,0,0,0,0,0,0,1,1,2,1,0,0,1,1,1,0,0,1,2,1,1,2,2,2,0,1,1,0,1,0,1,0,2,0,1,0,0,0,0,1,0,1,1,1,0,1,2,0,0,0,0,1,1,1,0,0,0,0,0,0,0,0,0,0,0,0,0,1,0,0,1,0,0,1,1,1,0,0,1,0,1,1,1,0,0,1,0,0,1,0,1,2,0,0,0,1,0,0,0,0,1,0,0,1,0,1,1,2,0,1,0,1,0,2,0,1,1,0,0,0,0,1,0,2,1,2,1,0,0,0,1,0,1,0,0,1,1,1,0,1,2,0,1,1,0,1,1,1,1,2,0,0,0,0,0,0,0,0,1,1,0,0,2,1,1,2,2,1,0,1,0,0,1,1,0,0,0,0,0,0,1,0,0,0,2,1,1,0,0,0,1,1,2,1,1,0,0,0,0,1,0,0,2,0,1,0,1,1,1,0,0,1,0,0,1,0,1,0,2,1,1,1,0,2,0,1,0,2,1,0,0,0,0,0,0,0,1,1,0,2,0,0,1,1,0,0,0,0,1,0,2,0,0,0,0,1,0,0,2,2,1,1,0,1,0,0,2,1,2,1,0,1,1,0,0,0,0,1,2,1,1,1,1,1,0,0,0,0,1,1,1,1,0,0,0,0,1,1,0,1,0,2,1,0,1,0,1,0,1,0,1,0,1,1,1,0,0,0
L192,1,1,0,0,0,1,0,0,1,1,2,1,2,1,1,1,1,1,0,1,1,2,0,1,1,0,0,0,1,0,1,0,2,1,0,1,0,0,0,1,0,1,2,0,0,1,0,1,1,0,0,0,2,0,0,1,0,0,1,2,0,1,0,1,0,0,0,0,0,1,0,1,0,1,2,0,0,1,1,0,0,1,0,1,0,0,1,1,1,0,0,0,1,1,1,0,1,0,0,0,0,1,0,1,2,1,1,1,0,0,0,1,0,0,0,0,2,0,0,1,1,1,0,0,1,1,1,1,0,1,2,0,0,2,1,0,1,1,1,0,1,0,1,1,0,1,0,2,0,1,1,0,0,0,0,0,0,1,2,1,1,0,1,0,0,1,0,1,0,0,0,1,1,0,0,0,0,1,0,0,0,0,1,1,0,2,0,1,1,2,0,1,0,1,0,0,1,0,2,0,1,0,1,1,0,1,1,2,2,1,1,0,0,0,1,1,1,1,0,1,0,0,0,1,1,1,0,0,1,0,0,0,0,1,0,0,0,1,0,1,0,0,2,0,1,0,1,0,0,0,0,0,0,1,1,0,1,1,1,1,1,0,0,1,1,1,1,1,1,0,1,0,1,0,0,0,1,1,0,2,0,1,0,0,2,1,0,0,0,0,1,0,1,1,0,0,0,1,1,0,0,0,1,0,0,1,0,0,1,0,1,0,0,1,0,0,2,1,0,0,1,0,1,0,2,0,0,1,0,1,1,1,0,1,1,0,0,1,1,2,1,2,0,0,2,2,1,0,2,0,0,1,0,0,0,0,0,0,2,0,0,0,2,1,0,1,0,2,0,0,0,0,1,1,1,0,0,0,0,0,0,2,1,0,0,0,0,2,0,0,0,0,0,0,0,1,0,1,0,0,0,1,0,0,1,1,1,1,1,0,0,0,0,0,0,0,0,1,0,1,0,0,0,0,1,1,0,0,0,0,1,0,1,0,1,0,0,0,1,0,1,1,0,0,0,0,1,0,0,0,0,0,0,0,0,0,0,0,0,1,2,0,0,2,0,0,1,1,1,1,0,1,0,0,0,2,0,2,0,0,0,0,2,0,0,1,0,1,0,1,0,0,0,1,1,0,1,1,0,2
L193,0,1,0,2,0,0,2,1,1,1,0,0,1,0,0,1,2,1,0,1,1,1,0,1,0,0,1,0,0,1,1,0,0,2,0,0,0,1,2,0,1,2,0,0,0,1,0,1,1,2,1,0,0,1,1,0,1,1,0,2,1,0,2,0,1,0,1,1,1,0,0,1,0,2,1,1,0,0,1,2,1,1,1,1,1,0,2,0,2,0,1,0,0,0,1,1,1,0,0,0,1,1,0,0,1,1,2,0,0,2,2,1,0,0,0,0,1,1,0,0,0,1,1,0,1,0,1,1,2,0,1,2,0,1,0,0,1,1,0,2,0,1,1,0,1,1,2,0,0,1,2,0,0,1,0,0,1,2,0,0,0,1,2,1,0,0,1,1,0,0,0,0,0,1,0,2,0,1,2,0,0,0,2,0,0,0,1,1,0,1,1,1,0,0,0,1,2,0,1,1,1,1,1,1,0,1,1,2,1,1,0,0,0,0,1,1,1,1,0,1,0,0,0,0,1,1,0,0,2,0,0,1,0,2,1,1,1,1,0,0,0,0,1,0,1,0,1,1,1,1,0,0,2,0,1,1,0,2,2,1,2,0,1,1,0,1,1,0,1,1,0,1,0,0,0,0,0,1,1,1,0,0,0,1,1,1,0,0,0,0,0,0,0,2,2,1,0,1,0,2,0,0,2,0,0,2,0,1,1,0,2,0,0,1,0,1,0,0,0,2,0,1,0,0,0,0,0,0,0,1,1,1,0,0,0,2,2,2,0,0,2,1,1,0,2,1,0,2,0,1,1,2,0,1,1,0,0,0,2,1,1,0,1,2,1,0,2,2,1,0,0,0,1,1,1,1,1,0,0,0,1,0,1,0,1,1,0,1,1,1,0,0,0,0,0,0,2,2,0,1,0,2,0,0,1,0,0,0,1,0,0,2,1,0,0,0,0,1,0,2,0,0,1,0,0,1,0,0,1,1,1,0,1,0,0,1,0,1,1,0,1,1,1,1,0,1,0,0,0,1,1,0,0,0,0,2,1,0,0,1,2,1,0,1,0,1,1,1,0,1,0,1,0,0,0,0,0,0,1,0,0,0,0,1,0,1,0,2,1,2,0,1,0,0,1,1,0,0,0,1
L194,0,0,1,0,1,0,1,2,1,1,1,2,2,0,0,1,1,1,0,0,0,1,1,0,1,0,1,0,0,2,2,0,1,0,1,2,1,0,1,1,1,0,0,0,1,1,0,0,0,0,0,1,0,1,0,0,0,1,1,1,0,0,0,1,0,1,1,0,1,1,0,1,0,0,1,0,0,0,0,1,1,1,0,1,1,0,0,1,1,1,0,1,1,0,0,1,0,0,1,1,0,0,0,0,1,2,0,1,0,0,1,1,2,0,0,0,1,0,0,0,0,1,1,0,1,0,0,1,1,2,0,0,1,2,0,1,1,0,0,0,1,0,2,0,0,0,2,1,0,1,0,1,1,1,1,0,0,1,0,0,1,1,2,2,0,0,0,2,1,1,0,1,0,1,0,0,1,0,1,1,1,0,0,0,0,0,1,0,0,1,1,0,0,1,0,0,1,2,0,0,0,2,1,1,0,1,0,1,1,1,1,0,1,0,1,1,2,1,1,1,0,0,0,2,1,1,0,2,0,1,0,2,0,0,1,0,0,0,1,0,0,2,1,0,1,0,1,0,0,1,2,0,1,0,1,0,1,0,0,0,0,0,2,2,0,0,0,1,1,0,0,0,1,2,0,1,0,1,0,0,1,2,1,0,2,0,2,0,1,1,1,1,0,2,0,0,1,0,1,1,1,0,1,0,0,1,0,0,0,0,0,1,1,0,2,0,0,0,1,0,0,0,1,0,0,2,0,1,0,1,1,0,1,1,0,0,1,0,1,0,1,0,0,1,1,2,1,1,0,2,0,1,0,1,0,1,0,1,0,1,1,0,0,0,1,1,0,1,0,1,0,0,0,0,0,2,1,0,0,0,0,1,1,0,0,0,0,0,2,2,0,0,0,1,0,0,0,1,0,2,1,0,0,0,0,0,0,0,0,1,1,1,0,0,1,0,0,1,0,1,1,0,0,1,1,0,0,0,1,0,2,0,1,0,1,0,0,0,0,0,0,0,0,1,0,0,1,0,0,1,1,0,1,1,2,2,0,2,1,1,2,0,0,1,0,2,2,1,0,1,1,2,0,1,0,1,0,1,0,2,0,0,2,1,1,0,1,0,1,0,2,0,1,1,1,1,1,2,0,0
L195,1,2,1,2,0,0,1,1,0,0,0,1,0,0,1,1,2,1,0,0,1,1,0,1,1,0,1,1,0,0,1,1,0,1,0,1,0,1,0,0,0,0,1,0,0,1,0,1,1,2,0,1,1,0,0,0,1,0,1,1,0,0,0,0,0,0,1,0,2,0,0,1,0,1,2,1,1,0,0,2,1,0,0,0,0,1,0,0,0,0,2,0,0,0,1,2,1,1,2,0,1,0,0,0,0,1,2,1,2,1,1,1,1,0,0,1,0,0,0,1,0,1,0,0,1,0,0,1,1,1,1,0,0,2,0,0,2,2,1,1,1,0,2,1,1,0,1,2,0,0,1,1,0,0,1,0,0,1,1,0,1,2,1,1,0,0,1,2,1,1,0,1,0,0,0,1,0,2,0,0,2,2,0,0,0,1,0,1,1,2,1,0,1,0,0,0,1,0,0,1,1,2,0,1,2,1,0,1,0,2,1,0,1,0,1,0,0,0,1,0,1,0,1,1,1,1,1,0,0,0,0,1,1,1,1,1,1,2,2,1,1,1,0,0,1,0,1,0,0,0,0,1,0,1,0,0,1,1,1,1,0,0,2,1,0,1,0,0,1,0,0,1,0,0,1,0,0,0,0,0,0,0,0,1,1,1,1,0,2,2,0,2,1,0,0,0,0,1,0,0,1,0,1,0,0,1,1,0,0,0,0,0,1,0,0,1,1,0,2,0,1,0,0,0,0,0,0,0,0,1,0,2,0,2,0,1,2,0,0,0,0,0,0,0,2,1,1,1,1,0,1,2,0,0,1,1,0,1,0,2,1,0,0,2,0,0,1,2,0,1,1,0,0,0,1,1,0,0,1,0,0,0,0,0,1,0,1,0,1,2,1,0,0,2,0,0,2,2,0,0,1,2,1,1,2,2,0,1,0,1,0,2,0,0,1,1,0,1,0,1,1,0,1,0,2,0,1,0,1,0,2,0,0,0,1,1,0,1,1,0,0,0,1,0,0,2,1,0,2,2,1,0,0,0,0,0,0,0,2,2,0,0,0,0,0,0,1,2,1,1,0,1,0,0,0,1,0,1,0,1,1,1,1,1,0,0,0,1,0,0,1,1,0,0,0,0,2,2,0,1
L196,0,2,1,2,0,1,1,0,1,2,0,1,0,1,0,2,1,1,0,2,2,1,0,0,0,0,2,0,0,1,2,0,1,1,0,1,1,1,1,1,0,1,0,1,0,0,0,1,2,1,0,2,1,0,0,1,1,0,0,0,0,0,0,0,0,1,2,0,0,2,0,0,1,1,0,1,0,0,0,1,2,0,1,1,0,2,1,0,0,0,0,0,1,2,1,1,0,1,1,0,0,0,2,0,0,0,2,0,0,2,1,1,0,0,1,0,1,0,0,0,0,2,0,0,1,0,1,0,0,1,0,1,1,0,0,1,1,0,0,1,1,0,1,0,0,0,1,0,0,0,2,1,0,2,0,0,1,0,1,1,1,2,0,1,1,0,1,1,1,2,2,2,0,0,0,1,1,1,1,1,0,0,1,0,1,0,1,0,0,1,0,2,1,0,1,0,0,0,2,2,0,0,0,1,1,1,0,0,0,0,0,0,2,0,2,1,0,1,1,0,0,1,0,1,0,2,0,0,0,1,0,1,0,0,0,0,0,0,0,0,0,1,1,0,1,0,1,0,0,0,0,2,0,0,0,0,2,0,1,1,1,0,1,1,0,0,1,0,1,1,1,0,2,0,1,1,0,1,0,0,0,1,0,0,0,1,0,0,0,1,0,0,0,0,2,1,0,0,2,0,0,0,1,0,0,1,1,1,0,0,2,0,1,2,0,1,1,0,2,2,0,0,0,0,0,1,0,1,1,2,0,2,1,0,0,1,1,1,0,1,1,0,0,0,0,1,1,0,1,1,1,0,0,0,0,1,0,0,1,0,1,0,0,0,0,0,2,2,0,1,0,0,1,0,1,0,1,0,0,0,0,0,1,0,1,0,0,1,0,0,0,0,0,0,0,0,1,1,0,1,1,1,0,1,1,0,0,1,2,0,0,1,0,0,1,0,0,1,1,2,0,1,0,0,1,1,1,1,1,0,0,0,1,2,0,0,0,1,1,0,0,1,0,1,0,1,2,1,1,1,0,0,0,1,0,0,0,1,0,2,0,1,1,2,1,0,1,0,0,0,0,0,1,0,0,0,0,1,0,0,0,0,1,1,0,1,0,0,2,0,0,1,0,1,0,1,1,2,1,0
L197,0,1,0,1,1,0,2,1,2,1,1,0,0,1,2,1,0,0,0,1,0,2,0,0,0,0,0,0,0,0,2,1,0,0,0,1,2,0,1,0,0,0,1,1,1,2,0,0,0,0,0,2,1,0,0,1,2,0,0,2,0,0,0,0,0,1,1,1,2,1,1,1,0,0,0,1,1,1,1,1,2,0,1,2,0,0,0,0,0,0,0,0,0,0,2,1,0,1,0,1,2,0,0,1,0,1,2,0,0,0,1,1,1,0,0,0,0,2,0,1,0,0,0,1,2,0,1,0,1,0,1,1,1,1,1,0,0,1,0,1,0,0,0,0,1,0,1,1,0,0,0,1,0,0,0,0,1,1,2,1,0,0,1,2,0,0,2,1,0,0,0,1,0,2,2,2,1,0,0,0,0,1,1,0,1,0,0,2,1,0,1,1,0,0,0,0,0,0,1,1,1,0,0,1,0,1,0,0,1,1,1,0,0,0,0,0,2,0,1,1,0,1,0,1,0,0,1,1,0,1,0,1,0,0,2,0,0,1,0,0,1,0,1,1,2,0,0,0,0,0,0,1,1,0,0,0,0,1,1,1,0,0,1,1,0,2,0,0,0,1,1,2,1,1,0,2,0,1,2,0,0,0,1,1,1,1,0,0,0,0,1,2,1,0,1,1,2,0,0,0,1,0,0,0,0,0,2,0,0,0,1,0,0,2,0,0,0,0,0,1,1,0,0,0,0,1,1,1,1,0,0,1,0,2,1,2,1,0,0,1,1,1,0,0,0,1,1,0,2,0,0,0,0,0,0,1,0,0,2,0,0,0,0,1,0,0,1,2,0,0,0,0,0,0,1,1,1,0,0,1,0,1,1,0,1,1,0,0,1,1,0,0,0,1,0,0,0,1,1,0,0,1,1,0,1,1,0,1,1,1,0,2,0,0,1,0,0,0,0,1,0,0,1,0,0,0,0,0,1,0,1,0,1,1,1,0,0,0,0,0,0,0,0,0,0,0,1,0,0,1,2,0,1,0,0,0,2,1,0,1,1,0,0,0,1,0,0,0,1,1,0,0,0,2,1,1,0,0,0,0,0,1,1,1,0,0,0,2,1,1,2,0,0,0,0,0,0,1,0,0
L198,1,2,0,0,0,0,2,0,0,0,0,1,2,0,0,0,1,1,0,0,1,1,0,0,0,0,1,0,0,0,0,0,0,1,1,0,0,1,0,2,1,0,1,0,2,0,0,1,1,0,0,1,0,0,0,1,2,1,1,1,1,0,1,0,0,0,0,0,2,0,0,1,0,0,0,0,0,0,1,1,0,0,1,1,0,0,1,1,0,0,0,0,2,1,0,0,1,0,0,0,0,1,0,2,2,0,1,1,1,1,0,2,2,0,1,1,2,1,2,1,0,0,0,0,1,0,0,1,1,0,0,1,1,2,1,1,1,0,0,1,1,0,1,1,0,0,1,1,0,0,2,1,2,1,1,1,0,0,2,0,0,1,1,2,0,2,2,1,1,0,0,1,0,2,1,1,1,0,2,1,2,0,1,0,0,0,1,0,0,1,0,1,1,0,0,0,0,1,2,2,0,2,0,1,2,1,0,2,1,0,2,0,2,0,0,1,2,1,0,0,1,0,0,0,1,1,0,1,1,0,0,0,0,0,1,2,0,1,1,1,1,1,2,2,1,0,0,0,0,0,0,1,2,1,1,1,1,1,0,1,2,0,1,0,2,1,1,1,0,0,1,0,0,2,0,0,0,0,0,1,0,0,1,0,2,1,1,1,1,0,1,1,0,0,2,1,0,0,0,1,0,0,1,1,1,0,1,2,1,0,2,0,0,0,0,0,0,0,1,0,0,1,0,0,0,0,1,1,0,1,1,0,0,1,1,0,1,0,1,1,1,1,0,0,2,0,0,1,0,0,1,1,1,0,1,0,1,1,0,1,1,0,0,1,1,0,0,1,0,0,0,0,1,0,0,0,1,0,0,0,0,0,0,0,0,0,2,0,2,2,1,0,0,0,0,0,0,2,0,1,1,1,1,0,1,0,1,0,0,0,0,0,0,0,0,0,0,1,0,2,0,0,0,0,0,1,1,1,1,0,1,0,1,1,1,0,0,1,1,0,0,1,0,0,0,1,1,1,1,2,0,0,1,0,1,1,0,1,1,1,1,0,1,2,1,0,1,0,0,0,0,0,0,0,0,0,0,1,2,0,1,0,1,2,0,0,0,0,1,2,2,0,0,0,1,1,1,0,0,0
L199,2,1,1,1,0,1,1,1,1,1,1,1,2,2,0,0,1,0,0,0,0,0,0,0,1,0,0,0,1,0,1,0,1,0,0,1,1,1,0,1,0,1,1,0,1,1,0,0,0,0,1,0,1,1,0,1,2,1,0,0,0,1,1,0,1,0,1,0,1,1,2,1,0,0,0,1,0,2,1,0,0,0,1,2,0,1,1,0,1,0,2,0,1,0,1,0,1,0,1,0,0,0,0,0,1,1,1,1,0,1,0,0,0,1,0,1,2,0,0,1,1,1,0,1,1,0,1,0,2,0,1,1,0,1,0,0,0,2,2,0,0,1,1,2,0,0,1,1,0,0,0,2,1,1,2,0,0,1,2,1,0,2,0,2,1,0,0,1,0,0,0,1,0,0,1,0,1,2,0,1,1,0,2,0,0,0,0,0,0,1,1,1,0,1,1,0,1,0,0,1,1,0,1,0,0,1,0,0,1,0,0,0,0,0,0,0,0,0,0,0,0,1,0,1,2,0,1,2,1,0,0,1,0,0,0,1,0,0,0,2,0,0,0,1,0,1,1,1,0,0,0,0,1,1,1,0,1,2,0,0,1,0,1,1,0,2,0,2,0,0,0,0,0,0,0,1,0,1,0,0,0,0,0,0,2,1,0,0,0,0,0,1,0,2,0,1,0,0,0,1,0,0,1,1,0,1,0,2,0,2,1,2,2,0,1,0,0,0,1,0,0,0,0,0,1,1,1,0,1,2,0,1,0,1,1,0,2,0,1,2,1,0,0,0,0,1,1,0,2,1,0,2,1,1,1,2,0,0,1,1,2,1,0,1,2,0,2,2,1,0,0,0,1,0,0,0,1,0,0,0,0,1,0,0,0,0,0,0,1,1,2,0,0,0,0,1,0,2,0,1,0,1,1,0,2,1,0,1,0,0,0,2,1,0,1,0,0,1,0,1,1,0,0,1,0,0,0,0,0,0,1,0,2,1,1,1,0,0,1,0,1,1,0,0,0,1,2,1,1,1,2,0,0,0,2,0,0,0,0,0,1,0,0,0,0,2,1,0,0,0,0,0,0,1,0,1,1,0,1,0,2,1,1,1,0,1,0,0,2,0,0,0,0,1,1,1,1,2,0,2
L200,0,0,2,1,1,1,1,0,1,2,1,0,0,1,1,2,2,2,0,0,0,0,0,0,1,0,2,0,0,0,1,2,1,0,1,1,1,1,0,1,0,0,0,0,1,1,0,2,0,1,0,1,1,0,0,2,1,1,0,1,0,0,0,0,1,0,0,1,0,0,0,1,1,1,0,2,0,0,2,2,2,0,1,2,0,1,2,0,0,1,0,0,1,1,0,1,0,1,0,1,1,1,0,0,1,1,1,1,1,1,0,2,2,0,1,0,2,0,0,2,0,2,0,0,0,0,0,1,0,0,1,1,0,1,0,1,1,1,1,2,1,1,0,1,0,1,0,1,0,0,0,0,0,1,1,0,1,2,1,1,0,2,0,1,0,1,0,1,0,1,1,1,1,0,0,1,2,1,0,0,1,1,1,1,0,1,1,0,0,1,0,2,0,0,0,0,1,0,1,0,0,0,0,1,2,1,0,1,1,0,1,0,1,0,2,1,0,0,0,0,0,0,0,1,0,2,1,2,1,1,0,0,0,0,1,0,0,1,0,0,1,1,1,1,0,1,0,1,0,0,0,1,1,0,1,0,1,1,0,0,0,0,1,1,1,1,1,1,0,1,0,1,0,2,0,0,0,1,1,1,0,0,1,1,1,0,1,0,0,1,0,1,0,2,0,1,1,0,0,1,1,0,1,0,0,1,1,2,0,0,2,0,0,0,0,0,1,0,2,1,1,1,0,0,1,2,1,1,1,1,0,2,0,1,0,0,1,0,0,0,1,1,0,0,1,1,0,0,1,0,0,2,1,0,1,1,0,1,2,0,1,1,0,1,1,0,1,1,0,0,0,0,1,1,0,1,0,0,0,0,0,1,0,0,0,0,0,0,1,1,1,0,0,1,0,0,0,0,0,1,1,1,0,0,1,1,2,0,1,0,0,1,0,1,1,0,0,2,0,1,0,0,0,0,0,2,0,0,0,0,0,1,1,0,0,0,0,0,0,0,0,1,0,0,0,0,1,0,0,2,1,1,1,1,0,0,1,0,0,1,0,1,0,0,0,1,1,0,1,0,1,2,0,0,0,2,0,1,0,1,0,0,2,0,0,1,1,2,1,2,1,1,0,0,0,0,0,0,0,0
